Order_ID,Order_Date,Month,Month_Name,Week,Store,City,Category,Product,Quantity,Price,Discount,Sales,Profit,Payment_Mode
ORD00000,2023-11-24,11,November,47,DMart-Thane-3,Thane,Groceries,Oil,3,399,0.07,1113.21,161.02,Cash
ORD00001,2023-12-13,12,December,50,DMart-Pune-1,Pune,Groceries,Tissue,4,322,0.01,1275.12,135.11,UPI
ORD00002,2023-09-16,9,September,37,DMart-Thane-1,Thane,Household,Rice,5,121,0.13,526.35,75.84,Card
ORD00003,2023-01-04,1,January,1,DMart-Nashik-1,Nashik,Personal Care,Bread,3,194,0.04,558.72,79.93,Card
ORD00004,2023-02-22,2,February,8,DMart-Pune-2,Pune,Personal Care,Sugar,3,69,0.27,151.11,25.51,Cash
ORD00005,2023-08-24,8,August,34,DMart-Nashik-2,Nashik,Groceries,Tissue,4,492,0.02,1928.64,405.8,Card
ORD00006,2023-10-23,10,October,43,DMart-Mumbai-2,Mumbai,Groceries,Eggs,2,43,0.24,65.36,10.32,UPI
ORD00007,2023-02-21,2,February,8,DMart-Pune-1,Pune,Beverages,Water,3,252,0.05,718.2,124.99,Card
ORD00008,2023-12-26,12,December,52,DMart-Mumbai-3,Mumbai,Household,Sugar,2,345,0.17,572.7,140.78,Wallet
ORD00009,2023-07-14,7,July,28,DMart-Mumbai-1,Mumbai,Household,Shampoo,3,132,0.26,293.04,74.33,UPI
ORD00010,2023-01-17,1,January,3,DMart-Thane-1,Thane,Personal Care,Chips,1,157,0.06,147.58,41.71,Card
ORD00011,2023-04-19,4,April,16,DMart-Pune-1,Pune,Personal Care,Coffee,4,472,0.04,1812.48,277.27,Card
ORD00012,2023-10-27,10,October,43,DMart-Mumbai-3,Mumbai,Household,Juice,3,224,0.07,624.96,187.15,Wallet
ORD00013,2023-02-16,2,February,7,DMart-Thane-1,Thane,Groceries,Wheat,2,98,0.25,147.0,34.71,Cash
ORD00014,2023-07-17,7,July,29,DMart-Nashik-2,Nashik,Household,Water,5,259,0.08,1191.4,350.53,Cash
ORD00015,2023-12-15,12,December,50,DMart-Mumbai-2,Mumbai,Household,Oil,3,404,0.24,921.12,210.19,Card
ORD00016,2023-08-11,8,August,32,DMart-Nagpur-3,Nagpur,Personal Care,Bread,3,21,0.16,52.92,13.36,Cash
ORD00017,2023-11-17,11,November,46,DMart-Mumbai-3,Mumbai,Household,Toothpaste,2,331,0.04,635.52,111.08,Cash
ORD00018,2023-11-03,11,November,44,DMart-Nashik-2,Nashik,Personal Care,Chips,1,29,0.29,20.59,3.55,Card
ORD00019,2023-05-03,5,May,18,DMart-Thane-3,Thane,Dairy,Wheat,5,469,0.3,1641.5,190.01,Wallet
ORD00020,2023-02-05,2,February,5,DMart-Pune-2,Pune,Dairy,Tissue,4,85,0.3,238.0,49.97,Wallet
ORD00021,2023-04-19,4,April,16,DMart-Thane-2,Thane,Dairy,Tissue,3,385,0.12,1016.4,303.93,Card
ORD00022,2023-08-13,8,August,32,DMart-Mumbai-1,Mumbai,Personal Care,Detergent,2,81,0.07,150.66,17.0,UPI
ORD00023,2023-10-29,10,October,43,DMart-Mumbai-1,Mumbai,Groceries,Soap,1,56,0.07,52.08,5.91,Card
ORD00024,2023-02-06,2,February,6,DMart-Thane-3,Thane,Dairy,Detergent,4,162,0.06,609.12,126.6,Wallet
ORD00025,2023-05-05,5,May,18,DMart-Pune-3,Pune,Personal Care,Coffee,1,117,0.03,113.49,26.31,Wallet
ORD00026,2023-07-30,7,July,30,DMart-Pune-3,Pune,Groceries,Tea,1,364,0.01,360.36,65.05,Cash
ORD00027,2023-05-08,5,May,19,DMart-Pune-2,Pune,Dairy,Eggs,4,294,0.04,1128.96,208.15,Wallet
ORD00028,2023-05-08,5,May,19,DMart-Nagpur-3,Nagpur,Personal Care,Sugar,5,433,0.03,2100.05,231.25,Cash
ORD00029,2023-02-17,2,February,7,DMart-Nagpur-1,Nagpur,Dairy,Soap,4,228,0.15,775.2,110.66,Cash
ORD00030,2023-03-26,3,March,12,DMart-Nagpur-2,Nagpur,Groceries,Water,3,219,0.29,466.47,119.8,Card
ORD00031,2023-08-05,8,August,31,DMart-Mumbai-1,Mumbai,Personal Care,Tissue,2,99,0.09,180.18,25.86,Cash
ORD00032,2023-06-10,6,June,23,DMart-Nagpur-3,Nagpur,Groceries,Wheat,4,319,0.16,1071.84,304.27,UPI
ORD00033,2023-01-30,1,January,5,DMart-Thane-2,Thane,Groceries,Detergent,2,455,0.02,891.8,195.31,UPI
ORD00034,2023-07-26,7,July,30,DMart-Mumbai-2,Mumbai,Household,Oil,5,146,0.19,591.3,63.83,Wallet
ORD00035,2023-12-03,12,December,48,DMart-Pune-3,Pune,Beverages,Detergent,3,498,0.06,1404.36,328.54,UPI
ORD00036,2023-05-16,5,May,20,DMart-Nashik-1,Nashik,Dairy,Water,3,363,0.14,936.54,152.88,Cash
ORD00037,2023-01-05,1,January,1,DMart-Nagpur-3,Nagpur,Household,Tea,1,308,0.02,301.84,62.64,Card
ORD00038,2023-03-09,3,March,10,DMart-Nagpur-2,Nagpur,Groceries,Biscuits,2,470,0.11,836.6,131.34,Card
ORD00039,2023-11-10,11,November,45,DMart-Mumbai-2,Mumbai,Groceries,Detergent,5,361,0.09,1642.55,470.35,UPI
ORD00040,2023-05-16,5,May,20,DMart-Thane-1,Thane,Groceries,Oil,5,400,0.04,1920.0,296.58,UPI
ORD00041,2023-06-25,6,June,25,DMart-Nashik-2,Nashik,Beverages,Eggs,4,278,0.08,1023.04,287.54,Cash
ORD00042,2023-02-17,2,February,7,DMart-Thane-2,Thane,Beverages,Juice,1,42,0.1,37.8,9.61,Card
ORD00043,2023-03-24,3,March,12,DMart-Mumbai-2,Mumbai,Household,Tea,4,381,0.17,1264.92,128.94,UPI
ORD00044,2023-10-07,10,October,40,DMart-Mumbai-1,Mumbai,Beverages,Wheat,5,318,0.04,1526.4,283.85,Card
ORD00045,2023-07-06,7,July,27,DMart-Nashik-1,Nashik,Beverages,Wheat,2,127,0.21,200.66,24.19,Wallet
ORD00046,2023-11-14,11,November,46,DMart-Nashik-3,Nashik,Dairy,Milk,2,462,0.25,693.0,181.67,Wallet
ORD00047,2023-01-13,1,January,2,DMart-Thane-3,Thane,Beverages,Bread,4,420,0.25,1260.0,294.82,UPI
ORD00048,2023-05-17,5,May,20,DMart-Pune-1,Pune,Groceries,Bread,1,215,0.27,156.95,30.47,Wallet
ORD00049,2023-06-29,6,June,26,DMart-Pune-3,Pune,Dairy,Toothpaste,1,134,0.21,105.86,14.67,Card
ORD00050,2023-02-05,2,February,5,DMart-Nashik-2,Nashik,Beverages,Shampoo,5,348,0.12,1531.2,361.22,Card
ORD00051,2023-01-15,1,January,2,DMart-Mumbai-1,Mumbai,Beverages,Oil,5,111,0.3,388.5,115.27,Cash
ORD00052,2023-11-02,11,November,44,DMart-Nagpur-3,Nagpur,Beverages,Juice,3,393,0.13,1025.73,226.93,Cash
ORD00053,2023-07-17,7,July,29,DMart-Nashik-1,Nashik,Beverages,Eggs,4,42,0.0,168.0,34.27,UPI
ORD00054,2023-07-06,7,July,27,DMart-Nashik-2,Nashik,Groceries,Juice,3,360,0.19,874.8,142.4,Cash
ORD00055,2023-06-03,6,June,22,DMart-Pune-2,Pune,Beverages,Detergent,4,361,0.1,1299.6,234.55,UPI
ORD00056,2023-04-09,4,April,14,DMart-Nagpur-1,Nagpur,Personal Care,Juice,2,366,0.19,592.92,126.78,Cash
ORD00057,2023-06-05,6,June,23,DMart-Nagpur-2,Nagpur,Dairy,Toothpaste,5,240,0.19,972.0,224.47,Wallet
ORD00058,2023-08-15,8,August,33,DMart-Nagpur-3,Nagpur,Household,Eggs,2,262,0.21,413.96,48.42,Card
ORD00059,2023-02-17,2,February,7,DMart-Pune-1,Pune,Beverages,Soap,2,135,0.04,259.2,27.19,Wallet
ORD00060,2023-11-09,11,November,45,DMart-Nagpur-1,Nagpur,Personal Care,Sugar,5,232,0.06,1090.4,265.7,Wallet
ORD00061,2023-07-24,7,July,30,DMart-Nashik-1,Nashik,Dairy,Soap,1,355,0.28,255.6,63.95,Cash
ORD00062,2023-08-06,8,August,31,DMart-Pune-1,Pune,Dairy,Soap,5,431,0.14,1853.3,203.94,Cash
ORD00063,2023-08-22,8,August,34,DMart-Nashik-1,Nashik,Personal Care,Milk,5,361,0.17,1498.15,328.23,Wallet
ORD00064,2023-11-10,11,November,45,DMart-Thane-3,Thane,Personal Care,Detergent,5,445,0.14,1913.5,534.71,Wallet
ORD00065,2023-08-19,8,August,33,DMart-Nagpur-2,Nagpur,Dairy,Shampoo,3,450,0.24,1026.0,262.18,UPI
ORD00066,2023-05-21,5,May,20,DMart-Pune-3,Pune,Groceries,Tea,3,385,0.07,1074.15,165.79,Cash
ORD00067,2023-03-12,3,March,10,DMart-Nagpur-1,Nagpur,Dairy,Milk,2,216,0.22,336.96,48.11,Wallet
ORD00068,2023-06-19,6,June,25,DMart-Nagpur-1,Nagpur,Personal Care,Tissue,1,232,0.06,218.08,58.14,Cash
ORD00069,2023-10-22,10,October,42,DMart-Nashik-2,Nashik,Personal Care,Water,3,23,0.09,62.79,15.74,Wallet
ORD00070,2023-10-03,10,October,40,DMart-Nagpur-1,Nagpur,Household,Tissue,2,479,0.15,814.3,117.17,Wallet
ORD00071,2023-01-15,1,January,2,DMart-Nagpur-2,Nagpur,Beverages,Water,4,362,0.23,1114.96,148.3,UPI
ORD00072,2023-11-15,11,November,46,DMart-Mumbai-1,Mumbai,Groceries,Tissue,4,484,0.18,1587.52,337.95,Cash
ORD00073,2023-11-26,11,November,47,DMart-Nagpur-1,Nagpur,Dairy,Juice,4,463,0.05,1759.4,193.63,Card
ORD00074,2023-04-19,4,April,16,DMart-Nashik-2,Nashik,Beverages,Tea,4,192,0.08,706.56,176.92,Wallet
ORD00075,2023-05-10,5,May,19,DMart-Pune-3,Pune,Personal Care,Sugar,5,29,0.01,143.55,43.06,UPI
ORD00076,2023-11-29,11,November,48,DMart-Nashik-2,Nashik,Groceries,Sugar,1,406,0.3,284.2,42.48,Cash
ORD00077,2023-11-15,11,November,46,DMart-Pune-1,Pune,Dairy,Milk,4,84,0.21,265.44,32.62,Wallet
ORD00078,2023-12-25,12,December,52,DMart-Thane-3,Thane,Beverages,Shampoo,5,105,0.19,425.25,124.49,Cash
ORD00079,2023-03-25,3,March,12,DMart-Thane-2,Thane,Groceries,Toothpaste,1,316,0.29,224.36,36.43,Wallet
ORD00080,2023-07-23,7,July,29,DMart-Pune-2,Pune,Groceries,Eggs,2,323,0.03,626.62,150.04,Cash
ORD00081,2023-10-17,10,October,42,DMart-Nagpur-3,Nagpur,Beverages,Wheat,4,292,0.21,922.72,160.66,Card
ORD00082,2023-01-07,1,January,1,DMart-Nashik-3,Nashik,Personal Care,Juice,4,74,0.3,207.2,35.73,Wallet
ORD00083,2023-12-29,12,December,52,DMart-Thane-1,Thane,Personal Care,Milk,5,110,0.3,385.0,88.59,Wallet
ORD00084,2023-08-27,8,August,34,DMart-Nashik-3,Nashik,Household,Juice,3,157,0.27,343.83,51.26,Cash
ORD00085,2023-05-23,5,May,21,DMart-Nagpur-1,Nagpur,Dairy,Tea,4,404,0.18,1325.12,294.26,Card
ORD00086,2023-01-15,1,January,2,DMart-Pune-2,Pune,Beverages,Coffee,4,113,0.06,424.88,72.64,Card
ORD00087,2023-05-24,5,May,21,DMart-Pune-1,Pune,Household,Shampoo,5,25,0.3,87.5,12.09,Wallet
ORD00088,2023-09-08,9,September,36,DMart-Nagpur-2,Nagpur,Dairy,Tissue,4,373,0.2,1193.6,289.29,Cash
ORD00089,2023-02-17,2,February,7,DMart-Pune-3,Pune,Dairy,Toothpaste,2,227,0.09,413.14,96.18,Wallet
ORD00090,2023-10-11,10,October,41,DMart-Nagpur-2,Nagpur,Beverages,Detergent,5,237,0.1,1066.5,181.69,Card
ORD00091,2023-06-06,6,June,23,DMart-Nagpur-3,Nagpur,Dairy,Shampoo,2,81,0.1,145.8,18.07,UPI
ORD00092,2023-04-09,4,April,14,DMart-Pune-2,Pune,Personal Care,Eggs,5,161,0.24,611.8,125.37,Cash
ORD00093,2023-04-10,4,April,15,DMart-Nagpur-3,Nagpur,Dairy,Toothpaste,2,204,0.09,371.28,38.18,UPI
ORD00094,2023-05-21,5,May,20,DMart-Thane-2,Thane,Groceries,Wheat,3,303,0.22,709.02,204.78,Wallet
ORD00095,2023-02-22,2,February,8,DMart-Mumbai-3,Mumbai,Household,Rice,4,165,0.15,561.0,105.52,Cash
ORD00096,2023-05-10,5,May,19,DMart-Thane-1,Thane,Groceries,Coffee,1,440,0.12,387.2,76.8,Cash
ORD00097,2023-03-19,3,March,11,DMart-Nashik-1,Nashik,Household,Milk,1,175,0.07,162.75,20.13,Wallet
ORD00098,2023-11-07,11,November,45,DMart-Nashik-2,Nashik,Household,Soap,4,214,0.29,607.76,114.59,Wallet
ORD00099,2023-06-06,6,June,23,DMart-Thane-2,Thane,Household,Wheat,1,398,0.3,278.6,70.36,UPI
ORD00100,2023-05-16,5,May,20,DMart-Mumbai-1,Mumbai,Dairy,Sugar,2,142,0.17,235.72,27.11,Wallet
ORD00101,2023-08-19,8,August,33,DMart-Thane-3,Thane,Beverages,Coffee,2,36,0.09,65.52,15.82,Wallet
ORD00102,2023-02-06,2,February,6,DMart-Pune-1,Pune,Beverages,Soap,5,423,0.21,1670.85,435.73,Wallet
ORD00103,2023-02-28,2,February,9,DMart-Mumbai-3,Mumbai,Dairy,Tissue,2,351,0.29,498.42,76.32,Cash
ORD00104,2023-01-31,1,January,5,DMart-Mumbai-2,Mumbai,Beverages,Bread,5,324,0.29,1150.2,181.41,Wallet
ORD00105,2023-12-19,12,December,51,DMart-Mumbai-2,Mumbai,Personal Care,Toothpaste,5,159,0.17,659.85,131.15,Cash
ORD00106,2023-08-10,8,August,32,DMart-Thane-2,Thane,Household,Chips,1,148,0.02,145.04,21.14,Cash
ORD00107,2023-12-11,12,December,50,DMart-Nagpur-2,Nagpur,Household,Shampoo,2,40,0.15,68.0,13.86,Card
ORD00108,2023-04-03,4,April,14,DMart-Pune-3,Pune,Personal Care,Juice,4,66,0.11,234.96,42.69,Cash
ORD00109,2023-03-24,3,March,12,DMart-Nagpur-1,Nagpur,Personal Care,Chips,4,375,0.09,1365.0,317.39,Cash
ORD00110,2023-08-21,8,August,34,DMart-Nagpur-1,Nagpur,Beverages,Sugar,3,149,0.03,433.59,127.49,Cash
ORD00111,2023-12-03,12,December,48,DMart-Thane-1,Thane,Personal Care,Tissue,1,231,0.06,217.14,44.23,Wallet
ORD00112,2023-11-17,11,November,46,DMart-Pune-2,Pune,Groceries,Tea,3,124,0.17,308.76,38.97,Wallet
ORD00113,2023-12-24,12,December,51,DMart-Mumbai-3,Mumbai,Groceries,Coffee,5,34,0.25,127.5,18.85,Card
ORD00114,2023-10-10,10,October,41,DMart-Nashik-3,Nashik,Household,Rice,1,228,0.07,212.04,63.28,Cash
ORD00115,2023-08-25,8,August,34,DMart-Nagpur-1,Nagpur,Dairy,Oil,3,275,0.16,693.0,167.07,Wallet
ORD00116,2023-08-30,8,August,35,DMart-Thane-1,Thane,Personal Care,Soap,2,302,0.12,531.52,73.41,UPI
ORD00117,2023-02-05,2,February,5,DMart-Pune-2,Pune,Personal Care,Shampoo,5,194,0.08,892.4,235.69,Card
ORD00118,2023-10-28,10,October,43,DMart-Nagpur-3,Nagpur,Dairy,Coffee,5,248,0.15,1054.0,178.15,Wallet
ORD00119,2023-08-22,8,August,34,DMart-Nashik-2,Nashik,Dairy,Chips,2,377,0.18,618.28,109.18,Wallet
ORD00120,2023-01-23,1,January,4,DMart-Nashik-1,Nashik,Personal Care,Chips,4,381,0.12,1341.12,399.23,UPI
ORD00121,2023-09-11,9,September,37,DMart-Nashik-2,Nashik,Dairy,Wheat,5,277,0.1,1246.5,341.47,Wallet
ORD00122,2023-02-21,2,February,8,DMart-Mumbai-3,Mumbai,Personal Care,Detergent,2,27,0.13,46.98,12.88,Cash
ORD00123,2023-08-29,8,August,35,DMart-Pune-3,Pune,Beverages,Shampoo,4,339,0.2,1084.8,125.91,Wallet
ORD00124,2023-06-12,6,June,24,DMart-Thane-2,Thane,Household,Coffee,5,38,0.02,186.2,27.36,Card
ORD00125,2023-04-27,4,April,17,DMart-Pune-2,Pune,Personal Care,Sugar,1,70,0.14,60.2,8.02,Cash
ORD00126,2023-01-24,1,January,4,DMart-Pune-1,Pune,Groceries,Chips,3,170,0.11,453.9,84.49,Wallet
ORD00127,2023-10-17,10,October,42,DMart-Thane-1,Thane,Dairy,Bread,1,109,0.19,88.29,24.21,UPI
ORD00128,2023-09-12,9,September,37,DMart-Mumbai-1,Mumbai,Dairy,Milk,3,256,0.14,660.48,99.78,Wallet
ORD00129,2023-05-28,5,May,21,DMart-Thane-1,Thane,Dairy,Tissue,4,57,0.3,159.6,26.99,Card
ORD00130,2023-11-24,11,November,47,DMart-Nashik-2,Nashik,Beverages,Juice,3,253,0.06,713.46,213.95,Wallet
ORD00131,2023-02-24,2,February,8,DMart-Thane-3,Thane,Personal Care,Soap,3,312,0.18,767.52,122.17,Card
ORD00132,2023-01-12,1,January,2,DMart-Thane-3,Thane,Beverages,Water,5,24,0.27,87.6,20.78,Cash
ORD00133,2023-11-07,11,November,45,DMart-Pune-1,Pune,Beverages,Coffee,2,417,0.19,675.54,175.9,UPI
ORD00134,2023-11-14,11,November,46,DMart-Mumbai-1,Mumbai,Dairy,Shampoo,1,341,0.28,245.52,55.36,Card
ORD00135,2023-08-14,8,August,33,DMart-Pune-3,Pune,Household,Wheat,2,206,0.02,403.76,113.83,Wallet
ORD00136,2023-03-31,3,March,13,DMart-Nagpur-3,Nagpur,Dairy,Eggs,5,422,0.28,1519.2,447.1,Card
ORD00137,2023-03-26,3,March,12,DMart-Nashik-1,Nashik,Personal Care,Shampoo,3,432,0.23,997.92,273.51,Cash
ORD00138,2023-08-28,8,August,35,DMart-Thane-2,Thane,Dairy,Sugar,2,406,0.27,592.76,139.46,Wallet
ORD00139,2023-10-13,10,October,41,DMart-Mumbai-2,Mumbai,Groceries,Biscuits,4,424,0.0,1696.0,259.3,Wallet
ORD00140,2023-07-08,7,July,27,DMart-Nagpur-2,Nagpur,Household,Shampoo,3,215,0.03,625.65,147.01,Cash
ORD00141,2023-11-14,11,November,46,DMart-Thane-2,Thane,Beverages,Tissue,5,488,0.07,2269.2,520.85,Wallet
ORD00142,2023-12-25,12,December,52,DMart-Pune-2,Pune,Personal Care,Toothpaste,2,79,0.01,156.42,45.24,Wallet
ORD00143,2023-03-01,3,March,9,DMart-Pune-3,Pune,Dairy,Oil,5,474,0.04,2275.2,404.37,Wallet
ORD00144,2023-10-28,10,October,43,DMart-Nagpur-1,Nagpur,Personal Care,Milk,1,355,0.26,262.7,51.98,Card
ORD00145,2023-01-17,1,January,3,DMart-Pune-3,Pune,Dairy,Biscuits,4,247,0.3,691.6,101.82,Cash
ORD00146,2023-12-18,12,December,51,DMart-Pune-1,Pune,Household,Biscuits,3,481,0.01,1428.57,256.61,Cash
ORD00147,2023-08-21,8,August,34,DMart-Pune-3,Pune,Dairy,Sugar,5,348,0.0,1740.0,191.6,UPI
ORD00148,2023-03-06,3,March,10,DMart-Nashik-2,Nashik,Groceries,Eggs,5,444,0.06,2086.8,453.41,UPI
ORD00149,2023-06-18,6,June,24,DMart-Mumbai-3,Mumbai,Household,Milk,3,21,0.27,45.99,13.65,Card
ORD00150,2023-03-31,3,March,13,DMart-Pune-1,Pune,Groceries,Oil,1,87,0.11,77.43,19.98,Card
ORD00151,2023-01-09,1,January,2,DMart-Mumbai-2,Mumbai,Beverages,Bread,2,46,0.23,70.84,13.05,Cash
ORD00152,2023-09-01,9,September,35,DMart-Pune-1,Pune,Beverages,Tea,5,282,0.03,1367.7,260.41,Cash
ORD00153,2023-12-04,12,December,49,DMart-Nashik-2,Nashik,Beverages,Detergent,1,254,0.01,251.46,75.37,Wallet
ORD00154,2023-08-07,8,August,32,DMart-Pune-3,Pune,Personal Care,Oil,4,384,0.02,1505.28,421.26,UPI
ORD00155,2023-02-03,2,February,5,DMart-Nagpur-1,Nagpur,Beverages,Milk,5,339,0.17,1406.85,341.06,Card
ORD00156,2023-08-21,8,August,34,DMart-Nashik-2,Nashik,Household,Detergent,1,240,0.25,180.0,43.26,UPI
ORD00157,2023-08-09,8,August,32,DMart-Nagpur-1,Nagpur,Dairy,Tea,3,231,0.26,512.82,97.79,Cash
ORD00158,2023-06-10,6,June,23,DMart-Thane-2,Thane,Beverages,Juice,3,360,0.11,961.2,279.44,Wallet
ORD00159,2023-02-04,2,February,5,DMart-Pune-3,Pune,Groceries,Sugar,4,67,0.03,259.96,64.71,UPI
ORD00160,2023-10-12,10,October,41,DMart-Nagpur-1,Nagpur,Household,Wheat,5,307,0.1,1381.5,323.27,Card
ORD00161,2023-12-07,12,December,49,DMart-Thane-1,Thane,Groceries,Juice,5,167,0.09,759.85,129.42,UPI
ORD00162,2023-03-21,3,March,12,DMart-Pune-3,Pune,Dairy,Coffee,1,453,0.11,403.17,108.48,Cash
ORD00163,2023-05-23,5,May,21,DMart-Thane-1,Thane,Personal Care,Soap,5,452,0.24,1717.6,452.91,Cash
ORD00164,2023-11-08,11,November,45,DMart-Nashik-3,Nashik,Groceries,Shampoo,3,112,0.22,262.08,66.17,Card
ORD00165,2023-06-29,6,June,26,DMart-Mumbai-2,Mumbai,Dairy,Rice,2,465,0.18,762.6,176.52,UPI
ORD00166,2023-11-21,11,November,47,DMart-Nagpur-2,Nagpur,Groceries,Rice,5,402,0.06,1889.4,331.1,Card
ORD00167,2023-03-22,3,March,12,DMart-Thane-1,Thane,Beverages,Biscuits,3,389,0.24,886.92,255.68,Cash
ORD00168,2023-01-27,1,January,4,DMart-Pune-2,Pune,Dairy,Milk,5,406,0.01,2009.7,471.86,Wallet
ORD00169,2023-12-05,12,December,49,DMart-Nashik-1,Nashik,Personal Care,Juice,4,330,0.13,1148.4,177.58,Cash
ORD00170,2023-06-26,6,June,26,DMart-Pune-2,Pune,Groceries,Juice,5,165,0.15,701.25,144.03,Cash
ORD00171,2023-04-23,4,April,16,DMart-Pune-1,Pune,Household,Water,1,48,0.06,45.12,7.23,UPI
ORD00172,2023-05-11,5,May,19,DMart-Mumbai-3,Mumbai,Beverages,Toothpaste,1,81,0.15,68.85,17.17,UPI
ORD00173,2023-07-14,7,July,28,DMart-Pune-3,Pune,Dairy,Tissue,5,276,0.26,1021.2,238.56,Cash
ORD00174,2023-07-23,7,July,29,DMart-Pune-3,Pune,Personal Care,Wheat,4,29,0.29,82.36,9.52,Wallet
ORD00175,2023-10-21,10,October,42,DMart-Pune-3,Pune,Personal Care,Water,1,168,0.12,147.84,15.4,UPI
ORD00176,2023-11-13,11,November,46,DMart-Nagpur-1,Nagpur,Beverages,Tea,4,65,0.27,189.8,23.0,Wallet
ORD00177,2023-09-26,9,September,39,DMart-Pune-3,Pune,Personal Care,Sugar,3,465,0.23,1074.15,180.35,UPI
ORD00178,2023-02-09,2,February,6,DMart-Pune-3,Pune,Groceries,Detergent,5,291,0.06,1367.7,384.58,Card
ORD00179,2023-11-27,11,November,48,DMart-Thane-1,Thane,Dairy,Milk,2,72,0.08,132.48,18.47,UPI
ORD00180,2023-12-02,12,December,48,DMart-Nashik-1,Nashik,Dairy,Sugar,4,415,0.14,1427.6,358.17,Wallet
ORD00181,2023-12-15,12,December,50,DMart-Thane-2,Thane,Beverages,Chips,4,97,0.02,380.24,73.68,Card
ORD00182,2023-05-21,5,May,20,DMart-Mumbai-1,Mumbai,Beverages,Wheat,1,279,0.09,253.89,48.84,Cash
ORD00183,2023-07-08,7,July,27,DMart-Nagpur-1,Nagpur,Groceries,Toothpaste,1,350,0.19,283.5,62.03,Wallet
ORD00184,2023-10-25,10,October,43,DMart-Thane-1,Thane,Groceries,Tissue,5,250,0.2,1000.0,137.65,Wallet
ORD00185,2023-09-14,9,September,37,DMart-Pune-3,Pune,Groceries,Milk,1,250,0.25,187.5,52.47,Cash
ORD00186,2023-09-16,9,September,37,DMart-Thane-1,Thane,Groceries,Bread,4,146,0.14,502.24,102.87,UPI
ORD00187,2023-07-06,7,July,27,DMart-Thane-1,Thane,Beverages,Biscuits,4,218,0.24,662.72,111.12,Cash
ORD00188,2023-11-20,11,November,47,DMart-Pune-2,Pune,Groceries,Chips,1,188,0.17,156.04,36.77,Card
ORD00189,2023-12-03,12,December,48,DMart-Pune-3,Pune,Beverages,Milk,5,61,0.21,240.95,30.91,Card
ORD00190,2023-12-02,12,December,48,DMart-Thane-2,Thane,Dairy,Water,1,324,0.09,294.84,62.44,Card
ORD00191,2023-03-07,3,March,10,DMart-Pune-3,Pune,Groceries,Detergent,4,350,0.16,1176.0,202.7,Card
ORD00192,2023-04-03,4,April,14,DMart-Mumbai-3,Mumbai,Beverages,Eggs,4,412,0.06,1549.12,225.1,UPI
ORD00193,2023-02-09,2,February,6,DMart-Nagpur-3,Nagpur,Groceries,Toothpaste,5,279,0.26,1032.3,255.73,Cash
ORD00194,2023-12-05,12,December,49,DMart-Mumbai-3,Mumbai,Household,Chips,5,87,0.12,382.8,50.09,UPI
ORD00195,2023-08-13,8,August,32,DMart-Nashik-1,Nashik,Personal Care,Wheat,2,206,0.14,354.32,78.7,Wallet
ORD00196,2023-04-30,4,April,17,DMart-Pune-3,Pune,Dairy,Tissue,4,178,0.28,512.64,136.89,Wallet
ORD00197,2023-08-25,8,August,34,DMart-Nashik-2,Nashik,Personal Care,Toothpaste,5,277,0.13,1204.95,353.36,UPI
ORD00198,2023-11-06,11,November,45,DMart-Nashik-3,Nashik,Beverages,Milk,4,46,0.27,134.32,23.4,Cash
ORD00199,2023-12-31,12,December,52,DMart-Nagpur-2,Nagpur,Groceries,Detergent,1,165,0.24,125.4,16.56,UPI
ORD00200,2023-08-12,8,August,32,DMart-Mumbai-1,Mumbai,Dairy,Sugar,4,438,0.28,1261.44,214.34,Wallet
ORD00201,2023-01-28,1,January,4,DMart-Pune-3,Pune,Household,Water,2,211,0.12,371.36,111.0,UPI
ORD00202,2023-01-15,1,January,2,DMart-Mumbai-1,Mumbai,Groceries,Chips,3,449,0.25,1010.25,130.53,Card
ORD00203,2023-08-30,8,August,35,DMart-Mumbai-1,Mumbai,Personal Care,Milk,5,249,0.0,1245.0,350.06,Card
ORD00204,2023-04-21,4,April,16,DMart-Nashik-1,Nashik,Household,Milk,5,392,0.16,1646.4,304.01,Card
ORD00205,2023-05-02,5,May,18,DMart-Thane-1,Thane,Groceries,Toothpaste,2,44,0.13,76.56,17.44,Wallet
ORD00206,2023-02-02,2,February,5,DMart-Thane-1,Thane,Personal Care,Oil,5,325,0.0,1625.0,367.89,UPI
ORD00207,2023-03-15,3,March,11,DMart-Nagpur-1,Nagpur,Personal Care,Toothpaste,5,20,0.11,89.0,13.18,UPI
ORD00208,2023-12-07,12,December,49,DMart-Nagpur-3,Nagpur,Household,Sugar,1,204,0.3,142.8,29.3,Cash
ORD00209,2023-07-19,7,July,29,DMart-Mumbai-1,Mumbai,Groceries,Coffee,4,345,0.11,1228.2,185.13,Card
ORD00210,2023-02-04,2,February,5,DMart-Nashik-1,Nashik,Dairy,Biscuits,1,395,0.24,300.2,64.96,Card
ORD00211,2023-03-10,3,March,10,DMart-Nashik-2,Nashik,Beverages,Wheat,3,299,0.26,663.78,151.71,Wallet
ORD00212,2023-12-23,12,December,51,DMart-Nagpur-2,Nagpur,Dairy,Coffee,2,435,0.02,852.6,207.36,Cash
ORD00213,2023-05-31,5,May,22,DMart-Nashik-3,Nashik,Groceries,Eggs,2,425,0.28,612.0,66.33,Card
ORD00214,2023-09-21,9,September,38,DMart-Pune-1,Pune,Household,Water,3,262,0.01,778.14,195.05,Card
ORD00215,2023-07-02,7,July,26,DMart-Nashik-3,Nashik,Beverages,Wheat,1,159,0.25,119.25,20.7,Wallet
ORD00216,2023-08-14,8,August,33,DMart-Nashik-3,Nashik,Beverages,Water,4,115,0.22,358.8,71.58,Card
ORD00217,2023-02-12,2,February,6,DMart-Pune-2,Pune,Groceries,Juice,5,240,0.26,888.0,120.85,Card
ORD00218,2023-02-22,2,February,8,DMart-Thane-3,Thane,Beverages,Sugar,3,358,0.09,977.34,184.9,Wallet
ORD00219,2023-03-27,3,March,13,DMart-Pune-3,Pune,Beverages,Tea,1,248,0.23,190.96,52.32,Wallet
ORD00220,2023-05-21,5,May,20,DMart-Thane-3,Thane,Groceries,Wheat,4,363,0.11,1292.28,261.84,UPI
ORD00221,2023-01-16,1,January,3,DMart-Pune-1,Pune,Household,Milk,4,367,0.01,1453.32,182.02,Card
ORD00222,2023-07-05,7,July,27,DMart-Pune-3,Pune,Household,Water,5,36,0.04,172.8,40.75,Card
ORD00223,2023-08-16,8,August,33,DMart-Thane-2,Thane,Household,Sugar,5,90,0.11,400.5,71.93,Card
ORD00224,2023-05-08,5,May,19,DMart-Nashik-3,Nashik,Groceries,Oil,2,396,0.15,673.2,137.03,Cash
ORD00225,2023-05-15,5,May,20,DMart-Nagpur-2,Nagpur,Personal Care,Shampoo,5,129,0.09,586.95,140.16,UPI
ORD00226,2023-03-04,3,March,9,DMart-Mumbai-2,Mumbai,Groceries,Milk,2,251,0.28,361.44,87.71,Card
ORD00227,2023-12-08,12,December,49,DMart-Nashik-2,Nashik,Groceries,Biscuits,5,301,0.09,1369.55,381.1,UPI
ORD00228,2023-12-31,12,December,52,DMart-Nashik-1,Nashik,Beverages,Bread,2,280,0.03,543.2,161.34,UPI
ORD00229,2023-05-02,5,May,18,DMart-Nashik-1,Nashik,Groceries,Coffee,5,204,0.18,836.4,145.35,UPI
ORD00230,2023-11-10,11,November,45,DMart-Nagpur-3,Nagpur,Groceries,Sugar,4,178,0.22,555.36,135.38,Wallet
ORD00231,2023-07-29,7,July,30,DMart-Nagpur-3,Nagpur,Dairy,Sugar,1,182,0.14,156.52,30.23,Card
ORD00232,2023-03-07,3,March,10,DMart-Nashik-2,Nashik,Household,Tissue,2,113,0.13,196.62,39.44,Cash
ORD00233,2023-03-05,3,March,9,DMart-Thane-3,Thane,Dairy,Detergent,2,175,0.05,332.5,54.71,UPI
ORD00234,2023-06-27,6,June,26,DMart-Nagpur-3,Nagpur,Beverages,Detergent,1,453,0.08,416.76,58.04,Card
ORD00235,2023-03-06,3,March,10,DMart-Thane-1,Thane,Household,Toothpaste,1,293,0.16,246.12,56.16,UPI
ORD00236,2023-03-29,3,March,13,DMart-Thane-2,Thane,Household,Chips,1,41,0.02,40.18,4.38,Card
ORD00237,2023-11-30,11,November,48,DMart-Nashik-3,Nashik,Household,Eggs,5,233,0.2,932.0,98.85,Card
ORD00238,2023-11-25,11,November,47,DMart-Thane-3,Thane,Personal Care,Toothpaste,4,145,0.09,527.8,100.66,Cash
ORD00239,2023-03-22,3,March,12,DMart-Mumbai-3,Mumbai,Personal Care,Tea,4,267,0.06,1003.92,168.7,Card
ORD00240,2023-06-13,6,June,24,DMart-Pune-3,Pune,Personal Care,Biscuits,3,86,0.16,216.72,46.02,UPI
ORD00241,2023-08-27,8,August,34,DMart-Pune-2,Pune,Beverages,Oil,2,250,0.04,480.0,57.29,Wallet
ORD00242,2023-11-12,11,November,45,DMart-Thane-1,Thane,Dairy,Juice,2,463,0.26,685.24,113.4,Card
ORD00243,2023-04-08,4,April,14,DMart-Nagpur-2,Nagpur,Personal Care,Bread,4,283,0.15,962.2,265.39,Cash
ORD00244,2023-02-16,2,February,7,DMart-Mumbai-1,Mumbai,Household,Water,2,254,0.06,477.52,103.46,Cash
ORD00245,2023-05-25,5,May,21,DMart-Nashik-2,Nashik,Household,Coffee,4,471,0.09,1714.44,355.47,Cash
ORD00246,2023-08-09,8,August,32,DMart-Mumbai-1,Mumbai,Beverages,Milk,3,392,0.24,893.76,161.46,Wallet
ORD00247,2023-01-27,1,January,4,DMart-Nagpur-3,Nagpur,Dairy,Tissue,5,205,0.09,932.75,106.99,Wallet
ORD00248,2023-10-09,10,October,41,DMart-Mumbai-2,Mumbai,Household,Shampoo,5,368,0.03,1784.8,224.41,Wallet
ORD00249,2023-07-11,7,July,28,DMart-Thane-1,Thane,Household,Chips,3,500,0.24,1140.0,146.89,Wallet
ORD00250,2023-09-14,9,September,37,DMart-Nagpur-2,Nagpur,Groceries,Wheat,2,39,0.22,60.84,10.14,Wallet
ORD00251,2023-03-18,3,March,11,DMart-Thane-1,Thane,Dairy,Detergent,5,187,0.1,841.5,111.5,Card
ORD00252,2023-10-31,10,October,44,DMart-Thane-1,Thane,Household,Chips,5,444,0.17,1842.6,364.78,Card
ORD00253,2023-09-01,9,September,35,DMart-Nashik-1,Nashik,Beverages,Rice,1,189,0.13,164.43,35.64,Cash
ORD00254,2023-11-02,11,November,44,DMart-Mumbai-1,Mumbai,Beverages,Coffee,5,355,0.18,1455.5,211.79,Wallet
ORD00255,2023-03-29,3,March,13,DMart-Pune-1,Pune,Household,Detergent,4,416,0.04,1597.44,422.25,Cash
ORD00256,2023-10-21,10,October,42,DMart-Nagpur-1,Nagpur,Dairy,Oil,4,29,0.1,104.4,19.18,UPI
ORD00257,2023-07-30,7,July,30,DMart-Thane-3,Thane,Household,Detergent,4,491,0.27,1433.72,386.64,Cash
ORD00258,2023-12-28,12,December,52,DMart-Nagpur-2,Nagpur,Household,Milk,5,126,0.1,567.0,169.89,Wallet
ORD00259,2023-06-10,6,June,23,DMart-Thane-2,Thane,Personal Care,Bread,5,487,0.1,2191.5,458.58,Card
ORD00260,2023-11-09,11,November,45,DMart-Pune-2,Pune,Dairy,Coffee,3,146,0.17,363.54,58.06,Card
ORD00261,2023-12-27,12,December,52,DMart-Nashik-3,Nashik,Personal Care,Eggs,4,182,0.11,647.92,137.42,Card
ORD00262,2023-05-28,5,May,21,DMart-Nagpur-1,Nagpur,Household,Oil,5,366,0.12,1610.4,449.55,Card
ORD00263,2023-03-16,3,March,11,DMart-Thane-2,Thane,Groceries,Toothpaste,1,167,0.11,148.63,42.33,Card
ORD00264,2023-09-03,9,September,35,DMart-Thane-3,Thane,Dairy,Eggs,5,443,0.08,2037.8,584.04,Card
ORD00265,2023-03-12,3,March,10,DMart-Thane-2,Thane,Household,Oil,5,399,0.07,1855.35,275.5,UPI
ORD00266,2023-11-23,11,November,47,DMart-Mumbai-2,Mumbai,Groceries,Soap,4,71,0.1,255.6,62.23,UPI
ORD00267,2023-01-03,1,January,1,DMart-Nashik-1,Nashik,Dairy,Tissue,4,228,0.15,775.2,178.38,Card
ORD00268,2023-06-14,6,June,24,DMart-Nagpur-3,Nagpur,Groceries,Toothpaste,1,484,0.2,387.2,83.18,Cash
ORD00269,2023-03-31,3,March,13,DMart-Nagpur-2,Nagpur,Dairy,Juice,1,498,0.26,368.52,66.11,UPI
ORD00270,2023-05-29,5,May,22,DMart-Pune-3,Pune,Groceries,Wheat,5,172,0.19,696.6,84.61,Card
ORD00271,2023-08-21,8,August,34,DMart-Pune-2,Pune,Household,Tissue,2,272,0.27,397.12,79.76,UPI
ORD00272,2023-02-27,2,February,9,DMart-Mumbai-3,Mumbai,Dairy,Chips,4,394,0.2,1260.8,190.95,Cash
ORD00273,2023-06-22,6,June,25,DMart-Thane-2,Thane,Household,Toothpaste,2,365,0.05,693.5,154.09,Wallet
ORD00274,2023-08-07,8,August,32,DMart-Mumbai-3,Mumbai,Beverages,Detergent,4,64,0.21,202.24,24.08,Wallet
ORD00275,2023-06-15,6,June,24,DMart-Pune-2,Pune,Groceries,Soap,4,153,0.07,569.16,107.77,Card
ORD00276,2023-06-04,6,June,22,DMart-Thane-2,Thane,Beverages,Rice,3,354,0.22,828.36,121.98,Cash
ORD00277,2023-08-27,8,August,34,DMart-Thane-3,Thane,Dairy,Toothpaste,5,227,0.29,805.85,224.85,Card
ORD00278,2023-12-20,12,December,51,DMart-Mumbai-3,Mumbai,Beverages,Oil,5,208,0.07,967.2,139.11,Wallet
ORD00279,2023-03-20,3,March,12,DMart-Nagpur-2,Nagpur,Household,Tea,4,211,0.22,658.32,138.15,UPI
ORD00280,2023-05-07,5,May,18,DMart-Nashik-3,Nashik,Household,Sugar,5,248,0.22,967.2,166.7,Cash
ORD00281,2023-02-01,2,February,5,DMart-Pune-3,Pune,Household,Tissue,5,123,0.17,510.45,66.34,Wallet
ORD00282,2023-03-01,3,March,9,DMart-Nashik-1,Nashik,Household,Eggs,1,270,0.28,194.4,39.28,Cash
ORD00283,2023-08-21,8,August,34,DMart-Nagpur-2,Nagpur,Household,Milk,4,232,0.18,760.96,84.88,Card
ORD00284,2023-01-12,1,January,2,DMart-Mumbai-2,Mumbai,Beverages,Water,1,438,0.23,337.26,48.42,Cash
ORD00285,2023-08-05,8,August,31,DMart-Nashik-3,Nashik,Groceries,Biscuits,1,297,0.29,210.87,58.8,Wallet
ORD00286,2023-01-17,1,January,3,DMart-Thane-3,Thane,Personal Care,Toothpaste,2,112,0.24,170.24,38.87,Wallet
ORD00287,2023-07-11,7,July,28,DMart-Thane-2,Thane,Personal Care,Water,4,465,0.12,1636.8,189.95,UPI
ORD00288,2023-12-01,12,December,48,DMart-Thane-3,Thane,Groceries,Biscuits,5,111,0.12,488.4,100.5,UPI
ORD00289,2023-01-02,1,January,1,DMart-Nashik-2,Nashik,Beverages,Rice,5,257,0.13,1117.95,230.73,UPI
ORD00290,2023-05-07,5,May,18,DMart-Thane-3,Thane,Beverages,Tea,3,99,0.06,279.18,80.26,Cash
ORD00291,2023-01-17,1,January,3,DMart-Mumbai-2,Mumbai,Household,Juice,1,412,0.07,383.16,54.11,Cash
ORD00292,2023-08-17,8,August,33,DMart-Nagpur-3,Nagpur,Dairy,Wheat,1,399,0.12,351.12,65.94,UPI
ORD00293,2023-01-29,1,January,4,DMart-Thane-1,Thane,Household,Milk,2,168,0.26,248.64,70.43,Card
ORD00294,2023-10-23,10,October,43,DMart-Nagpur-1,Nagpur,Dairy,Chips,2,174,0.21,274.92,56.15,Card
ORD00295,2023-05-21,5,May,20,DMart-Nagpur-3,Nagpur,Household,Wheat,2,322,0.2,515.2,121.46,Wallet
ORD00296,2023-01-25,1,January,4,DMart-Nagpur-1,Nagpur,Personal Care,Biscuits,5,422,0.1,1899.0,454.36,UPI
ORD00297,2023-06-03,6,June,22,DMart-Pune-1,Pune,Dairy,Water,5,406,0.15,1725.5,255.71,Card
ORD00298,2023-12-29,12,December,52,DMart-Nagpur-1,Nagpur,Personal Care,Milk,1,488,0.17,405.04,73.93,UPI
ORD00299,2023-07-18,7,July,29,DMart-Nagpur-2,Nagpur,Beverages,Soap,3,124,0.2,297.6,34.47,Card
ORD00300,2023-02-17,2,February,7,DMart-Thane-1,Thane,Dairy,Tissue,3,46,0.12,121.44,28.51,Cash
ORD00301,2023-02-07,2,February,6,DMart-Nashik-2,Nashik,Household,Eggs,5,390,0.06,1833.0,359.05,Card
ORD00302,2023-06-05,6,June,23,DMart-Thane-3,Thane,Dairy,Rice,2,499,0.3,698.6,173.46,Wallet
ORD00303,2023-05-05,5,May,18,DMart-Pune-2,Pune,Personal Care,Eggs,2,488,0.17,810.08,133.11,Wallet
ORD00304,2023-08-27,8,August,34,DMart-Nagpur-2,Nagpur,Beverages,Tissue,3,177,0.11,472.59,95.73,Wallet
ORD00305,2023-02-20,2,February,8,DMart-Mumbai-1,Mumbai,Beverages,Coffee,2,488,0.11,868.64,141.23,UPI
ORD00306,2023-03-16,3,March,11,DMart-Pune-2,Pune,Beverages,Rice,5,303,0.18,1242.3,303.12,UPI
ORD00307,2023-04-11,4,April,15,DMart-Nagpur-3,Nagpur,Dairy,Chips,5,214,0.26,791.8,118.09,Card
ORD00308,2023-05-12,5,May,19,DMart-Mumbai-3,Mumbai,Personal Care,Coffee,2,255,0.23,392.7,101.71,UPI
ORD00309,2023-10-07,10,October,40,DMart-Nagpur-3,Nagpur,Dairy,Coffee,5,489,0.2,1956.0,570.07,Cash
ORD00310,2023-02-08,2,February,6,DMart-Mumbai-2,Mumbai,Groceries,Wheat,2,231,0.26,341.88,77.31,UPI
ORD00311,2023-01-05,1,January,1,DMart-Thane-2,Thane,Household,Eggs,3,253,0.01,751.41,167.99,Wallet
ORD00312,2023-12-04,12,December,49,DMart-Mumbai-1,Mumbai,Groceries,Coffee,5,23,0.17,95.45,17.4,Card
ORD00313,2023-10-02,10,October,40,DMart-Mumbai-3,Mumbai,Groceries,Toothpaste,4,277,0.25,831.0,239.28,Cash
ORD00314,2023-02-19,2,February,7,DMart-Nashik-2,Nashik,Dairy,Detergent,2,143,0.19,231.66,47.56,Card
ORD00315,2023-05-17,5,May,20,DMart-Thane-3,Thane,Groceries,Water,4,211,0.14,725.84,154.6,UPI
ORD00316,2023-06-03,6,June,22,DMart-Nagpur-2,Nagpur,Groceries,Sugar,4,67,0.12,235.84,41.37,Cash
ORD00317,2023-11-23,11,November,47,DMart-Nashik-1,Nashik,Dairy,Rice,4,62,0.27,181.04,33.82,Card
ORD00318,2023-10-17,10,October,42,DMart-Nashik-2,Nashik,Household,Oil,1,490,0.07,455.7,64.84,Wallet
ORD00319,2023-05-19,5,May,20,DMart-Thane-2,Thane,Groceries,Wheat,3,370,0.28,799.2,166.72,Cash
ORD00320,2023-04-02,4,April,13,DMart-Thane-3,Thane,Groceries,Chips,5,126,0.04,604.8,151.47,Wallet
ORD00321,2023-02-09,2,February,6,DMart-Nagpur-1,Nagpur,Dairy,Toothpaste,2,308,0.18,505.12,134.83,Card
ORD00322,2023-07-16,7,July,28,DMart-Pune-1,Pune,Groceries,Milk,3,276,0.01,819.72,97.99,Cash
ORD00323,2023-06-24,6,June,25,DMart-Nagpur-2,Nagpur,Beverages,Water,3,35,0.25,78.75,23.51,UPI
ORD00324,2023-07-02,7,July,26,DMart-Nagpur-1,Nagpur,Personal Care,Tissue,2,241,0.21,380.78,82.7,Cash
ORD00325,2023-11-13,11,November,46,DMart-Nagpur-1,Nagpur,Dairy,Toothpaste,1,385,0.02,377.3,57.95,UPI
ORD00326,2023-07-19,7,July,29,DMart-Nagpur-2,Nagpur,Beverages,Chips,1,74,0.0,74.0,21.36,Card
ORD00327,2023-05-19,5,May,20,DMart-Nagpur-3,Nagpur,Dairy,Oil,2,64,0.13,111.36,21.13,Wallet
ORD00328,2023-02-22,2,February,8,DMart-Nashik-1,Nashik,Groceries,Rice,5,201,0.02,984.9,216.07,Card
ORD00329,2023-07-17,7,July,29,DMart-Nashik-3,Nashik,Beverages,Rice,4,231,0.24,702.24,82.12,UPI
ORD00330,2023-10-20,10,October,42,DMart-Pune-2,Pune,Dairy,Detergent,4,370,0.05,1406.0,179.64,Card
ORD00331,2023-09-10,9,September,36,DMart-Nagpur-2,Nagpur,Groceries,Milk,4,105,0.08,386.4,71.18,Cash
ORD00332,2023-07-04,7,July,27,DMart-Nagpur-2,Nagpur,Dairy,Shampoo,4,389,0.19,1260.36,281.48,Cash
ORD00333,2023-03-11,3,March,10,DMart-Nashik-1,Nashik,Groceries,Toothpaste,3,222,0.26,492.84,110.42,Card
ORD00334,2023-08-14,8,August,33,DMart-Thane-1,Thane,Personal Care,Chips,5,437,0.04,2097.6,335.8,UPI
ORD00335,2023-09-03,9,September,35,DMart-Thane-2,Thane,Dairy,Chips,3,223,0.09,608.79,150.36,Wallet
ORD00336,2023-10-22,10,October,42,DMart-Pune-3,Pune,Beverages,Soap,3,212,0.26,470.64,121.04,Cash
ORD00337,2023-10-16,10,October,42,DMart-Mumbai-1,Mumbai,Household,Eggs,2,299,0.21,472.42,119.77,Wallet
ORD00338,2023-12-29,12,December,52,DMart-Nashik-2,Nashik,Personal Care,Eggs,3,428,0.26,950.16,226.68,Wallet
ORD00339,2023-12-11,12,December,50,DMart-Mumbai-3,Mumbai,Dairy,Coffee,3,344,0.07,959.76,144.48,Wallet
ORD00340,2023-07-13,7,July,28,DMart-Nagpur-3,Nagpur,Personal Care,Sugar,4,326,0.18,1069.28,192.64,Wallet
ORD00341,2023-10-06,10,October,40,DMart-Mumbai-2,Mumbai,Beverages,Wheat,5,379,0.19,1534.95,349.41,Cash
ORD00342,2023-05-08,5,May,19,DMart-Thane-2,Thane,Dairy,Biscuits,5,351,0.01,1737.45,369.46,Wallet
ORD00343,2023-06-19,6,June,25,DMart-Thane-3,Thane,Groceries,Juice,1,25,0.08,23.0,3.32,UPI
ORD00344,2023-08-17,8,August,33,DMart-Pune-3,Pune,Personal Care,Biscuits,5,257,0.22,1002.3,200.55,Cash
ORD00345,2023-09-05,9,September,36,DMart-Thane-3,Thane,Beverages,Oil,1,232,0.03,225.04,59.92,UPI
ORD00346,2023-06-28,6,June,26,DMart-Nagpur-2,Nagpur,Beverages,Toothpaste,2,253,0.16,425.04,83.56,Cash
ORD00347,2023-08-13,8,August,32,DMart-Mumbai-2,Mumbai,Beverages,Tea,3,54,0.01,160.38,42.03,Cash
ORD00348,2023-06-25,6,June,25,DMart-Mumbai-3,Mumbai,Dairy,Oil,2,496,0.16,833.28,112.4,Card
ORD00349,2023-10-14,10,October,41,DMart-Thane-2,Thane,Personal Care,Juice,4,138,0.2,441.6,60.45,Wallet
ORD00350,2023-07-22,7,July,29,DMart-Nagpur-1,Nagpur,Household,Rice,2,472,0.14,811.84,177.34,Cash
ORD00351,2023-12-27,12,December,52,DMart-Nashik-2,Nashik,Dairy,Eggs,1,162,0.18,132.84,15.99,UPI
ORD00352,2023-07-07,7,July,27,DMart-Nagpur-2,Nagpur,Dairy,Chips,1,254,0.08,233.68,54.71,Card
ORD00353,2023-11-02,11,November,44,DMart-Nashik-2,Nashik,Household,Water,5,220,0.03,1067.0,180.95,Wallet
ORD00354,2023-11-13,11,November,46,DMart-Mumbai-3,Mumbai,Beverages,Bread,5,490,0.18,2009.0,234.95,Card
ORD00355,2023-03-02,3,March,9,DMart-Nagpur-3,Nagpur,Beverages,Soap,2,79,0.11,140.62,33.56,Wallet
ORD00356,2023-08-03,8,August,31,DMart-Nagpur-3,Nagpur,Household,Milk,4,216,0.05,820.8,161.97,UPI
ORD00357,2023-10-12,10,October,41,DMart-Nagpur-2,Nagpur,Personal Care,Bread,2,167,0.05,317.3,51.69,Cash
ORD00358,2023-07-03,7,July,27,DMart-Nagpur-3,Nagpur,Personal Care,Rice,2,89,0.26,131.72,23.29,Wallet
ORD00359,2023-07-29,7,July,30,DMart-Thane-1,Thane,Personal Care,Coffee,4,383,0.15,1302.2,173.78,Cash
ORD00360,2023-04-23,4,April,16,DMart-Nashik-1,Nashik,Groceries,Toothpaste,2,160,0.17,265.6,41.89,Wallet
ORD00361,2023-10-17,10,October,42,DMart-Nashik-1,Nashik,Household,Coffee,1,281,0.18,230.42,28.31,Card
ORD00362,2023-10-05,10,October,40,DMart-Nashik-2,Nashik,Personal Care,Wheat,2,299,0.13,520.26,62.68,UPI
ORD00363,2023-06-02,6,June,22,DMart-Nagpur-2,Nagpur,Personal Care,Wheat,3,154,0.27,337.26,88.82,Cash
ORD00364,2023-05-02,5,May,18,DMart-Thane-2,Thane,Household,Eggs,3,372,0.27,814.68,197.28,Wallet
ORD00365,2023-03-26,3,March,12,DMart-Pune-3,Pune,Dairy,Milk,2,436,0.25,654.0,73.16,Card
ORD00366,2023-11-02,11,November,44,DMart-Nashik-2,Nashik,Dairy,Tissue,3,185,0.09,505.05,108.36,Cash
ORD00367,2023-03-11,3,March,10,DMart-Pune-1,Pune,Groceries,Juice,2,161,0.22,251.16,68.62,UPI
ORD00368,2023-12-31,12,December,52,DMart-Thane-2,Thane,Dairy,Chips,4,409,0.15,1390.6,178.6,Card
ORD00369,2023-11-18,11,November,46,DMart-Nashik-1,Nashik,Personal Care,Juice,1,251,0.2,200.8,51.99,Cash
ORD00370,2023-07-26,7,July,30,DMart-Pune-3,Pune,Beverages,Detergent,3,375,0.14,967.5,280.62,Cash
ORD00371,2023-02-17,2,February,7,DMart-Pune-1,Pune,Beverages,Tea,1,455,0.25,341.25,70.6,Wallet
ORD00372,2023-04-19,4,April,16,DMart-Mumbai-3,Mumbai,Beverages,Coffee,3,185,0.1,499.5,104.63,Wallet
ORD00373,2023-06-25,6,June,25,DMart-Nashik-2,Nashik,Groceries,Wheat,4,70,0.0,280.0,34.96,UPI
ORD00374,2023-08-14,8,August,33,DMart-Nashik-3,Nashik,Groceries,Tea,2,239,0.22,372.84,105.1,Card
ORD00375,2023-03-23,3,March,12,DMart-Thane-2,Thane,Groceries,Shampoo,3,355,0.08,979.8,114.13,UPI
ORD00376,2023-01-27,1,January,4,DMart-Thane-3,Thane,Beverages,Water,2,391,0.13,680.34,157.22,Cash
ORD00377,2023-01-01,1,January,52,DMart-Thane-2,Thane,Personal Care,Eggs,2,59,0.18,96.76,14.05,Wallet
ORD00378,2023-01-05,1,January,1,DMart-Mumbai-3,Mumbai,Beverages,Rice,1,438,0.27,319.74,58.98,Wallet
ORD00379,2023-02-06,2,February,6,DMart-Nashik-3,Nashik,Personal Care,Soap,1,65,0.03,63.05,10.26,Card
ORD00380,2023-03-12,3,March,10,DMart-Mumbai-1,Mumbai,Dairy,Water,2,348,0.02,682.08,140.58,UPI
ORD00381,2023-08-14,8,August,33,DMart-Thane-2,Thane,Dairy,Biscuits,2,341,0.29,484.22,88.29,Wallet
ORD00382,2023-04-22,4,April,16,DMart-Pune-3,Pune,Groceries,Sugar,1,91,0.18,74.62,18.36,Wallet
ORD00383,2023-06-11,6,June,23,DMart-Thane-1,Thane,Dairy,Milk,1,161,0.07,149.73,31.55,Card
ORD00384,2023-12-20,12,December,51,DMart-Thane-3,Thane,Beverages,Rice,5,125,0.19,506.25,102.21,Wallet
ORD00385,2023-06-01,6,June,22,DMart-Thane-2,Thane,Dairy,Wheat,4,273,0.03,1059.24,157.0,Cash
ORD00386,2023-09-28,9,September,39,DMart-Nashik-2,Nashik,Beverages,Rice,3,498,0.04,1434.24,254.39,Wallet
ORD00387,2023-07-07,7,July,27,DMart-Mumbai-2,Mumbai,Dairy,Tissue,4,410,0.3,1148.0,341.5,Cash
ORD00388,2023-10-28,10,October,43,DMart-Nashik-1,Nashik,Groceries,Sugar,2,154,0.01,304.92,86.75,Wallet
ORD00389,2023-09-17,9,September,37,DMart-Mumbai-2,Mumbai,Household,Toothpaste,4,412,0.13,1433.76,344.62,UPI
ORD00390,2023-05-23,5,May,21,DMart-Nashik-1,Nashik,Beverages,Sugar,5,60,0.29,213.0,29.96,UPI
ORD00391,2023-10-02,10,October,40,DMart-Thane-3,Thane,Personal Care,Chips,1,320,0.09,291.2,69.81,UPI
ORD00392,2023-01-30,1,January,5,DMart-Thane-1,Thane,Groceries,Soap,4,493,0.03,1912.84,364.73,Cash
ORD00393,2023-06-08,6,June,23,DMart-Nagpur-2,Nagpur,Groceries,Bread,2,26,0.22,40.56,4.15,Card
ORD00394,2023-09-25,9,September,39,DMart-Nashik-2,Nashik,Beverages,Detergent,3,105,0.04,302.4,75.59,Card
ORD00395,2023-03-02,3,March,9,DMart-Pune-2,Pune,Beverages,Rice,4,433,0.08,1593.44,326.29,Cash
ORD00396,2023-09-12,9,September,37,DMart-Mumbai-3,Mumbai,Household,Tea,1,204,0.15,173.4,47.14,Card
ORD00397,2023-03-22,3,March,12,DMart-Pune-1,Pune,Groceries,Shampoo,5,477,0.21,1884.15,460.78,Cash
ORD00398,2023-01-23,1,January,4,DMart-Mumbai-3,Mumbai,Dairy,Rice,4,43,0.11,153.08,27.03,UPI
ORD00399,2023-01-19,1,January,3,DMart-Thane-3,Thane,Personal Care,Tissue,3,134,0.07,373.86,68.51,Card
ORD00400,2023-05-19,5,May,20,DMart-Mumbai-1,Mumbai,Household,Sugar,1,210,0.16,176.4,41.39,UPI
ORD00401,2023-04-25,4,April,17,DMart-Pune-2,Pune,Groceries,Detergent,1,225,0.28,162.0,31.27,Card
ORD00402,2023-06-17,6,June,24,DMart-Thane-1,Thane,Household,Sugar,1,253,0.11,225.17,31.55,Card
ORD00403,2023-11-15,11,November,46,DMart-Nashik-1,Nashik,Personal Care,Soap,5,208,0.15,884.0,264.81,UPI
ORD00404,2023-10-07,10,October,40,DMart-Pune-3,Pune,Dairy,Soap,4,23,0.0,92.0,13.49,Cash
ORD00405,2023-06-21,6,June,25,DMart-Pune-1,Pune,Personal Care,Rice,3,454,0.03,1321.14,186.33,Wallet
ORD00406,2023-09-09,9,September,36,DMart-Pune-1,Pune,Dairy,Wheat,3,384,0.02,1128.96,122.81,Wallet
ORD00407,2023-12-25,12,December,52,DMart-Mumbai-3,Mumbai,Personal Care,Biscuits,1,402,0.18,329.64,39.27,Wallet
ORD00408,2023-02-08,2,February,6,DMart-Nashik-2,Nashik,Personal Care,Wheat,2,359,0.07,667.74,105.73,Card
ORD00409,2023-07-21,7,July,29,DMart-Pune-1,Pune,Beverages,Chips,3,251,0.07,700.29,80.49,UPI
ORD00410,2023-10-27,10,October,43,DMart-Nagpur-1,Nagpur,Dairy,Oil,2,74,0.14,127.28,24.59,Cash
ORD00411,2023-10-02,10,October,40,DMart-Mumbai-2,Mumbai,Dairy,Biscuits,3,251,0.14,647.58,99.08,Cash
ORD00412,2023-03-22,3,March,12,DMart-Mumbai-3,Mumbai,Household,Toothpaste,2,40,0.26,59.2,16.06,Cash
ORD00413,2023-12-31,12,December,52,DMart-Pune-2,Pune,Beverages,Soap,5,222,0.01,1098.9,258.72,UPI
ORD00414,2023-01-16,1,January,3,DMart-Mumbai-2,Mumbai,Personal Care,Water,5,304,0.07,1413.6,168.14,UPI
ORD00415,2023-03-04,3,March,9,DMart-Nagpur-1,Nagpur,Groceries,Rice,2,445,0.04,854.4,119.3,Card
ORD00416,2023-12-18,12,December,51,DMart-Mumbai-1,Mumbai,Household,Sugar,3,320,0.29,681.6,178.95,Cash
ORD00417,2023-04-12,4,April,15,DMart-Nagpur-2,Nagpur,Dairy,Tea,3,67,0.03,194.97,21.16,Cash
ORD00418,2023-03-28,3,March,13,DMart-Mumbai-3,Mumbai,Personal Care,Juice,1,274,0.12,241.12,57.06,Card
ORD00419,2023-04-20,4,April,16,DMart-Thane-1,Thane,Beverages,Bread,4,163,0.28,469.44,60.9,UPI
ORD00420,2023-11-28,11,November,48,DMart-Pune-2,Pune,Personal Care,Toothpaste,5,230,0.15,977.5,109.67,Wallet
ORD00421,2023-03-12,3,March,10,DMart-Nashik-1,Nashik,Dairy,Juice,5,349,0.07,1622.85,367.01,Cash
ORD00422,2023-07-15,7,July,28,DMart-Nagpur-3,Nagpur,Personal Care,Biscuits,4,298,0.11,1060.88,299.74,Card
ORD00423,2023-07-18,7,July,29,DMart-Nashik-3,Nashik,Dairy,Shampoo,3,33,0.19,80.19,11.53,Card
ORD00424,2023-01-30,1,January,5,DMart-Mumbai-2,Mumbai,Household,Coffee,5,203,0.07,943.95,278.27,UPI
ORD00425,2023-12-03,12,December,48,DMart-Pune-1,Pune,Beverages,Soap,1,293,0.24,222.68,66.64,Wallet
ORD00426,2023-07-01,7,July,26,DMart-Thane-3,Thane,Dairy,Bread,5,141,0.1,634.5,165.76,Card
ORD00427,2023-10-30,10,October,44,DMart-Pune-1,Pune,Beverages,Rice,5,310,0.04,1488.0,316.38,Wallet
ORD00428,2023-10-05,10,October,40,DMart-Thane-1,Thane,Dairy,Toothpaste,1,271,0.02,265.58,29.54,UPI
ORD00429,2023-01-11,1,January,2,DMart-Nashik-1,Nashik,Personal Care,Detergent,3,20,0.29,42.6,9.49,UPI
ORD00430,2023-06-24,6,June,25,DMart-Nashik-3,Nashik,Beverages,Bread,1,50,0.04,48.0,10.43,UPI
ORD00431,2023-02-26,2,February,8,DMart-Nagpur-1,Nagpur,Beverages,Detergent,3,57,0.22,133.38,38.46,Cash
ORD00432,2023-06-22,6,June,25,DMart-Nashik-1,Nashik,Beverages,Toothpaste,2,89,0.23,137.06,39.71,Wallet
ORD00433,2023-11-29,11,November,48,DMart-Thane-1,Thane,Dairy,Chips,5,382,0.22,1489.8,414.05,Card
ORD00434,2023-04-25,4,April,17,DMart-Mumbai-1,Mumbai,Personal Care,Bread,3,177,0.04,509.76,69.09,Wallet
ORD00435,2023-10-18,10,October,42,DMart-Thane-1,Thane,Dairy,Wheat,3,328,0.29,698.64,182.88,UPI
ORD00436,2023-11-24,11,November,47,DMart-Pune-3,Pune,Personal Care,Oil,3,92,0.23,212.52,24.56,Card
ORD00437,2023-03-27,3,March,13,DMart-Thane-3,Thane,Beverages,Sugar,1,248,0.08,228.16,32.38,Cash
ORD00438,2023-06-29,6,June,26,DMart-Thane-3,Thane,Groceries,Shampoo,1,388,0.01,384.12,68.06,Wallet
ORD00439,2023-03-27,3,March,13,DMart-Mumbai-2,Mumbai,Personal Care,Juice,4,471,0.11,1676.76,350.79,Wallet
ORD00440,2023-10-23,10,October,43,DMart-Pune-2,Pune,Dairy,Soap,1,251,0.25,188.25,50.67,Cash
ORD00441,2023-06-13,6,June,24,DMart-Mumbai-3,Mumbai,Groceries,Shampoo,3,57,0.05,162.45,45.09,Cash
ORD00442,2023-10-08,10,October,40,DMart-Mumbai-1,Mumbai,Beverages,Sugar,5,324,0.28,1166.4,229.25,Wallet
ORD00443,2023-12-01,12,December,48,DMart-Pune-3,Pune,Household,Bread,4,475,0.05,1805.0,199.83,UPI
ORD00444,2023-04-08,4,April,14,DMart-Pune-2,Pune,Household,Juice,5,389,0.08,1789.4,415.35,UPI
ORD00445,2023-02-19,2,February,7,DMart-Mumbai-1,Mumbai,Personal Care,Wheat,5,312,0.26,1154.4,228.79,Card
ORD00446,2023-01-02,1,January,1,DMart-Mumbai-1,Mumbai,Groceries,Juice,5,170,0.15,722.5,101.1,UPI
ORD00447,2023-03-29,3,March,13,DMart-Nagpur-2,Nagpur,Groceries,Toothpaste,1,262,0.09,238.42,61.27,Wallet
ORD00448,2023-12-05,12,December,49,DMart-Nashik-3,Nashik,Groceries,Shampoo,5,348,0.12,1531.2,209.74,Wallet
ORD00449,2023-07-09,7,July,27,DMart-Pune-1,Pune,Personal Care,Bread,3,42,0.14,108.36,20.91,Card
ORD00450,2023-10-16,10,October,42,DMart-Nashik-1,Nashik,Dairy,Wheat,1,405,0.02,396.9,92.73,Wallet
ORD00451,2023-10-29,10,October,43,DMart-Nagpur-3,Nagpur,Household,Soap,4,51,0.26,150.96,30.87,Wallet
ORD00452,2023-10-21,10,October,42,DMart-Thane-3,Thane,Personal Care,Soap,1,173,0.12,152.24,42.71,Cash
ORD00453,2023-09-15,9,September,37,DMart-Nashik-1,Nashik,Household,Detergent,5,366,0.04,1756.8,217.94,Wallet
ORD00454,2023-03-30,3,March,13,DMart-Mumbai-2,Mumbai,Dairy,Bread,2,433,0.04,831.36,90.23,Wallet
ORD00455,2023-04-14,4,April,15,DMart-Nashik-1,Nashik,Household,Milk,3,152,0.29,323.76,79.46,Cash
ORD00456,2023-02-14,2,February,7,DMart-Nagpur-3,Nagpur,Household,Water,5,223,0.1,1003.5,272.27,Wallet
ORD00457,2023-01-07,1,January,1,DMart-Thane-1,Thane,Personal Care,Detergent,4,77,0.04,295.68,38.33,Cash
ORD00458,2023-02-24,2,February,8,DMart-Nagpur-1,Nagpur,Beverages,Oil,5,464,0.28,1670.4,281.92,Card
ORD00459,2023-07-16,7,July,28,DMart-Nagpur-1,Nagpur,Household,Coffee,4,331,0.01,1310.76,176.22,UPI
ORD00460,2023-11-13,11,November,46,DMart-Thane-3,Thane,Groceries,Water,3,222,0.22,519.48,76.63,Wallet
ORD00461,2023-05-18,5,May,20,DMart-Nagpur-2,Nagpur,Groceries,Biscuits,3,192,0.09,524.16,81.81,Cash
ORD00462,2023-04-27,4,April,17,DMart-Pune-2,Pune,Beverages,Milk,4,400,0.24,1216.0,322.44,Wallet
ORD00463,2023-11-06,11,November,45,DMart-Thane-3,Thane,Dairy,Sugar,2,246,0.29,349.32,92.5,Wallet
ORD00464,2023-09-22,9,September,38,DMart-Nagpur-3,Nagpur,Groceries,Biscuits,2,283,0.02,554.68,89.98,Wallet
ORD00465,2023-03-11,3,March,10,DMart-Pune-1,Pune,Household,Detergent,2,34,0.06,63.92,17.58,Cash
ORD00466,2023-05-08,5,May,19,DMart-Pune-3,Pune,Personal Care,Wheat,3,45,0.22,105.3,14.72,Wallet
ORD00467,2023-09-16,9,September,37,DMart-Thane-1,Thane,Groceries,Water,1,368,0.07,342.24,59.72,Wallet
ORD00468,2023-04-01,4,April,13,DMart-Nashik-3,Nashik,Household,Coffee,3,302,0.11,806.34,107.0,Card
ORD00469,2023-12-19,12,December,51,DMart-Thane-1,Thane,Beverages,Sugar,4,34,0.01,134.64,17.85,UPI
ORD00470,2023-04-24,4,April,17,DMart-Nashik-1,Nashik,Dairy,Soap,4,157,0.16,527.52,54.87,Cash
ORD00471,2023-08-31,8,August,35,DMart-Nashik-1,Nashik,Dairy,Milk,1,327,0.07,304.11,45.76,Card
ORD00472,2023-12-31,12,December,52,DMart-Pune-2,Pune,Personal Care,Shampoo,4,478,0.27,1395.76,236.92,UPI
ORD00473,2023-08-27,8,August,34,DMart-Mumbai-1,Mumbai,Household,Toothpaste,5,442,0.12,1944.8,421.82,Card
ORD00474,2023-10-15,10,October,41,DMart-Pune-2,Pune,Beverages,Toothpaste,1,370,0.15,314.5,35.47,Card
ORD00475,2023-05-22,5,May,21,DMart-Nashik-3,Nashik,Beverages,Shampoo,2,116,0.16,194.88,49.32,Cash
ORD00476,2023-11-04,11,November,44,DMart-Nagpur-2,Nagpur,Beverages,Water,2,368,0.23,566.72,59.56,Card
ORD00477,2023-05-13,5,May,19,DMart-Thane-1,Thane,Personal Care,Juice,1,218,0.18,178.76,43.19,UPI
ORD00478,2023-06-25,6,June,25,DMart-Pune-3,Pune,Household,Soap,4,346,0.29,982.64,283.13,Card
ORD00479,2023-03-29,3,March,13,DMart-Pune-2,Pune,Dairy,Tissue,1,170,0.15,144.5,18.15,UPI
ORD00480,2023-12-15,12,December,50,DMart-Pune-2,Pune,Groceries,Chips,3,133,0.07,371.07,92.34,Wallet
ORD00481,2023-06-19,6,June,25,DMart-Nagpur-2,Nagpur,Beverages,Biscuits,3,319,0.14,823.02,222.42,Cash
ORD00482,2023-11-21,11,November,47,DMart-Thane-2,Thane,Personal Care,Sugar,2,475,0.16,798.0,98.92,Wallet
ORD00483,2023-09-29,9,September,39,DMart-Pune-3,Pune,Personal Care,Toothpaste,2,47,0.04,90.24,26.93,Wallet
ORD00484,2023-10-19,10,October,42,DMart-Pune-3,Pune,Dairy,Tea,2,181,0.24,275.12,31.96,UPI
ORD00485,2023-06-10,6,June,23,DMart-Mumbai-3,Mumbai,Groceries,Wheat,3,251,0.06,707.82,178.54,UPI
ORD00486,2023-09-08,9,September,36,DMart-Nagpur-1,Nagpur,Dairy,Sugar,4,334,0.2,1068.8,198.67,Wallet
ORD00487,2023-07-16,7,July,28,DMart-Mumbai-1,Mumbai,Groceries,Rice,2,293,0.23,451.22,78.79,Card
ORD00488,2023-09-29,9,September,39,DMart-Pune-1,Pune,Groceries,Eggs,1,366,0.2,292.8,72.24,Card
ORD00489,2023-06-09,6,June,23,DMart-Mumbai-2,Mumbai,Groceries,Milk,5,216,0.18,885.6,142.78,Cash
ORD00490,2023-06-02,6,June,22,DMart-Nagpur-1,Nagpur,Personal Care,Toothpaste,5,392,0.19,1587.6,325.18,UPI
ORD00491,2023-06-25,6,June,25,DMart-Nashik-3,Nashik,Beverages,Coffee,2,404,0.05,767.6,222.31,Wallet
ORD00492,2023-01-10,1,January,2,DMart-Thane-1,Thane,Dairy,Soap,2,392,0.06,736.96,181.89,UPI
ORD00493,2023-03-05,3,March,9,DMart-Mumbai-1,Mumbai,Groceries,Biscuits,3,212,0.24,483.36,100.03,Cash
ORD00494,2023-12-05,12,December,49,DMart-Mumbai-2,Mumbai,Groceries,Oil,1,44,0.13,38.28,7.23,Card
ORD00495,2023-08-31,8,August,35,DMart-Mumbai-2,Mumbai,Dairy,Milk,1,375,0.09,341.25,62.85,Card
ORD00496,2023-11-15,11,November,46,DMart-Mumbai-2,Mumbai,Personal Care,Milk,1,445,0.16,373.8,91.11,Card
ORD00497,2023-02-28,2,February,9,DMart-Nashik-2,Nashik,Personal Care,Oil,5,121,0.06,568.7,145.36,UPI
ORD00498,2023-07-03,7,July,27,DMart-Pune-1,Pune,Beverages,Juice,1,102,0.17,84.66,16.87,Wallet
ORD00499,2023-06-19,6,June,25,DMart-Thane-1,Thane,Groceries,Soap,1,26,0.29,18.46,2.25,Wallet
ORD00500,2023-03-18,3,March,11,DMart-Pune-1,Pune,Household,Sugar,1,58,0.28,41.76,6.31,Wallet
ORD00501,2023-06-01,6,June,22,DMart-Mumbai-1,Mumbai,Personal Care,Shampoo,1,45,0.26,33.3,4.49,Card
ORD00502,2023-07-04,7,July,27,DMart-Nashik-3,Nashik,Personal Care,Chips,1,398,0.03,386.06,104.33,Cash
ORD00503,2023-01-05,1,January,1,DMart-Thane-1,Thane,Dairy,Milk,3,188,0.28,406.08,76.16,Card
ORD00504,2023-02-17,2,February,7,DMart-Nagpur-2,Nagpur,Beverages,Biscuits,1,113,0.12,99.44,17.9,Card
ORD00505,2023-07-17,7,July,29,DMart-Thane-3,Thane,Personal Care,Coffee,2,352,0.03,682.88,86.39,Cash
ORD00506,2023-03-23,3,March,12,DMart-Thane-2,Thane,Personal Care,Oil,5,486,0.15,2065.5,537.97,Wallet
ORD00507,2023-04-03,4,April,14,DMart-Nashik-2,Nashik,Beverages,Water,1,333,0.27,243.09,57.59,UPI
ORD00508,2023-09-05,9,September,36,DMart-Pune-2,Pune,Groceries,Coffee,4,474,0.14,1630.56,178.05,Card
ORD00509,2023-01-07,1,January,1,DMart-Thane-2,Thane,Household,Detergent,5,390,0.07,1813.5,536.03,Card
ORD00510,2023-09-23,9,September,38,DMart-Nagpur-2,Nagpur,Household,Detergent,4,68,0.21,214.88,52.72,Card
ORD00511,2023-12-06,12,December,49,DMart-Mumbai-1,Mumbai,Dairy,Water,5,449,0.28,1616.4,480.97,Cash
ORD00512,2023-11-26,11,November,47,DMart-Mumbai-3,Mumbai,Household,Bread,4,454,0.27,1325.68,264.03,Cash
ORD00513,2023-09-09,9,September,36,DMart-Nagpur-3,Nagpur,Dairy,Chips,3,189,0.01,561.33,113.04,Wallet
ORD00514,2023-07-26,7,July,30,DMart-Mumbai-2,Mumbai,Groceries,Soap,4,255,0.25,765.0,164.17,Wallet
ORD00515,2023-08-17,8,August,33,DMart-Mumbai-1,Mumbai,Groceries,Chips,1,274,0.03,265.78,48.02,Cash
ORD00516,2023-02-16,2,February,7,DMart-Pune-3,Pune,Household,Toothpaste,2,307,0.2,491.2,115.09,Card
ORD00517,2023-01-28,1,January,4,DMart-Nagpur-2,Nagpur,Personal Care,Soap,5,189,0.24,718.2,160.84,Card
ORD00518,2023-08-20,8,August,33,DMart-Nashik-2,Nashik,Groceries,Oil,2,408,0.0,816.0,137.31,Card
ORD00519,2023-10-08,10,October,40,DMart-Nagpur-2,Nagpur,Beverages,Detergent,1,379,0.01,375.21,104.82,UPI
ORD00520,2023-07-29,7,July,30,DMart-Nashik-2,Nashik,Beverages,Oil,2,332,0.06,624.16,77.49,Wallet
ORD00521,2023-04-21,4,April,16,DMart-Mumbai-1,Mumbai,Dairy,Tea,3,386,0.03,1123.26,282.42,Cash
ORD00522,2023-08-19,8,August,33,DMart-Nagpur-3,Nagpur,Household,Tea,2,278,0.3,389.2,77.75,Cash
ORD00523,2023-10-11,10,October,41,DMart-Mumbai-3,Mumbai,Household,Juice,5,267,0.24,1014.6,288.38,UPI
ORD00524,2023-03-07,3,March,10,DMart-Nagpur-3,Nagpur,Personal Care,Oil,5,356,0.19,1441.8,398.71,Wallet
ORD00525,2023-08-03,8,August,31,DMart-Mumbai-3,Mumbai,Beverages,Soap,3,223,0.09,608.79,116.02,UPI
ORD00526,2023-07-31,7,July,31,DMart-Thane-3,Thane,Beverages,Detergent,5,451,0.27,1646.15,267.96,UPI
ORD00527,2023-04-13,4,April,15,DMart-Thane-2,Thane,Household,Eggs,3,385,0.21,912.45,154.26,UPI
ORD00528,2023-12-30,12,December,52,DMart-Pune-3,Pune,Household,Bread,3,297,0.22,694.98,85.54,Wallet
ORD00529,2023-10-26,10,October,43,DMart-Mumbai-2,Mumbai,Household,Juice,4,166,0.25,498.0,51.07,Cash
ORD00530,2023-07-15,7,July,28,DMart-Nashik-1,Nashik,Groceries,Milk,1,363,0.06,341.22,52.34,UPI
ORD00531,2023-05-27,5,May,21,DMart-Pune-1,Pune,Dairy,Shampoo,1,449,0.22,350.22,89.96,Cash
ORD00532,2023-07-03,7,July,27,DMart-Thane-2,Thane,Groceries,Tea,5,335,0.27,1222.75,177.13,Wallet
ORD00533,2023-05-02,5,May,18,DMart-Nagpur-1,Nagpur,Beverages,Detergent,1,374,0.29,265.54,46.82,Card
ORD00534,2023-10-10,10,October,41,DMart-Nashik-1,Nashik,Groceries,Wheat,3,400,0.06,1128.0,252.8,Wallet
ORD00535,2023-04-26,4,April,17,DMart-Pune-1,Pune,Household,Biscuits,5,299,0.06,1405.3,358.67,Card
ORD00536,2023-08-18,8,August,33,DMart-Nagpur-1,Nagpur,Groceries,Bread,2,115,0.23,177.1,35.91,Cash
ORD00537,2023-08-08,8,August,32,DMart-Pune-2,Pune,Household,Shampoo,2,155,0.05,294.5,63.85,Cash
ORD00538,2023-06-19,6,June,25,DMart-Mumbai-1,Mumbai,Dairy,Tea,2,40,0.29,56.8,9.35,Card
ORD00539,2023-09-09,9,September,36,DMart-Mumbai-3,Mumbai,Beverages,Tissue,3,57,0.16,143.64,20.68,Cash
ORD00540,2023-09-16,9,September,37,DMart-Pune-1,Pune,Personal Care,Bread,5,298,0.12,1311.2,155.23,UPI
ORD00541,2023-12-06,12,December,49,DMart-Thane-1,Thane,Beverages,Chips,3,204,0.06,575.28,166.87,Wallet
ORD00542,2023-10-15,10,October,41,DMart-Thane-2,Thane,Groceries,Rice,3,362,0.14,933.96,138.29,UPI
ORD00543,2023-01-21,1,January,3,DMart-Thane-3,Thane,Personal Care,Chips,1,488,0.12,429.44,64.98,Card
ORD00544,2023-01-13,1,January,2,DMart-Pune-2,Pune,Beverages,Detergent,5,283,0.14,1216.9,240.17,UPI
ORD00545,2023-06-14,6,June,24,DMart-Nagpur-3,Nagpur,Groceries,Detergent,2,69,0.3,96.6,24.6,Cash
ORD00546,2023-11-17,11,November,46,DMart-Nashik-2,Nashik,Dairy,Sugar,2,363,0.27,529.98,125.65,Cash
ORD00547,2023-04-16,4,April,15,DMart-Mumbai-1,Mumbai,Personal Care,Tissue,1,351,0.23,270.27,64.11,Wallet
ORD00548,2023-06-19,6,June,25,DMart-Nagpur-3,Nagpur,Groceries,Wheat,1,57,0.05,54.15,14.02,Cash
ORD00549,2023-10-22,10,October,42,DMart-Nagpur-1,Nagpur,Beverages,Soap,4,228,0.14,784.32,177.29,Card
ORD00550,2023-01-09,1,January,2,DMart-Mumbai-2,Mumbai,Groceries,Water,1,293,0.2,234.4,57.21,Cash
ORD00551,2023-12-25,12,December,52,DMart-Thane-2,Thane,Beverages,Sugar,5,495,0.03,2400.75,379.24,Card
ORD00552,2023-11-07,11,November,45,DMart-Thane-2,Thane,Beverages,Sugar,4,411,0.12,1446.72,259.0,Cash
ORD00553,2023-08-31,8,August,35,DMart-Nashik-1,Nashik,Household,Bread,2,132,0.23,203.28,36.22,Card
ORD00554,2023-11-21,11,November,47,DMart-Nagpur-3,Nagpur,Beverages,Milk,3,366,0.3,768.6,222.81,UPI
ORD00555,2023-03-05,3,March,9,DMart-Mumbai-2,Mumbai,Groceries,Wheat,5,313,0.12,1377.2,285.67,Card
ORD00556,2023-04-18,4,April,16,DMart-Pune-1,Pune,Dairy,Biscuits,5,231,0.04,1108.8,146.57,Card
ORD00557,2023-04-10,4,April,15,DMart-Nashik-1,Nashik,Dairy,Oil,5,363,0.27,1324.95,146.91,Wallet
ORD00558,2023-11-27,11,November,48,DMart-Thane-3,Thane,Groceries,Tissue,1,168,0.08,154.56,18.49,Wallet
ORD00559,2023-06-19,6,June,25,DMart-Mumbai-2,Mumbai,Dairy,Biscuits,2,363,0.03,704.22,110.58,UPI
ORD00560,2023-06-12,6,June,24,DMart-Thane-1,Thane,Personal Care,Coffee,5,188,0.21,742.6,119.66,UPI
ORD00561,2023-10-17,10,October,42,DMart-Nashik-1,Nashik,Beverages,Biscuits,2,239,0.0,478.0,77.74,UPI
ORD00562,2023-12-31,12,December,52,DMart-Pune-3,Pune,Beverages,Juice,3,450,0.04,1296.0,305.75,Wallet
ORD00563,2023-08-25,8,August,34,DMart-Mumbai-3,Mumbai,Beverages,Tea,3,416,0.15,1060.8,223.12,Cash
ORD00564,2023-05-24,5,May,21,DMart-Mumbai-2,Mumbai,Household,Milk,3,120,0.23,277.2,76.86,Cash
ORD00565,2023-01-10,1,January,2,DMart-Thane-1,Thane,Groceries,Detergent,5,436,0.18,1787.6,323.6,UPI
ORD00566,2023-01-19,1,January,3,DMart-Mumbai-3,Mumbai,Beverages,Tissue,5,298,0.15,1266.5,292.28,Card
ORD00567,2023-07-20,7,July,29,DMart-Nagpur-3,Nagpur,Household,Soap,3,395,0.04,1137.6,219.49,Cash
ORD00568,2023-07-23,7,July,29,DMart-Thane-1,Thane,Household,Biscuits,2,25,0.27,36.5,10.69,UPI
ORD00569,2023-09-21,9,September,38,DMart-Thane-2,Thane,Personal Care,Milk,2,101,0.18,165.64,47.99,UPI
ORD00570,2023-09-05,9,September,36,DMart-Pune-3,Pune,Groceries,Biscuits,4,132,0.07,491.04,55.28,UPI
ORD00571,2023-01-22,1,January,3,DMart-Nagpur-2,Nagpur,Household,Eggs,3,484,0.12,1277.76,247.8,Cash
ORD00572,2023-01-21,1,January,3,DMart-Nashik-2,Nashik,Groceries,Chips,5,380,0.2,1520.0,404.21,Card
ORD00573,2023-10-24,10,October,43,DMart-Thane-1,Thane,Household,Tissue,4,109,0.2,348.8,61.29,Cash
ORD00574,2023-09-22,9,September,38,DMart-Nashik-2,Nashik,Personal Care,Shampoo,2,484,0.16,813.12,147.31,Card
ORD00575,2023-09-07,9,September,36,DMart-Mumbai-3,Mumbai,Household,Coffee,5,23,0.28,82.8,10.58,UPI
ORD00576,2023-02-09,2,February,6,DMart-Thane-1,Thane,Beverages,Detergent,2,128,0.05,243.2,31.97,Cash
ORD00577,2023-12-05,12,December,49,DMart-Thane-2,Thane,Personal Care,Soap,3,435,0.23,1004.85,123.26,Wallet
ORD00578,2023-09-03,9,September,35,DMart-Mumbai-3,Mumbai,Household,Eggs,4,102,0.0,408.0,60.68,UPI
ORD00579,2023-03-10,3,March,10,DMart-Pune-2,Pune,Groceries,Detergent,5,476,0.04,2284.8,254.03,UPI
ORD00580,2023-09-22,9,September,38,DMart-Thane-2,Thane,Household,Water,1,308,0.28,221.76,54.09,Card
ORD00581,2023-02-13,2,February,7,DMart-Pune-1,Pune,Personal Care,Eggs,4,330,0.27,963.6,189.19,Wallet
ORD00582,2023-11-04,11,November,44,DMart-Pune-2,Pune,Household,Milk,2,440,0.19,712.8,165.32,UPI
ORD00583,2023-12-18,12,December,51,DMart-Nagpur-1,Nagpur,Personal Care,Chips,5,325,0.02,1592.5,232.45,UPI
ORD00584,2023-02-25,2,February,8,DMart-Mumbai-3,Mumbai,Dairy,Rice,5,287,0.21,1133.65,208.55,Cash
ORD00585,2023-04-01,4,April,13,DMart-Nagpur-3,Nagpur,Household,Coffee,1,327,0.28,235.44,60.45,Cash
ORD00586,2023-02-17,2,February,7,DMart-Nashik-3,Nashik,Dairy,Coffee,5,481,0.17,1996.15,529.99,Wallet
ORD00587,2023-09-25,9,September,39,DMart-Pune-1,Pune,Beverages,Juice,1,467,0.22,364.26,75.02,Wallet
ORD00588,2023-07-15,7,July,28,DMart-Pune-2,Pune,Household,Biscuits,5,431,0.03,2090.35,386.92,Wallet
ORD00589,2023-04-30,4,April,17,DMart-Mumbai-1,Mumbai,Beverages,Sugar,5,326,0.13,1418.1,214.93,Cash
ORD00590,2023-10-23,10,October,43,DMart-Thane-3,Thane,Groceries,Detergent,1,286,0.12,251.68,58.12,Card
ORD00591,2023-07-29,7,July,30,DMart-Pune-2,Pune,Groceries,Biscuits,4,99,0.2,316.8,68.77,Wallet
ORD00592,2023-10-17,10,October,42,DMart-Nagpur-3,Nagpur,Household,Biscuits,4,161,0.24,489.44,68.88,Wallet
ORD00593,2023-04-02,4,April,13,DMart-Thane-1,Thane,Household,Biscuits,4,304,0.08,1118.72,333.04,Card
ORD00594,2023-12-28,12,December,52,DMart-Nashik-1,Nashik,Dairy,Water,1,457,0.23,351.89,51.36,UPI
ORD00595,2023-02-21,2,February,8,DMart-Thane-3,Thane,Household,Eggs,3,225,0.25,506.25,106.37,Cash
ORD00596,2023-03-24,3,March,12,DMart-Nashik-3,Nashik,Groceries,Water,1,431,0.26,318.94,41.16,Wallet
ORD00597,2023-02-15,2,February,7,DMart-Thane-3,Thane,Beverages,Sugar,3,133,0.02,391.02,86.73,Wallet
ORD00598,2023-07-25,7,July,30,DMart-Nashik-2,Nashik,Beverages,Detergent,5,384,0.01,1900.8,549.6,UPI
ORD00599,2023-11-24,11,November,47,DMart-Nashik-1,Nashik,Personal Care,Coffee,2,25,0.27,36.5,8.45,Card
ORD00600,2023-04-10,4,April,15,DMart-Mumbai-3,Mumbai,Household,Wheat,5,281,0.22,1095.9,160.37,Cash
ORD00601,2023-07-04,7,July,27,DMart-Pune-3,Pune,Groceries,Soap,1,100,0.08,92.0,23.55,Wallet
ORD00602,2023-07-27,7,July,30,DMart-Pune-2,Pune,Household,Eggs,1,27,0.29,19.17,2.26,Card
ORD00603,2023-06-27,6,June,26,DMart-Thane-1,Thane,Dairy,Shampoo,2,330,0.14,567.6,162.3,Cash
ORD00604,2023-05-14,5,May,19,DMart-Pune-2,Pune,Personal Care,Bread,1,279,0.17,231.57,26.51,Card
ORD00605,2023-03-01,3,March,9,DMart-Pune-2,Pune,Beverages,Detergent,5,468,0.26,1731.6,447.93,Wallet
ORD00606,2023-07-13,7,July,28,DMart-Thane-2,Thane,Dairy,Coffee,3,407,0.3,854.7,218.05,Wallet
ORD00607,2023-10-28,10,October,43,DMart-Nashik-1,Nashik,Personal Care,Rice,3,79,0.02,232.26,41.0,UPI
ORD00608,2023-12-13,12,December,50,DMart-Thane-3,Thane,Beverages,Soap,3,231,0.16,582.12,120.57,Card
ORD00609,2023-05-08,5,May,19,DMart-Mumbai-3,Mumbai,Groceries,Toothpaste,3,224,0.02,658.56,138.9,Wallet
ORD00610,2023-06-10,6,June,23,DMart-Thane-3,Thane,Dairy,Biscuits,5,477,0.08,2194.2,299.63,UPI
ORD00611,2023-09-13,9,September,37,DMart-Pune-1,Pune,Dairy,Eggs,2,396,0.27,578.16,88.51,UPI
ORD00612,2023-05-08,5,May,19,DMart-Thane-2,Thane,Dairy,Biscuits,1,418,0.03,405.46,115.17,Wallet
ORD00613,2023-11-11,11,November,45,DMart-Nagpur-2,Nagpur,Household,Rice,4,41,0.11,145.96,32.71,Card
ORD00614,2023-09-09,9,September,36,DMart-Mumbai-3,Mumbai,Household,Bread,4,163,0.07,606.36,151.61,Cash
ORD00615,2023-09-27,9,September,39,DMart-Nashik-2,Nashik,Personal Care,Juice,1,296,0.16,248.64,42.13,UPI
ORD00616,2023-08-23,8,August,34,DMart-Thane-2,Thane,Household,Oil,3,255,0.22,596.7,60.67,UPI
ORD00617,2023-07-14,7,July,28,DMart-Nagpur-3,Nagpur,Beverages,Oil,5,205,0.27,748.25,113.69,Card
ORD00618,2023-05-02,5,May,18,DMart-Nagpur-1,Nagpur,Personal Care,Shampoo,3,333,0.11,889.11,121.61,UPI
ORD00619,2023-08-03,8,August,31,DMart-Thane-1,Thane,Beverages,Biscuits,4,457,0.08,1681.76,319.78,UPI
ORD00620,2023-10-22,10,October,42,DMart-Nagpur-1,Nagpur,Groceries,Soap,3,389,0.25,875.25,128.8,Wallet
ORD00621,2023-04-11,4,April,15,DMart-Mumbai-3,Mumbai,Dairy,Milk,1,262,0.05,248.9,45.87,Card
ORD00622,2023-09-07,9,September,36,DMart-Thane-3,Thane,Beverages,Toothpaste,5,307,0.01,1519.65,273.05,UPI
ORD00623,2023-01-31,1,January,5,DMart-Pune-2,Pune,Beverages,Eggs,1,263,0.14,226.18,56.3,Card
ORD00624,2023-07-04,7,July,27,DMart-Mumbai-2,Mumbai,Household,Tissue,3,497,0.11,1326.99,137.96,Card
ORD00625,2023-12-14,12,December,50,DMart-Pune-2,Pune,Household,Eggs,5,314,0.05,1491.5,441.3,Card
ORD00626,2023-06-16,6,June,24,DMart-Thane-1,Thane,Personal Care,Detergent,4,416,0.28,1198.08,138.6,Card
ORD00627,2023-08-26,8,August,34,DMart-Thane-1,Thane,Dairy,Milk,3,347,0.13,905.67,204.91,Wallet
ORD00628,2023-02-06,2,February,6,DMart-Pune-2,Pune,Dairy,Sugar,2,195,0.1,351.0,57.34,Card
ORD00629,2023-11-06,11,November,45,DMart-Pune-3,Pune,Beverages,Water,4,474,0.24,1440.96,392.75,Wallet
ORD00630,2023-07-31,7,July,31,DMart-Thane-2,Thane,Dairy,Bread,1,457,0.04,438.72,107.73,Card
ORD00631,2023-12-25,12,December,52,DMart-Nashik-3,Nashik,Dairy,Sugar,4,105,0.03,407.4,48.53,Wallet
ORD00632,2023-10-08,10,October,40,DMart-Mumbai-2,Mumbai,Groceries,Wheat,4,414,0.16,1391.04,351.93,Cash
ORD00633,2023-05-15,5,May,20,DMart-Thane-3,Thane,Groceries,Milk,4,355,0.09,1292.2,188.49,Card
ORD00634,2023-08-15,8,August,33,DMart-Pune-3,Pune,Dairy,Milk,2,289,0.0,578.0,61.86,Card
ORD00635,2023-09-01,9,September,35,DMart-Thane-3,Thane,Household,Tea,3,498,0.17,1240.02,234.33,UPI
ORD00636,2023-10-30,10,October,44,DMart-Pune-2,Pune,Household,Tea,5,242,0.2,968.0,220.61,Card
ORD00637,2023-09-04,9,September,36,DMart-Nagpur-1,Nagpur,Dairy,Tissue,1,432,0.14,371.52,60.03,Card
ORD00638,2023-03-21,3,March,12,DMart-Mumbai-3,Mumbai,Groceries,Toothpaste,5,20,0.26,74.0,18.62,Card
ORD00639,2023-05-27,5,May,21,DMart-Pune-2,Pune,Household,Coffee,4,24,0.3,67.2,16.87,Cash
ORD00640,2023-08-09,8,August,32,DMart-Nagpur-1,Nagpur,Household,Toothpaste,1,138,0.17,114.54,20.01,Wallet
ORD00641,2023-07-22,7,July,29,DMart-Pune-2,Pune,Dairy,Soap,4,386,0.26,1142.56,200.72,Cash
ORD00642,2023-08-05,8,August,31,DMart-Pune-2,Pune,Household,Soap,5,411,0.25,1541.25,368.03,Card
ORD00643,2023-11-29,11,November,48,DMart-Mumbai-3,Mumbai,Beverages,Tissue,2,231,0.27,337.26,38.34,Card
ORD00644,2023-02-26,2,February,8,DMart-Pune-1,Pune,Household,Tea,3,251,0.22,587.34,131.89,Card
ORD00645,2023-01-10,1,January,2,DMart-Pune-2,Pune,Groceries,Milk,1,293,0.05,278.35,81.96,Card
ORD00646,2023-03-06,3,March,10,DMart-Pune-1,Pune,Groceries,Tea,1,139,0.04,133.44,13.74,Card
ORD00647,2023-08-04,8,August,31,DMart-Pune-3,Pune,Personal Care,Toothpaste,4,210,0.22,655.2,169.23,Cash
ORD00648,2023-03-16,3,March,11,DMart-Mumbai-3,Mumbai,Beverages,Wheat,4,417,0.02,1634.64,341.05,UPI
ORD00649,2023-05-09,5,May,19,DMart-Nagpur-2,Nagpur,Groceries,Water,2,82,0.12,144.32,36.69,UPI
ORD00650,2023-01-18,1,January,3,DMart-Pune-1,Pune,Personal Care,Eggs,1,396,0.16,332.64,77.57,Wallet
ORD00651,2023-07-19,7,July,29,DMart-Nagpur-3,Nagpur,Beverages,Toothpaste,1,101,0.23,77.77,22.36,Cash
ORD00652,2023-05-10,5,May,19,DMart-Thane-2,Thane,Beverages,Coffee,3,121,0.28,261.36,28.86,UPI
ORD00653,2023-02-27,2,February,9,DMart-Thane-1,Thane,Personal Care,Soap,1,186,0.05,176.7,45.74,Cash
ORD00654,2023-07-22,7,July,29,DMart-Thane-3,Thane,Groceries,Soap,5,41,0.25,153.75,36.62,UPI
ORD00655,2023-07-10,7,July,28,DMart-Pune-3,Pune,Dairy,Sugar,4,100,0.02,392.0,92.98,Cash
ORD00656,2023-01-31,1,January,5,DMart-Nagpur-2,Nagpur,Dairy,Biscuits,5,379,0.25,1421.25,172.65,UPI
ORD00657,2023-06-12,6,June,24,DMart-Thane-3,Thane,Beverages,Tissue,4,432,0.23,1330.56,184.41,Wallet
ORD00658,2023-07-03,7,July,27,DMart-Nagpur-3,Nagpur,Beverages,Milk,1,480,0.15,408.0,98.46,Card
ORD00659,2023-10-05,10,October,40,DMart-Thane-3,Thane,Dairy,Coffee,2,310,0.17,514.6,87.24,Wallet
ORD00660,2023-05-21,5,May,20,DMart-Nashik-2,Nashik,Dairy,Tissue,5,55,0.04,264.0,50.13,Card
ORD00661,2023-10-05,10,October,40,DMart-Nashik-3,Nashik,Personal Care,Biscuits,5,20,0.12,88.0,21.71,Cash
ORD00662,2023-11-14,11,November,46,DMart-Nagpur-3,Nagpur,Household,Biscuits,3,142,0.23,328.02,36.96,Wallet
ORD00663,2023-04-08,4,April,14,DMart-Pune-3,Pune,Personal Care,Detergent,5,412,0.04,1977.6,440.23,Wallet
ORD00664,2023-11-25,11,November,47,DMart-Nashik-2,Nashik,Groceries,Chips,5,69,0.21,272.55,30.89,UPI
ORD00665,2023-04-02,4,April,13,DMart-Thane-1,Thane,Dairy,Wheat,4,74,0.06,278.24,33.32,Wallet
ORD00666,2023-12-03,12,December,48,DMart-Pune-1,Pune,Household,Coffee,5,339,0.08,1559.4,171.25,Cash
ORD00667,2023-01-07,1,January,1,DMart-Mumbai-1,Mumbai,Personal Care,Eggs,1,495,0.14,425.7,110.77,Card
ORD00668,2023-10-13,10,October,41,DMart-Nagpur-3,Nagpur,Beverages,Juice,1,426,0.26,315.24,70.42,Cash
ORD00669,2023-02-06,2,February,6,DMart-Pune-1,Pune,Groceries,Toothpaste,5,130,0.03,630.5,75.81,Wallet
ORD00670,2023-04-08,4,April,14,DMart-Mumbai-3,Mumbai,Household,Eggs,2,356,0.18,583.84,131.4,Wallet
ORD00671,2023-02-24,2,February,8,DMart-Nashik-1,Nashik,Personal Care,Biscuits,4,379,0.28,1091.52,131.88,UPI
ORD00672,2023-10-09,10,October,41,DMart-Nagpur-2,Nagpur,Household,Water,2,192,0.17,318.72,95.52,Card
ORD00673,2023-06-11,6,June,23,DMart-Nagpur-1,Nagpur,Beverages,Tissue,3,452,0.13,1179.72,298.28,Card
ORD00674,2023-11-08,11,November,45,DMart-Nashik-3,Nashik,Household,Soap,2,299,0.12,526.24,133.21,Card
ORD00675,2023-07-04,7,July,27,DMart-Pune-2,Pune,Personal Care,Tea,1,223,0.23,171.71,18.36,Cash
ORD00676,2023-09-23,9,September,38,DMart-Pune-3,Pune,Beverages,Milk,3,23,0.07,64.17,9.17,Cash
ORD00677,2023-12-20,12,December,51,DMart-Mumbai-3,Mumbai,Household,Shampoo,5,281,0.18,1152.1,328.56,Cash
ORD00678,2023-01-20,1,January,3,DMart-Thane-1,Thane,Beverages,Tea,2,99,0.08,182.16,31.59,UPI
ORD00679,2023-04-30,4,April,17,DMart-Pune-1,Pune,Beverages,Shampoo,5,67,0.12,294.8,63.03,Cash
ORD00680,2023-06-16,6,June,24,DMart-Thane-1,Thane,Dairy,Coffee,5,269,0.26,995.3,280.21,Card
ORD00681,2023-01-20,1,January,3,DMart-Pune-3,Pune,Groceries,Water,1,419,0.29,297.49,75.62,Wallet
ORD00682,2023-08-02,8,August,31,DMart-Nashik-1,Nashik,Dairy,Oil,5,402,0.29,1427.1,145.97,Wallet
ORD00683,2023-01-28,1,January,4,DMart-Pune-3,Pune,Household,Toothpaste,3,41,0.17,102.09,21.74,UPI
ORD00684,2023-03-20,3,March,12,DMart-Pune-1,Pune,Personal Care,Wheat,5,248,0.18,1016.8,204.32,Wallet
ORD00685,2023-05-29,5,May,22,DMart-Thane-3,Thane,Dairy,Water,3,87,0.02,255.78,49.92,Cash
ORD00686,2023-10-08,10,October,40,DMart-Thane-3,Thane,Beverages,Water,4,63,0.16,211.68,39.56,UPI
ORD00687,2023-03-11,3,March,10,DMart-Pune-1,Pune,Household,Coffee,4,121,0.12,425.92,98.15,UPI
ORD00688,2023-05-05,5,May,18,DMart-Thane-1,Thane,Beverages,Sugar,4,417,0.1,1501.2,355.71,Cash
ORD00689,2023-02-27,2,February,9,DMart-Thane-1,Thane,Personal Care,Juice,3,207,0.06,583.74,95.82,Cash
ORD00690,2023-06-06,6,June,23,DMart-Mumbai-1,Mumbai,Beverages,Bread,4,335,0.19,1085.4,140.19,UPI
ORD00691,2023-04-13,4,April,15,DMart-Pune-1,Pune,Dairy,Biscuits,1,407,0.03,394.79,97.87,UPI
ORD00692,2023-05-28,5,May,21,DMart-Mumbai-1,Mumbai,Beverages,Rice,1,375,0.09,341.25,64.84,Card
ORD00693,2023-04-18,4,April,16,DMart-Nagpur-3,Nagpur,Dairy,Tissue,5,124,0.16,520.8,130.24,Wallet
ORD00694,2023-11-15,11,November,46,DMart-Mumbai-1,Mumbai,Groceries,Milk,5,212,0.28,763.2,177.6,Card
ORD00695,2023-03-29,3,March,13,DMart-Thane-2,Thane,Beverages,Wheat,5,122,0.08,561.2,62.08,Cash
ORD00696,2023-02-04,2,February,5,DMart-Pune-2,Pune,Beverages,Water,3,359,0.27,786.21,95.59,Wallet
ORD00697,2023-04-29,4,April,17,DMart-Nashik-2,Nashik,Household,Water,1,383,0.28,275.76,44.97,Cash
ORD00698,2023-04-06,4,April,14,DMart-Mumbai-1,Mumbai,Household,Eggs,5,254,0.29,901.7,218.66,UPI
ORD00699,2023-09-29,9,September,39,DMart-Pune-3,Pune,Beverages,Toothpaste,4,270,0.23,831.6,109.27,Card
ORD00700,2023-07-01,7,July,26,DMart-Pune-2,Pune,Dairy,Toothpaste,3,276,0.25,621.0,69.8,Wallet
ORD00701,2023-01-16,1,January,3,DMart-Thane-2,Thane,Beverages,Tissue,2,135,0.1,243.0,67.9,UPI
ORD00702,2023-02-14,2,February,7,DMart-Pune-1,Pune,Household,Water,5,367,0.27,1339.55,301.54,Wallet
ORD00703,2023-05-04,5,May,18,DMart-Mumbai-3,Mumbai,Personal Care,Milk,5,179,0.1,805.5,152.91,UPI
ORD00704,2023-12-01,12,December,48,DMart-Thane-3,Thane,Household,Milk,2,297,0.27,433.62,55.34,UPI
ORD00705,2023-08-09,8,August,32,DMart-Nagpur-3,Nagpur,Household,Milk,2,489,0.1,880.2,99.96,Cash
ORD00706,2023-04-05,4,April,14,DMart-Nagpur-1,Nagpur,Dairy,Chips,1,392,0.24,297.92,48.78,Wallet
ORD00707,2023-06-05,6,June,23,DMart-Mumbai-1,Mumbai,Beverages,Tea,2,97,0.03,188.18,23.77,Card
ORD00708,2023-11-07,11,November,45,DMart-Mumbai-2,Mumbai,Household,Soap,2,138,0.21,218.04,22.94,Wallet
ORD00709,2023-03-10,3,March,10,DMart-Nagpur-2,Nagpur,Household,Detergent,3,260,0.05,741.0,200.39,Wallet
ORD00710,2023-03-12,3,March,10,DMart-Mumbai-1,Mumbai,Dairy,Bread,1,135,0.13,117.45,29.7,Card
ORD00711,2023-07-31,7,July,31,DMart-Nagpur-2,Nagpur,Dairy,Soap,2,407,0.02,797.72,108.02,Wallet
ORD00712,2023-12-19,12,December,51,DMart-Mumbai-1,Mumbai,Personal Care,Chips,2,474,0.13,824.76,149.26,Wallet
ORD00713,2023-06-10,6,June,23,DMart-Thane-2,Thane,Household,Water,5,500,0.19,2025.0,419.64,Cash
ORD00714,2023-09-24,9,September,38,DMart-Nagpur-3,Nagpur,Personal Care,Oil,1,253,0.28,182.16,54.5,Wallet
ORD00715,2023-01-21,1,January,3,DMart-Nagpur-1,Nagpur,Personal Care,Tissue,1,284,0.06,266.96,42.24,Card
ORD00716,2023-05-27,5,May,21,DMart-Thane-3,Thane,Dairy,Tea,3,236,0.19,573.48,162.76,UPI
ORD00717,2023-08-26,8,August,34,DMart-Thane-1,Thane,Groceries,Tea,5,389,0.03,1886.65,256.5,UPI
ORD00718,2023-07-21,7,July,29,DMart-Nashik-3,Nashik,Beverages,Juice,1,250,0.05,237.5,45.3,UPI
ORD00719,2023-08-21,8,August,34,DMart-Mumbai-2,Mumbai,Beverages,Sugar,2,185,0.22,288.6,71.18,Cash
ORD00720,2023-12-28,12,December,52,DMart-Nashik-1,Nashik,Beverages,Tea,5,63,0.22,245.7,43.44,UPI
ORD00721,2023-07-13,7,July,28,DMart-Nashik-2,Nashik,Personal Care,Tissue,2,42,0.29,59.64,9.96,UPI
ORD00722,2023-03-25,3,March,12,DMart-Thane-3,Thane,Dairy,Milk,1,413,0.13,359.31,58.07,Wallet
ORD00723,2023-05-28,5,May,21,DMart-Thane-1,Thane,Groceries,Bread,2,480,0.3,672.0,94.46,Card
ORD00724,2023-01-07,1,January,1,DMart-Thane-1,Thane,Personal Care,Tea,4,457,0.17,1517.24,396.74,Wallet
ORD00725,2023-05-02,5,May,18,DMart-Mumbai-2,Mumbai,Household,Eggs,4,357,0.14,1228.08,223.55,Cash
ORD00726,2023-05-06,5,May,18,DMart-Mumbai-1,Mumbai,Beverages,Tissue,5,337,0.26,1246.9,330.49,UPI
ORD00727,2023-03-17,3,March,11,DMart-Thane-1,Thane,Beverages,Wheat,2,38,0.27,55.48,5.91,Card
ORD00728,2023-06-19,6,June,25,DMart-Pune-2,Pune,Groceries,Sugar,4,75,0.05,285.0,37.7,UPI
ORD00729,2023-08-22,8,August,34,DMart-Nagpur-1,Nagpur,Groceries,Biscuits,3,67,0.1,180.9,31.42,Cash
ORD00730,2023-08-07,8,August,32,DMart-Nashik-2,Nashik,Groceries,Tissue,4,169,0.04,648.96,80.73,Card
ORD00731,2023-06-18,6,June,24,DMart-Mumbai-1,Mumbai,Personal Care,Detergent,2,288,0.22,449.28,63.71,Cash
ORD00732,2023-10-20,10,October,42,DMart-Thane-3,Thane,Groceries,Detergent,5,267,0.29,947.85,244.2,Card
ORD00733,2023-08-07,8,August,32,DMart-Mumbai-3,Mumbai,Beverages,Chips,5,289,0.19,1170.45,199.88,Wallet
ORD00734,2023-09-24,9,September,38,DMart-Thane-3,Thane,Personal Care,Coffee,2,433,0.28,623.52,138.35,Card
ORD00735,2023-04-10,4,April,15,DMart-Thane-3,Thane,Groceries,Rice,4,32,0.2,102.4,26.56,UPI
ORD00736,2023-11-12,11,November,45,DMart-Thane-2,Thane,Personal Care,Juice,3,43,0.11,114.81,24.35,UPI
ORD00737,2023-01-06,1,January,1,DMart-Nagpur-3,Nagpur,Beverages,Eggs,1,150,0.09,136.5,21.85,Card
ORD00738,2023-01-04,1,January,1,DMart-Mumbai-1,Mumbai,Beverages,Oil,4,194,0.23,597.52,127.74,UPI
ORD00739,2023-04-10,4,April,15,DMart-Mumbai-1,Mumbai,Beverages,Chips,4,492,0.29,1397.28,272.33,UPI
ORD00740,2023-09-04,9,September,36,DMart-Nashik-1,Nashik,Personal Care,Milk,5,476,0.28,1713.6,286.21,Wallet
ORD00741,2023-01-29,1,January,4,DMart-Pune-1,Pune,Beverages,Detergent,3,309,0.17,769.41,159.4,Card
ORD00742,2023-07-01,7,July,26,DMart-Thane-2,Thane,Dairy,Sugar,1,163,0.1,146.7,43.53,UPI
ORD00743,2023-10-20,10,October,42,DMart-Pune-2,Pune,Dairy,Water,1,324,0.27,236.52,60.66,Card
ORD00744,2023-12-30,12,December,52,DMart-Pune-3,Pune,Beverages,Wheat,1,231,0.15,196.35,54.08,Wallet
ORD00745,2023-06-04,6,June,22,DMart-Mumbai-1,Mumbai,Household,Eggs,2,174,0.03,337.56,59.02,UPI
ORD00746,2023-02-17,2,February,7,DMart-Pune-1,Pune,Household,Tea,4,32,0.28,92.16,18.43,Card
ORD00747,2023-09-05,9,September,36,DMart-Mumbai-2,Mumbai,Beverages,Detergent,3,417,0.04,1200.96,304.92,UPI
ORD00748,2023-04-16,4,April,15,DMart-Nashik-3,Nashik,Personal Care,Wheat,5,218,0.03,1057.3,106.6,Cash
ORD00749,2023-12-18,12,December,51,DMart-Thane-2,Thane,Beverages,Sugar,1,259,0.03,251.23,51.28,Card
ORD00750,2023-01-12,1,January,2,DMart-Nagpur-3,Nagpur,Dairy,Toothpaste,2,184,0.06,345.92,54.42,Card
ORD00751,2023-08-14,8,August,33,DMart-Thane-1,Thane,Beverages,Oil,2,96,0.08,176.64,21.71,Cash
ORD00752,2023-04-16,4,April,15,DMart-Thane-3,Thane,Beverages,Tissue,3,301,0.08,830.76,106.6,Card
ORD00753,2023-10-21,10,October,42,DMart-Nagpur-3,Nagpur,Dairy,Soap,3,56,0.19,136.08,37.89,Wallet
ORD00754,2023-01-26,1,January,4,DMart-Mumbai-2,Mumbai,Groceries,Milk,1,261,0.03,253.17,44.74,Wallet
ORD00755,2023-07-20,7,July,29,DMart-Thane-3,Thane,Household,Bread,5,476,0.2,1904.0,508.82,Wallet
ORD00756,2023-11-12,11,November,45,DMart-Nashik-1,Nashik,Beverages,Biscuits,2,190,0.22,296.4,74.6,Cash
ORD00757,2023-08-27,8,August,34,DMart-Thane-2,Thane,Groceries,Milk,4,436,0.03,1691.68,323.31,Wallet
ORD00758,2023-08-29,8,August,35,DMart-Nagpur-1,Nagpur,Dairy,Soap,5,93,0.08,427.8,120.88,UPI
ORD00759,2023-12-25,12,December,52,DMart-Mumbai-2,Mumbai,Beverages,Chips,4,252,0.0,1008.0,113.98,Card
ORD00760,2023-09-03,9,September,35,DMart-Nagpur-3,Nagpur,Dairy,Tea,3,164,0.19,398.52,85.66,Cash
ORD00761,2023-07-27,7,July,30,DMart-Nagpur-2,Nagpur,Beverages,Oil,1,304,0.25,228.0,36.58,Wallet
ORD00762,2023-10-30,10,October,44,DMart-Nagpur-2,Nagpur,Dairy,Juice,2,337,0.17,559.42,73.73,Wallet
ORD00763,2023-02-03,2,February,5,DMart-Nagpur-1,Nagpur,Dairy,Chips,5,436,0.13,1896.6,487.17,Card
ORD00764,2023-10-06,10,October,40,DMart-Thane-1,Thane,Dairy,Soap,1,359,0.23,276.43,79.11,Wallet
ORD00765,2023-02-28,2,February,9,DMart-Pune-2,Pune,Beverages,Tea,1,304,0.26,224.96,42.53,Wallet
ORD00766,2023-02-05,2,February,5,DMart-Thane-2,Thane,Household,Oil,4,414,0.1,1490.4,296.38,Cash
ORD00767,2023-02-16,2,February,7,DMart-Nashik-1,Nashik,Dairy,Eggs,5,474,0.28,1706.4,428.3,Cash
ORD00768,2023-03-17,3,March,11,DMart-Nagpur-2,Nagpur,Personal Care,Milk,3,292,0.12,770.88,171.99,UPI
ORD00769,2023-04-16,4,April,15,DMart-Nagpur-1,Nagpur,Beverages,Chips,3,311,0.29,662.43,191.22,Card
ORD00770,2023-02-15,2,February,7,DMart-Pune-2,Pune,Household,Rice,4,281,0.27,820.52,102.98,Cash
ORD00771,2023-07-09,7,July,27,DMart-Mumbai-2,Mumbai,Groceries,Tissue,5,20,0.26,74.0,21.88,Card
ORD00772,2023-01-16,1,January,3,DMart-Thane-3,Thane,Personal Care,Soap,5,379,0.12,1667.6,375.28,Wallet
ORD00773,2023-07-27,7,July,30,DMart-Mumbai-3,Mumbai,Personal Care,Water,2,299,0.21,472.42,63.63,UPI
ORD00774,2023-10-12,10,October,41,DMart-Nashik-2,Nashik,Beverages,Water,4,450,0.04,1728.0,272.5,UPI
ORD00775,2023-03-10,3,March,10,DMart-Nagpur-2,Nagpur,Groceries,Rice,1,351,0.04,336.96,82.31,Wallet
ORD00776,2023-03-11,3,March,10,DMart-Nashik-1,Nashik,Dairy,Sugar,4,348,0.27,1016.16,194.3,Wallet
ORD00777,2023-11-16,11,November,46,DMart-Nagpur-1,Nagpur,Personal Care,Bread,4,280,0.17,929.6,245.43,Card
ORD00778,2023-04-26,4,April,17,DMart-Thane-3,Thane,Personal Care,Bread,1,329,0.18,269.78,53.86,UPI
ORD00779,2023-12-31,12,December,52,DMart-Mumbai-1,Mumbai,Beverages,Detergent,5,230,0.18,943.0,163.51,Wallet
ORD00780,2023-12-27,12,December,52,DMart-Mumbai-3,Mumbai,Groceries,Biscuits,4,317,0.3,887.6,211.34,Card
ORD00781,2023-08-27,8,August,34,DMart-Thane-2,Thane,Groceries,Detergent,5,287,0.02,1406.3,209.6,Cash
ORD00782,2023-12-17,12,December,50,DMart-Nagpur-3,Nagpur,Household,Tissue,5,179,0.01,886.05,248.73,Cash
ORD00783,2023-08-29,8,August,35,DMart-Nagpur-1,Nagpur,Household,Tea,4,483,0.18,1584.24,390.93,Card
ORD00784,2023-05-31,5,May,22,DMart-Nashik-1,Nashik,Dairy,Toothpaste,5,38,0.23,146.3,23.53,Card
ORD00785,2023-02-01,2,February,5,DMart-Pune-2,Pune,Household,Coffee,5,106,0.01,524.7,121.34,Cash
ORD00786,2023-05-27,5,May,21,DMart-Pune-2,Pune,Groceries,Coffee,5,84,0.02,411.6,111.25,Card
ORD00787,2023-03-09,3,March,10,DMart-Thane-1,Thane,Beverages,Shampoo,3,459,0.0,1377.0,341.89,UPI
ORD00788,2023-10-30,10,October,44,DMart-Pune-1,Pune,Personal Care,Milk,2,209,0.08,384.56,98.64,Wallet
ORD00789,2023-04-03,4,April,14,DMart-Nashik-3,Nashik,Groceries,Detergent,1,195,0.3,136.5,17.61,UPI
ORD00790,2023-09-11,9,September,37,DMart-Pune-1,Pune,Personal Care,Juice,4,141,0.23,434.28,98.81,Card
ORD00791,2023-01-28,1,January,4,DMart-Pune-2,Pune,Groceries,Shampoo,2,46,0.14,79.12,14.22,Wallet
ORD00792,2023-09-30,9,September,39,DMart-Nagpur-3,Nagpur,Personal Care,Soap,4,369,0.15,1254.6,191.36,Wallet
ORD00793,2023-01-07,1,January,1,DMart-Mumbai-1,Mumbai,Personal Care,Toothpaste,3,215,0.3,451.5,93.03,Cash
ORD00794,2023-09-30,9,September,39,DMart-Nashik-1,Nashik,Personal Care,Biscuits,3,332,0.1,896.4,138.1,Cash
ORD00795,2023-05-11,5,May,19,DMart-Nashik-1,Nashik,Personal Care,Water,2,415,0.23,639.1,149.79,UPI
ORD00796,2023-09-24,9,September,38,DMart-Nashik-2,Nashik,Dairy,Chips,5,180,0.0,900.0,211.1,Cash
ORD00797,2023-01-07,1,January,1,DMart-Pune-1,Pune,Groceries,Juice,1,288,0.21,227.52,43.04,Card
ORD00798,2023-05-09,5,May,19,DMart-Thane-1,Thane,Groceries,Eggs,5,32,0.02,156.8,17.46,UPI
ORD00799,2023-11-03,11,November,44,DMart-Nashik-1,Nashik,Groceries,Oil,5,64,0.04,307.2,53.82,UPI
ORD00800,2023-02-26,2,February,8,DMart-Thane-2,Thane,Beverages,Bread,4,170,0.21,537.2,154.3,Wallet
ORD00801,2023-05-22,5,May,21,DMart-Nashik-1,Nashik,Beverages,Juice,2,151,0.24,229.52,26.35,Cash
ORD00802,2023-07-15,7,July,28,DMart-Mumbai-3,Mumbai,Beverages,Water,3,50,0.3,105.0,27.57,Wallet
ORD00803,2023-02-05,2,February,5,DMart-Mumbai-2,Mumbai,Dairy,Coffee,4,332,0.05,1261.6,289.03,UPI
ORD00804,2023-10-04,10,October,40,DMart-Pune-2,Pune,Dairy,Juice,1,334,0.29,237.14,44.66,Cash
ORD00805,2023-01-18,1,January,3,DMart-Nashik-3,Nashik,Groceries,Sugar,3,312,0.24,711.36,134.57,Wallet
ORD00806,2023-03-18,3,March,11,DMart-Pune-3,Pune,Groceries,Rice,4,360,0.08,1324.8,172.65,Wallet
ORD00807,2023-10-22,10,October,42,DMart-Nashik-2,Nashik,Household,Rice,4,382,0.15,1298.8,243.15,Cash
ORD00808,2023-10-04,10,October,40,DMart-Nashik-3,Nashik,Groceries,Soap,4,216,0.03,838.08,178.89,Card
ORD00809,2023-06-20,6,June,25,DMart-Pune-3,Pune,Personal Care,Toothpaste,1,48,0.11,42.72,8.84,Cash
ORD00810,2023-08-24,8,August,34,DMart-Thane-2,Thane,Dairy,Toothpaste,5,110,0.01,544.5,159.81,UPI
ORD00811,2023-06-03,6,June,22,DMart-Thane-2,Thane,Groceries,Water,3,342,0.15,872.1,102.01,Wallet
ORD00812,2023-04-08,4,April,14,DMart-Pune-1,Pune,Groceries,Milk,1,118,0.23,90.86,27.19,Wallet
ORD00813,2023-07-19,7,July,29,DMart-Nashik-2,Nashik,Household,Sugar,3,349,0.15,889.95,184.03,Wallet
ORD00814,2023-01-09,1,January,2,DMart-Nagpur-1,Nagpur,Beverages,Wheat,3,48,0.25,108.0,26.37,Cash
ORD00815,2023-04-19,4,April,16,DMart-Pune-1,Pune,Personal Care,Detergent,5,367,0.04,1761.6,437.25,Cash
ORD00816,2023-01-19,1,January,3,DMart-Thane-1,Thane,Personal Care,Milk,1,354,0.15,300.9,84.68,Cash
ORD00817,2023-05-05,5,May,18,DMart-Nashik-1,Nashik,Groceries,Milk,1,108,0.28,77.76,12.56,Cash
ORD00818,2023-08-22,8,August,34,DMart-Nashik-1,Nashik,Household,Bread,1,52,0.03,50.44,10.06,UPI
ORD00819,2023-02-02,2,February,5,DMart-Thane-2,Thane,Personal Care,Eggs,4,192,0.1,691.2,85.82,UPI
ORD00820,2023-06-14,6,June,24,DMart-Pune-2,Pune,Groceries,Eggs,2,323,0.1,581.4,65.49,UPI
ORD00821,2023-08-01,8,August,31,DMart-Thane-1,Thane,Beverages,Bread,2,303,0.14,521.16,77.51,Cash
ORD00822,2023-03-10,3,March,10,DMart-Mumbai-2,Mumbai,Household,Oil,2,212,0.0,424.0,116.99,Cash
ORD00823,2023-01-04,1,January,1,DMart-Thane-3,Thane,Groceries,Bread,5,381,0.28,1371.6,214.99,Wallet
ORD00824,2023-12-21,12,December,51,DMart-Pune-1,Pune,Dairy,Milk,3,93,0.16,234.36,44.55,UPI
ORD00825,2023-11-09,11,November,45,DMart-Thane-2,Thane,Household,Wheat,4,112,0.19,362.88,105.26,Card
ORD00826,2023-06-28,6,June,26,DMart-Nagpur-3,Nagpur,Groceries,Juice,2,305,0.06,573.4,70.82,Cash
ORD00827,2023-11-13,11,November,46,DMart-Thane-2,Thane,Household,Biscuits,2,279,0.14,479.88,121.92,UPI
ORD00828,2023-05-22,5,May,21,DMart-Nashik-3,Nashik,Dairy,Wheat,2,77,0.21,121.66,32.7,Wallet
ORD00829,2023-09-12,9,September,37,DMart-Pune-2,Pune,Dairy,Bread,1,363,0.01,359.37,82.29,UPI
ORD00830,2023-08-11,8,August,32,DMart-Mumbai-1,Mumbai,Beverages,Shampoo,4,335,0.01,1326.6,160.37,UPI
ORD00831,2023-03-22,3,March,12,DMart-Thane-3,Thane,Personal Care,Rice,1,283,0.02,277.34,77.38,Wallet
ORD00832,2023-10-31,10,October,44,DMart-Pune-3,Pune,Personal Care,Chips,3,121,0.07,337.59,86.35,UPI
ORD00833,2023-02-20,2,February,8,DMart-Mumbai-2,Mumbai,Personal Care,Soap,2,465,0.12,818.4,227.74,Wallet
ORD00834,2023-10-27,10,October,43,DMart-Thane-1,Thane,Groceries,Coffee,4,475,0.04,1824.0,261.26,Wallet
ORD00835,2023-04-02,4,April,13,DMart-Pune-3,Pune,Beverages,Water,4,89,0.23,274.12,38.06,Card
ORD00836,2023-04-14,4,April,15,DMart-Mumbai-2,Mumbai,Dairy,Chips,5,36,0.01,178.2,27.82,Wallet
ORD00837,2023-08-23,8,August,34,DMart-Thane-1,Thane,Dairy,Juice,3,409,0.07,1141.11,316.41,UPI
ORD00838,2023-11-23,11,November,47,DMart-Nagpur-3,Nagpur,Household,Bread,2,303,0.02,593.88,108.29,Wallet
ORD00839,2023-04-21,4,April,16,DMart-Nashik-2,Nashik,Personal Care,Coffee,1,162,0.23,124.74,23.15,UPI
ORD00840,2023-05-07,5,May,18,DMart-Mumbai-3,Mumbai,Personal Care,Chips,2,316,0.28,455.04,129.91,Cash
ORD00841,2023-08-02,8,August,31,DMart-Nagpur-1,Nagpur,Groceries,Wheat,5,260,0.01,1287.0,238.27,Wallet
ORD00842,2023-12-23,12,December,51,DMart-Mumbai-1,Mumbai,Personal Care,Oil,2,273,0.02,535.08,113.28,Wallet
ORD00843,2023-04-22,4,April,16,DMart-Mumbai-1,Mumbai,Beverages,Milk,2,171,0.2,273.6,82.02,Wallet
ORD00844,2023-12-09,12,December,49,DMart-Thane-1,Thane,Dairy,Toothpaste,4,380,0.27,1109.6,237.54,Cash
ORD00845,2023-08-21,8,August,34,DMart-Pune-3,Pune,Dairy,Tea,4,467,0.05,1774.6,457.8,Wallet
ORD00846,2023-12-27,12,December,52,DMart-Nagpur-1,Nagpur,Groceries,Rice,3,217,0.16,546.84,58.26,Card
ORD00847,2023-12-24,12,December,51,DMart-Thane-1,Thane,Household,Tissue,2,426,0.25,639.0,151.4,Card
ORD00848,2023-01-29,1,January,4,DMart-Nagpur-2,Nagpur,Beverages,Detergent,1,474,0.03,459.78,81.19,Cash
ORD00849,2023-07-07,7,July,27,DMart-Thane-3,Thane,Dairy,Biscuits,5,351,0.22,1368.9,155.23,UPI
ORD00850,2023-03-12,3,March,10,DMart-Nashik-1,Nashik,Dairy,Chips,1,296,0.2,236.8,46.34,UPI
ORD00851,2023-04-26,4,April,17,DMart-Pune-2,Pune,Beverages,Chips,3,479,0.16,1207.08,284.93,Cash
ORD00852,2023-02-02,2,February,5,DMart-Mumbai-2,Mumbai,Beverages,Biscuits,4,251,0.16,843.36,173.17,Wallet
ORD00853,2023-12-30,12,December,52,DMart-Nashik-1,Nashik,Household,Tissue,3,480,0.14,1238.4,277.64,Cash
ORD00854,2023-04-07,4,April,14,DMart-Mumbai-2,Mumbai,Groceries,Tea,4,61,0.28,175.68,23.85,Cash
ORD00855,2023-03-26,3,March,12,DMart-Pune-1,Pune,Groceries,Shampoo,2,376,0.15,639.2,83.16,Cash
ORD00856,2023-05-31,5,May,22,DMart-Nagpur-2,Nagpur,Household,Juice,2,497,0.15,844.9,143.08,Cash
ORD00857,2023-05-30,5,May,22,DMart-Thane-2,Thane,Groceries,Eggs,2,31,0.26,45.88,13.28,Card
ORD00858,2023-07-30,7,July,30,DMart-Nashik-2,Nashik,Beverages,Chips,5,268,0.21,1058.6,253.4,Wallet
ORD00859,2023-08-23,8,August,34,DMart-Pune-1,Pune,Household,Toothpaste,3,87,0.05,247.95,63.93,Wallet
ORD00860,2023-07-10,7,July,28,DMart-Mumbai-3,Mumbai,Groceries,Toothpaste,3,95,0.09,259.35,49.58,UPI
ORD00861,2023-12-31,12,December,52,DMart-Nashik-3,Nashik,Beverages,Tissue,2,113,0.26,167.24,40.41,UPI
ORD00862,2023-03-24,3,March,12,DMart-Pune-2,Pune,Groceries,Soap,3,41,0.18,100.86,12.64,Card
ORD00863,2023-04-05,4,April,14,DMart-Pune-3,Pune,Household,Eggs,1,382,0.21,301.78,49.31,UPI
ORD00864,2023-07-10,7,July,28,DMart-Mumbai-1,Mumbai,Household,Tea,5,103,0.09,468.65,58.25,Wallet
ORD00865,2023-09-13,9,September,37,DMart-Thane-3,Thane,Personal Care,Milk,3,495,0.04,1425.6,143.78,Card
ORD00866,2023-11-28,11,November,48,DMart-Thane-1,Thane,Personal Care,Toothpaste,3,478,0.3,1003.8,251.79,UPI
ORD00867,2023-10-17,10,October,42,DMart-Mumbai-1,Mumbai,Beverages,Tea,1,372,0.23,286.44,56.08,UPI
ORD00868,2023-12-14,12,December,50,DMart-Pune-1,Pune,Groceries,Tissue,1,177,0.12,155.76,34.81,Wallet
ORD00869,2023-07-02,7,July,26,DMart-Nagpur-3,Nagpur,Beverages,Sugar,5,48,0.2,192.0,26.69,UPI
ORD00870,2023-05-23,5,May,21,DMart-Thane-2,Thane,Groceries,Eggs,5,62,0.27,226.3,42.79,Cash
ORD00871,2023-09-20,9,September,38,DMart-Mumbai-1,Mumbai,Dairy,Water,3,271,0.19,658.53,145.55,Card
ORD00872,2023-07-23,7,July,29,DMart-Pune-3,Pune,Personal Care,Milk,4,209,0.11,744.04,76.22,Card
ORD00873,2023-06-07,6,June,23,DMart-Thane-3,Thane,Household,Tea,2,64,0.23,98.56,27.36,Wallet
ORD00874,2023-08-15,8,August,33,DMart-Mumbai-3,Mumbai,Dairy,Toothpaste,4,432,0.23,1330.56,371.61,Cash
ORD00875,2023-03-15,3,March,11,DMart-Thane-1,Thane,Beverages,Eggs,5,263,0.1,1183.5,134.0,Wallet
ORD00876,2023-02-15,2,February,7,DMart-Nagpur-2,Nagpur,Personal Care,Rice,3,347,0.13,905.67,122.25,UPI
ORD00877,2023-04-13,4,April,15,DMart-Nashik-2,Nashik,Personal Care,Bread,5,168,0.15,714.0,77.43,Card
ORD00878,2023-10-27,10,October,43,DMart-Mumbai-1,Mumbai,Personal Care,Toothpaste,4,306,0.07,1138.32,119.94,UPI
ORD00879,2023-05-15,5,May,20,DMart-Nashik-3,Nashik,Personal Care,Toothpaste,3,83,0.13,216.63,29.43,UPI
ORD00880,2023-01-15,1,January,2,DMart-Thane-1,Thane,Beverages,Oil,1,272,0.19,220.32,54.88,Wallet
ORD00881,2023-10-17,10,October,42,DMart-Pune-3,Pune,Beverages,Juice,4,341,0.22,1063.92,280.51,Cash
ORD00882,2023-05-13,5,May,19,DMart-Thane-3,Thane,Household,Bread,2,49,0.1,88.2,16.95,UPI
ORD00883,2023-07-02,7,July,26,DMart-Pune-3,Pune,Groceries,Bread,3,159,0.13,414.99,94.31,Cash
ORD00884,2023-05-29,5,May,22,DMart-Thane-2,Thane,Household,Toothpaste,1,347,0.16,291.48,40.45,UPI
ORD00885,2023-02-18,2,February,7,DMart-Nashik-1,Nashik,Household,Bread,3,185,0.26,410.7,110.48,Card
ORD00886,2023-05-19,5,May,20,DMart-Mumbai-1,Mumbai,Groceries,Biscuits,5,293,0.11,1303.85,345.08,UPI
ORD00887,2023-09-23,9,September,38,DMart-Nashik-3,Nashik,Beverages,Toothpaste,4,418,0.13,1454.64,244.47,UPI
ORD00888,2023-02-22,2,February,8,DMart-Nashik-3,Nashik,Dairy,Eggs,2,277,0.26,409.96,56.44,Cash
ORD00889,2023-08-02,8,August,31,DMart-Pune-3,Pune,Groceries,Tea,2,79,0.29,112.18,11.61,Card
ORD00890,2023-12-20,12,December,51,DMart-Nagpur-3,Nagpur,Dairy,Biscuits,4,438,0.28,1261.44,375.3,Card
ORD00891,2023-03-30,3,March,13,DMart-Thane-3,Thane,Groceries,Toothpaste,1,401,0.07,372.93,46.89,UPI
ORD00892,2023-12-19,12,December,51,DMart-Nagpur-1,Nagpur,Beverages,Soap,2,84,0.04,161.28,47.77,Cash
ORD00893,2023-02-09,2,February,6,DMart-Mumbai-1,Mumbai,Personal Care,Rice,4,407,0.01,1611.72,224.46,Cash
ORD00894,2023-08-29,8,August,35,DMart-Nashik-1,Nashik,Beverages,Oil,1,42,0.09,38.22,8.93,Cash
ORD00895,2023-03-05,3,March,9,DMart-Mumbai-1,Mumbai,Household,Eggs,2,481,0.05,913.9,213.96,Cash
ORD00896,2023-03-16,3,March,11,DMart-Nashik-1,Nashik,Household,Shampoo,3,198,0.05,564.3,152.94,UPI
ORD00897,2023-09-16,9,September,37,DMart-Pune-1,Pune,Groceries,Sugar,5,439,0.24,1668.2,171.49,UPI
ORD00898,2023-05-25,5,May,21,DMart-Nagpur-3,Nagpur,Household,Bread,1,22,0.29,15.62,2.23,Wallet
ORD00899,2023-07-07,7,July,27,DMart-Nagpur-1,Nagpur,Personal Care,Bread,1,364,0.05,345.8,92.31,Wallet
ORD00900,2023-04-20,4,April,16,DMart-Mumbai-2,Mumbai,Dairy,Detergent,1,228,0.24,173.28,51.45,Wallet
ORD00901,2023-02-26,2,February,8,DMart-Thane-3,Thane,Dairy,Detergent,3,273,0.22,638.82,100.71,Cash
ORD00902,2023-02-12,2,February,6,DMart-Thane-3,Thane,Personal Care,Chips,4,79,0.09,287.56,55.04,Card
ORD00903,2023-12-18,12,December,51,DMart-Nagpur-1,Nagpur,Dairy,Tea,4,303,0.09,1102.92,327.56,UPI
ORD00904,2023-02-05,2,February,5,DMart-Mumbai-2,Mumbai,Beverages,Coffee,1,111,0.21,87.69,17.39,Wallet
ORD00905,2023-08-13,8,August,32,DMart-Thane-1,Thane,Groceries,Detergent,2,81,0.12,142.56,25.68,Cash
ORD00906,2023-03-28,3,March,13,DMart-Nagpur-1,Nagpur,Beverages,Sugar,3,121,0.06,341.22,74.72,Cash
ORD00907,2023-04-30,4,April,17,DMart-Nashik-1,Nashik,Personal Care,Juice,5,162,0.18,664.2,102.68,Wallet
ORD00908,2023-07-02,7,July,26,DMart-Nashik-1,Nashik,Household,Coffee,4,227,0.16,762.72,118.82,Wallet
ORD00909,2023-02-25,2,February,8,DMart-Mumbai-3,Mumbai,Beverages,Oil,4,270,0.07,1004.4,226.67,Cash
ORD00910,2023-02-20,2,February,8,DMart-Thane-2,Thane,Groceries,Wheat,1,275,0.05,261.25,46.12,Card
ORD00911,2023-03-20,3,March,12,DMart-Nashik-1,Nashik,Household,Toothpaste,1,339,0.24,257.64,29.71,Wallet
ORD00912,2023-08-27,8,August,34,DMart-Nagpur-3,Nagpur,Beverages,Eggs,4,358,0.15,1217.2,244.61,Card
ORD00913,2023-10-04,10,October,40,DMart-Mumbai-2,Mumbai,Groceries,Tissue,1,411,0.13,357.57,98.7,Wallet
ORD00914,2023-08-19,8,August,33,DMart-Nagpur-3,Nagpur,Personal Care,Chips,4,246,0.01,974.16,103.82,Card
ORD00915,2023-12-28,12,December,52,DMart-Nagpur-2,Nagpur,Personal Care,Bread,2,240,0.09,436.8,106.21,Cash
ORD00916,2023-10-19,10,October,42,DMart-Nagpur-3,Nagpur,Household,Coffee,5,370,0.18,1517.0,294.24,UPI
ORD00917,2023-09-17,9,September,37,DMart-Thane-1,Thane,Personal Care,Wheat,4,154,0.18,505.12,148.59,Card
ORD00918,2023-05-26,5,May,21,DMart-Pune-3,Pune,Groceries,Chips,5,34,0.01,168.3,21.15,Card
ORD00919,2023-10-26,10,October,43,DMart-Pune-3,Pune,Beverages,Rice,1,214,0.13,186.18,31.47,Wallet
ORD00920,2023-06-29,6,June,26,DMart-Mumbai-2,Mumbai,Dairy,Wheat,2,146,0.2,233.6,37.94,Cash
ORD00921,2023-06-06,6,June,23,DMart-Nagpur-2,Nagpur,Beverages,Oil,1,106,0.17,87.98,14.54,Wallet
ORD00922,2023-10-18,10,October,42,DMart-Mumbai-1,Mumbai,Personal Care,Detergent,1,156,0.22,121.68,23.6,Card
ORD00923,2023-07-13,7,July,28,DMart-Thane-3,Thane,Beverages,Water,1,313,0.25,234.75,46.4,UPI
ORD00924,2023-06-22,6,June,25,DMart-Pune-3,Pune,Household,Coffee,3,435,0.05,1239.75,276.42,Wallet
ORD00925,2023-04-14,4,April,15,DMart-Mumbai-1,Mumbai,Groceries,Coffee,5,450,0.06,2115.0,333.05,Card
ORD00926,2023-10-21,10,October,42,DMart-Mumbai-2,Mumbai,Dairy,Water,1,339,0.22,264.42,71.09,Card
ORD00927,2023-05-20,5,May,20,DMart-Pune-3,Pune,Household,Sugar,5,430,0.15,1827.5,338.86,Cash
ORD00928,2023-11-30,11,November,48,DMart-Pune-3,Pune,Household,Toothpaste,3,431,0.13,1124.91,261.76,UPI
ORD00929,2023-08-01,8,August,31,DMart-Nagpur-3,Nagpur,Beverages,Water,5,339,0.14,1457.7,341.56,UPI
ORD00930,2023-01-10,1,January,2,DMart-Nashik-2,Nashik,Dairy,Detergent,4,315,0.06,1184.4,274.97,Wallet
ORD00931,2023-05-18,5,May,20,DMart-Thane-2,Thane,Household,Tissue,4,456,0.29,1295.04,276.13,Cash
ORD00932,2023-09-25,9,September,39,DMart-Thane-2,Thane,Beverages,Eggs,2,256,0.07,476.16,61.95,Card
ORD00933,2023-08-11,8,August,32,DMart-Nagpur-1,Nagpur,Beverages,Juice,1,460,0.2,368.0,51.78,Card
ORD00934,2023-05-27,5,May,21,DMart-Mumbai-2,Mumbai,Beverages,Bread,5,371,0.07,1725.15,312.55,UPI
ORD00935,2023-04-09,4,April,14,DMart-Nagpur-1,Nagpur,Dairy,Rice,3,428,0.14,1104.24,217.62,Wallet
ORD00936,2023-11-28,11,November,48,DMart-Nashik-1,Nashik,Dairy,Wheat,3,101,0.04,290.88,30.78,Card
ORD00937,2023-12-04,12,December,49,DMart-Nashik-1,Nashik,Dairy,Tissue,1,349,0.3,244.3,59.73,Cash
ORD00938,2023-01-29,1,January,4,DMart-Nagpur-1,Nagpur,Beverages,Sugar,3,328,0.27,718.32,80.97,Card
ORD00939,2023-12-10,12,December,49,DMart-Thane-3,Thane,Personal Care,Sugar,2,449,0.07,835.14,102.21,Cash
ORD00940,2023-09-25,9,September,39,DMart-Nashik-1,Nashik,Beverages,Detergent,1,274,0.07,254.82,56.05,Card
ORD00941,2023-06-18,6,June,24,DMart-Mumbai-3,Mumbai,Dairy,Water,4,498,0.06,1872.48,241.28,UPI
ORD00942,2023-05-21,5,May,20,DMart-Pune-3,Pune,Personal Care,Tea,5,150,0.01,742.5,147.07,Cash
ORD00943,2023-06-12,6,June,24,DMart-Nashik-1,Nashik,Personal Care,Tissue,2,263,0.3,368.2,57.27,UPI
ORD00944,2023-07-05,7,July,27,DMart-Nashik-3,Nashik,Beverages,Coffee,3,440,0.0,1320.0,302.38,Cash
ORD00945,2023-12-06,12,December,49,DMart-Thane-3,Thane,Dairy,Wheat,5,149,0.12,655.6,106.11,Card
ORD00946,2023-12-17,12,December,50,DMart-Mumbai-1,Mumbai,Household,Oil,2,463,0.27,675.98,127.41,Wallet
ORD00947,2023-05-11,5,May,19,DMart-Nashik-3,Nashik,Groceries,Toothpaste,2,499,0.09,908.18,129.03,UPI
ORD00948,2023-08-13,8,August,32,DMart-Nashik-2,Nashik,Personal Care,Chips,1,424,0.08,390.08,106.6,Wallet
ORD00949,2023-08-30,8,August,35,DMart-Mumbai-2,Mumbai,Beverages,Juice,4,387,0.28,1114.56,316.21,UPI
ORD00950,2023-12-24,12,December,51,DMart-Nashik-2,Nashik,Household,Shampoo,3,53,0.13,138.33,30.49,Card
ORD00951,2023-08-21,8,August,34,DMart-Thane-2,Thane,Groceries,Rice,2,348,0.2,556.8,105.06,UPI
ORD00952,2023-01-02,1,January,1,DMart-Mumbai-2,Mumbai,Dairy,Water,3,341,0.1,920.7,198.1,UPI
ORD00953,2023-05-08,5,May,19,DMart-Pune-3,Pune,Dairy,Detergent,5,453,0.21,1789.35,325.77,Wallet
ORD00954,2023-09-02,9,September,35,DMart-Pune-2,Pune,Beverages,Milk,5,108,0.26,399.6,66.14,UPI
ORD00955,2023-02-13,2,February,7,DMart-Nashik-2,Nashik,Beverages,Juice,4,113,0.28,325.44,57.1,UPI
ORD00956,2023-01-11,1,January,2,DMart-Mumbai-2,Mumbai,Household,Rice,5,351,0.2,1404.0,204.62,Wallet
ORD00957,2023-04-12,4,April,15,DMart-Pune-2,Pune,Dairy,Shampoo,4,45,0.19,145.8,27.09,UPI
ORD00958,2023-02-15,2,February,7,DMart-Nagpur-1,Nagpur,Dairy,Biscuits,1,310,0.0,310.0,75.55,Wallet
ORD00959,2023-12-11,12,December,50,DMart-Nashik-2,Nashik,Groceries,Coffee,2,134,0.06,251.92,72.86,Card
ORD00960,2023-05-28,5,May,21,DMart-Pune-1,Pune,Personal Care,Coffee,4,86,0.27,251.12,35.49,Card
ORD00961,2023-12-13,12,December,50,DMart-Pune-2,Pune,Personal Care,Eggs,4,112,0.25,336.0,43.41,Card
ORD00962,2023-05-01,5,May,18,DMart-Mumbai-2,Mumbai,Dairy,Tea,5,209,0.21,825.55,189.42,Cash
ORD00963,2023-08-29,8,August,35,DMart-Nagpur-1,Nagpur,Beverages,Milk,4,374,0.21,1181.84,168.35,Wallet
ORD00964,2023-11-02,11,November,44,DMart-Nashik-3,Nashik,Groceries,Shampoo,5,68,0.01,336.6,37.17,UPI
ORD00965,2023-08-30,8,August,35,DMart-Mumbai-1,Mumbai,Household,Biscuits,5,500,0.22,1950.0,486.81,Cash
ORD00966,2023-05-10,5,May,19,DMart-Mumbai-3,Mumbai,Household,Detergent,3,215,0.12,567.6,132.96,Cash
ORD00967,2023-10-25,10,October,43,DMart-Nashik-3,Nashik,Beverages,Bread,5,106,0.15,450.5,128.87,Wallet
ORD00968,2023-03-09,3,March,10,DMart-Mumbai-2,Mumbai,Beverages,Sugar,5,383,0.13,1666.05,213.85,Card
ORD00969,2023-01-23,1,January,4,DMart-Nagpur-1,Nagpur,Personal Care,Milk,3,466,0.23,1076.46,185.28,Card
ORD00970,2023-05-15,5,May,20,DMart-Thane-3,Thane,Household,Shampoo,4,180,0.28,518.4,68.95,Wallet
ORD00971,2023-03-19,3,March,11,DMart-Mumbai-3,Mumbai,Personal Care,Tissue,2,47,0.04,90.24,10.01,Cash
ORD00972,2023-08-29,8,August,35,DMart-Nashik-3,Nashik,Dairy,Shampoo,4,381,0.13,1325.88,163.35,Wallet
ORD00973,2023-01-21,1,January,3,DMart-Mumbai-2,Mumbai,Beverages,Tea,5,383,0.15,1627.75,311.8,UPI
ORD00974,2023-03-05,3,March,9,DMart-Thane-3,Thane,Groceries,Biscuits,3,124,0.05,353.4,94.35,Card
ORD00975,2023-10-16,10,October,42,DMart-Nagpur-1,Nagpur,Household,Eggs,5,22,0.24,83.6,17.9,Cash
ORD00976,2023-05-07,5,May,18,DMart-Thane-2,Thane,Groceries,Coffee,3,474,0.0,1422.0,223.05,Cash
ORD00977,2023-07-21,7,July,29,DMart-Mumbai-1,Mumbai,Household,Biscuits,1,495,0.26,366.3,60.33,Cash
ORD00978,2023-08-24,8,August,34,DMart-Pune-3,Pune,Personal Care,Coffee,3,341,0.19,828.63,191.91,Cash
ORD00979,2023-12-02,12,December,48,DMart-Mumbai-1,Mumbai,Beverages,Tea,5,394,0.04,1891.2,269.07,Card
ORD00980,2023-06-15,6,June,24,DMart-Pune-2,Pune,Groceries,Wheat,5,300,0.12,1320.0,156.43,UPI
ORD00981,2023-05-03,5,May,18,DMart-Nagpur-1,Nagpur,Groceries,Water,2,30,0.05,57.0,10.13,Card
ORD00982,2023-11-28,11,November,48,DMart-Nashik-1,Nashik,Groceries,Milk,4,172,0.25,516.0,96.22,Card
ORD00983,2023-12-17,12,December,50,DMart-Pune-1,Pune,Beverages,Milk,1,360,0.26,266.4,46.22,Wallet
ORD00984,2023-08-17,8,August,33,DMart-Nashik-1,Nashik,Personal Care,Water,5,157,0.19,635.85,117.39,Wallet
ORD00985,2023-07-08,7,July,27,DMart-Pune-3,Pune,Personal Care,Bread,4,342,0.02,1340.64,144.91,Wallet
ORD00986,2023-12-13,12,December,50,DMart-Nagpur-3,Nagpur,Dairy,Soap,4,496,0.16,1666.56,376.5,Cash
ORD00987,2023-05-29,5,May,22,DMart-Mumbai-3,Mumbai,Personal Care,Tea,4,60,0.09,218.4,28.33,Card
ORD00988,2023-05-08,5,May,19,DMart-Nashik-3,Nashik,Personal Care,Detergent,5,171,0.01,846.45,177.92,Cash
ORD00989,2023-09-20,9,September,38,DMart-Thane-3,Thane,Household,Oil,4,237,0.03,919.56,177.41,Card
ORD00990,2023-07-01,7,July,26,DMart-Thane-2,Thane,Household,Shampoo,5,61,0.0,305.0,37.45,Wallet
ORD00991,2023-04-02,4,April,13,DMart-Pune-2,Pune,Personal Care,Bread,1,43,0.13,37.41,10.3,Card
ORD00992,2023-10-28,10,October,43,DMart-Nashik-2,Nashik,Personal Care,Tea,3,339,0.1,915.3,268.5,UPI
ORD00993,2023-04-19,4,April,16,DMart-Mumbai-2,Mumbai,Groceries,Bread,5,402,0.08,1849.2,507.28,Wallet
ORD00994,2023-10-01,10,October,39,DMart-Nagpur-2,Nagpur,Groceries,Rice,1,222,0.0,222.0,29.83,Wallet
ORD00995,2023-12-21,12,December,51,DMart-Thane-1,Thane,Household,Water,4,391,0.09,1423.24,318.38,Card
ORD00996,2023-12-20,12,December,51,DMart-Mumbai-2,Mumbai,Beverages,Water,2,64,0.04,122.88,12.63,Cash
ORD00997,2023-12-23,12,December,51,DMart-Pune-1,Pune,Groceries,Eggs,4,127,0.2,406.4,52.44,Wallet
ORD00998,2023-11-17,11,November,46,DMart-Nagpur-2,Nagpur,Dairy,Tissue,3,64,0.24,145.92,28.12,Wallet
ORD00999,2023-01-12,1,January,2,DMart-Nagpur-2,Nagpur,Dairy,Oil,2,482,0.23,742.28,178.53,Wallet
ORD01000,2023-01-11,1,January,2,DMart-Nashik-2,Nashik,Household,Tea,2,144,0.09,262.08,56.06,Wallet
ORD01001,2023-01-27,1,January,4,DMart-Thane-3,Thane,Groceries,Chips,4,72,0.13,250.56,67.58,Card
ORD01002,2023-01-19,1,January,3,DMart-Nashik-3,Nashik,Personal Care,Coffee,5,268,0.18,1098.8,269.12,Wallet
ORD01003,2023-04-29,4,April,17,DMart-Mumbai-2,Mumbai,Household,Wheat,4,29,0.18,95.12,15.52,Card
ORD01004,2023-11-28,11,November,48,DMart-Pune-3,Pune,Personal Care,Juice,4,79,0.19,255.96,73.66,Wallet
ORD01005,2023-12-24,12,December,51,DMart-Pune-3,Pune,Groceries,Juice,3,102,0.23,235.62,32.62,Wallet
ORD01006,2023-04-29,4,April,17,DMart-Nashik-2,Nashik,Dairy,Detergent,3,320,0.29,681.6,150.24,Wallet
ORD01007,2023-03-09,3,March,10,DMart-Nashik-2,Nashik,Personal Care,Toothpaste,3,233,0.25,524.25,101.95,UPI
ORD01008,2023-11-15,11,November,46,DMart-Mumbai-3,Mumbai,Beverages,Eggs,1,373,0.21,294.67,57.93,UPI
ORD01009,2023-03-22,3,March,12,DMart-Pune-2,Pune,Groceries,Coffee,4,426,0.3,1192.8,356.35,UPI
ORD01010,2023-04-18,4,April,16,DMart-Thane-2,Thane,Groceries,Tissue,3,29,0.28,62.64,9.53,UPI
ORD01011,2023-03-31,3,March,13,DMart-Thane-1,Thane,Groceries,Detergent,1,433,0.1,389.7,72.53,UPI
ORD01012,2023-03-03,3,March,9,DMart-Nashik-1,Nashik,Dairy,Tissue,3,269,0.1,726.3,186.64,Cash
ORD01013,2023-10-13,10,October,41,DMart-Thane-3,Thane,Dairy,Shampoo,5,456,0.19,1846.8,431.96,Cash
ORD01014,2023-08-13,8,August,32,DMart-Mumbai-2,Mumbai,Groceries,Tea,5,74,0.19,299.7,76.85,Cash
ORD01015,2023-09-17,9,September,37,DMart-Pune-3,Pune,Dairy,Oil,1,342,0.27,249.66,35.22,UPI
ORD01016,2023-05-30,5,May,22,DMart-Pune-3,Pune,Household,Tea,1,275,0.04,264.0,60.57,UPI
ORD01017,2023-03-04,3,March,9,DMart-Nagpur-2,Nagpur,Personal Care,Eggs,1,232,0.07,215.76,57.6,Card
ORD01018,2023-05-27,5,May,21,DMart-Nagpur-1,Nagpur,Dairy,Detergent,3,63,0.11,168.21,40.88,Card
ORD01019,2023-11-19,11,November,46,DMart-Mumbai-3,Mumbai,Dairy,Soap,5,405,0.13,1761.75,453.55,Wallet
ORD01020,2023-07-31,7,July,31,DMart-Mumbai-1,Mumbai,Personal Care,Juice,5,456,0.25,1710.0,404.31,Wallet
ORD01021,2023-03-16,3,March,11,DMart-Nashik-1,Nashik,Household,Rice,1,55,0.1,49.5,8.07,UPI
ORD01022,2023-08-11,8,August,32,DMart-Mumbai-3,Mumbai,Personal Care,Wheat,1,408,0.21,322.32,91.7,Cash
ORD01023,2023-11-20,11,November,47,DMart-Nagpur-3,Nagpur,Beverages,Detergent,4,234,0.28,673.92,159.16,Card
ORD01024,2023-06-10,6,June,23,DMart-Nashik-3,Nashik,Groceries,Biscuits,3,443,0.28,956.88,196.69,UPI
ORD01025,2023-12-25,12,December,52,DMart-Nashik-1,Nashik,Personal Care,Water,2,349,0.28,502.56,104.98,Wallet
ORD01026,2023-12-24,12,December,51,DMart-Mumbai-1,Mumbai,Personal Care,Biscuits,2,417,0.28,600.48,96.26,Card
ORD01027,2023-07-19,7,July,29,DMart-Nagpur-3,Nagpur,Household,Milk,3,296,0.06,834.72,98.97,Card
ORD01028,2023-09-24,9,September,38,DMart-Thane-1,Thane,Dairy,Chips,1,31,0.28,22.32,5.79,Card
ORD01029,2023-05-04,5,May,18,DMart-Pune-3,Pune,Personal Care,Toothpaste,1,278,0.23,214.06,23.97,Card
ORD01030,2023-11-18,11,November,46,DMart-Mumbai-2,Mumbai,Beverages,Detergent,1,83,0.24,63.08,14.52,Wallet
ORD01031,2023-06-02,6,June,22,DMart-Thane-1,Thane,Personal Care,Rice,2,193,0.25,289.5,72.13,UPI
ORD01032,2023-06-29,6,June,26,DMart-Nagpur-1,Nagpur,Beverages,Toothpaste,5,361,0.21,1425.95,182.51,UPI
ORD01033,2023-02-23,2,February,8,DMart-Nagpur-2,Nagpur,Household,Chips,2,318,0.26,470.64,120.35,Cash
ORD01034,2023-03-17,3,March,11,DMart-Mumbai-3,Mumbai,Personal Care,Juice,1,61,0.01,60.39,11.17,Wallet
ORD01035,2023-04-20,4,April,16,DMart-Nagpur-3,Nagpur,Groceries,Tea,5,209,0.12,919.6,200.15,Wallet
ORD01036,2023-05-16,5,May,20,DMart-Nashik-2,Nashik,Personal Care,Coffee,4,245,0.23,754.6,222.35,UPI
ORD01037,2023-03-15,3,March,11,DMart-Nagpur-3,Nagpur,Dairy,Detergent,4,268,0.04,1029.12,302.16,Cash
ORD01038,2023-12-22,12,December,51,DMart-Nagpur-3,Nagpur,Personal Care,Eggs,1,262,0.23,201.74,26.5,Card
ORD01039,2023-03-02,3,March,9,DMart-Nagpur-3,Nagpur,Groceries,Juice,3,81,0.18,199.26,31.47,UPI
ORD01040,2023-03-02,3,March,9,DMart-Nashik-1,Nashik,Beverages,Biscuits,3,211,0.09,576.03,113.58,UPI
ORD01041,2023-03-14,3,March,11,DMart-Mumbai-3,Mumbai,Groceries,Juice,3,499,0.28,1077.84,168.89,Wallet
ORD01042,2023-01-02,1,January,1,DMart-Nagpur-2,Nagpur,Household,Oil,1,198,0.27,144.54,15.75,Card
ORD01043,2023-10-17,10,October,42,DMart-Nashik-2,Nashik,Beverages,Tea,4,420,0.15,1428.0,381.12,UPI
ORD01044,2023-03-12,3,March,10,DMart-Nashik-2,Nashik,Personal Care,Detergent,4,409,0.21,1292.44,245.32,Card
ORD01045,2023-02-15,2,February,7,DMart-Thane-2,Thane,Personal Care,Juice,4,139,0.1,500.4,104.18,Wallet
ORD01046,2023-05-23,5,May,21,DMart-Nashik-1,Nashik,Dairy,Sugar,1,382,0.18,313.24,70.8,Card
ORD01047,2023-10-15,10,October,41,DMart-Thane-1,Thane,Household,Oil,2,63,0.3,88.2,19.73,Cash
ORD01048,2023-10-19,10,October,42,DMart-Mumbai-2,Mumbai,Dairy,Detergent,4,404,0.16,1357.44,379.23,UPI
ORD01049,2023-01-10,1,January,2,DMart-Nagpur-3,Nagpur,Dairy,Shampoo,5,145,0.14,623.5,72.91,Card
ORD01050,2023-07-25,7,July,30,DMart-Nagpur-1,Nagpur,Personal Care,Wheat,1,461,0.1,414.9,77.75,Cash
ORD01051,2023-09-28,9,September,39,DMart-Nagpur-3,Nagpur,Personal Care,Chips,1,151,0.03,146.47,43.35,UPI
ORD01052,2023-05-27,5,May,21,DMart-Nagpur-1,Nagpur,Dairy,Milk,1,150,0.04,144.0,23.24,UPI
ORD01053,2023-01-31,1,January,5,DMart-Pune-3,Pune,Dairy,Chips,1,33,0.09,30.03,5.34,UPI
ORD01054,2023-07-31,7,July,31,DMart-Nashik-1,Nashik,Beverages,Chips,1,212,0.01,209.88,29.49,UPI
ORD01055,2023-09-10,9,September,36,DMart-Nagpur-2,Nagpur,Household,Detergent,1,217,0.08,199.64,22.38,Wallet
ORD01056,2023-02-03,2,February,5,DMart-Pune-2,Pune,Groceries,Coffee,2,228,0.29,323.76,89.76,Cash
ORD01057,2023-05-07,5,May,18,DMart-Nashik-2,Nashik,Dairy,Tissue,5,175,0.13,761.25,144.03,UPI
ORD01058,2023-03-14,3,March,11,DMart-Nashik-3,Nashik,Household,Biscuits,2,106,0.17,175.96,51.12,Wallet
ORD01059,2023-01-22,1,January,3,DMart-Mumbai-3,Mumbai,Personal Care,Rice,5,444,0.09,2020.2,465.88,Cash
ORD01060,2023-01-31,1,January,5,DMart-Pune-3,Pune,Beverages,Coffee,3,326,0.26,723.72,170.8,UPI
ORD01061,2023-10-27,10,October,43,DMart-Mumbai-2,Mumbai,Beverages,Detergent,2,43,0.23,66.22,13.7,Card
ORD01062,2023-02-15,2,February,7,DMart-Pune-2,Pune,Groceries,Water,2,445,0.23,685.3,144.8,Wallet
ORD01063,2023-04-18,4,April,16,DMart-Nashik-1,Nashik,Beverages,Detergent,3,472,0.2,1132.8,172.49,Wallet
ORD01064,2023-05-20,5,May,20,DMart-Pune-3,Pune,Beverages,Soap,2,194,0.14,333.68,97.37,Cash
ORD01065,2023-12-21,12,December,51,DMart-Thane-2,Thane,Groceries,Milk,4,331,0.0,1324.0,371.1,UPI
ORD01066,2023-07-31,7,July,31,DMart-Nashik-3,Nashik,Personal Care,Tissue,4,410,0.17,1361.2,158.21,Cash
ORD01067,2023-10-03,10,October,40,DMart-Nagpur-1,Nagpur,Personal Care,Rice,1,364,0.11,323.96,95.38,Card
ORD01068,2023-07-18,7,July,29,DMart-Nagpur-2,Nagpur,Groceries,Bread,4,83,0.11,295.48,84.88,Cash
ORD01069,2023-04-24,4,April,17,DMart-Thane-1,Thane,Beverages,Rice,3,368,0.06,1037.76,122.45,Card
ORD01070,2023-04-24,4,April,17,DMart-Thane-3,Thane,Personal Care,Soap,1,205,0.08,188.6,37.45,UPI
ORD01071,2023-01-04,1,January,1,DMart-Mumbai-3,Mumbai,Personal Care,Eggs,3,76,0.18,186.96,37.4,UPI
ORD01072,2023-12-04,12,December,49,DMart-Pune-2,Pune,Groceries,Bread,2,321,0.23,494.34,55.87,UPI
ORD01073,2023-09-25,9,September,39,DMart-Thane-1,Thane,Dairy,Shampoo,1,454,0.22,354.12,83.41,Card
ORD01074,2023-12-15,12,December,50,DMart-Thane-2,Thane,Personal Care,Tissue,4,21,0.2,67.2,15.77,Cash
ORD01075,2023-06-15,6,June,24,DMart-Nagpur-2,Nagpur,Personal Care,Juice,1,160,0.21,126.4,25.74,Card
ORD01076,2023-09-22,9,September,38,DMart-Nagpur-2,Nagpur,Dairy,Wheat,3,44,0.29,93.72,17.25,Card
ORD01077,2023-01-03,1,January,1,DMart-Mumbai-1,Mumbai,Dairy,Water,1,191,0.28,137.52,29.48,UPI
ORD01078,2023-12-20,12,December,51,DMart-Pune-2,Pune,Groceries,Juice,2,489,0.06,919.32,122.17,Cash
ORD01079,2023-11-17,11,November,46,DMart-Nashik-1,Nashik,Groceries,Oil,4,265,0.25,795.0,83.32,Card
ORD01080,2023-05-09,5,May,19,DMart-Mumbai-1,Mumbai,Groceries,Soap,2,262,0.3,366.8,61.68,Card
ORD01081,2023-09-24,9,September,38,DMart-Mumbai-2,Mumbai,Groceries,Soap,5,417,0.19,1688.85,317.01,Wallet
ORD01082,2023-10-24,10,October,43,DMart-Nashik-2,Nashik,Groceries,Oil,1,51,0.12,44.88,7.3,Cash
ORD01083,2023-03-07,3,March,10,DMart-Mumbai-2,Mumbai,Personal Care,Wheat,3,48,0.19,116.64,26.27,Cash
ORD01084,2023-12-13,12,December,50,DMart-Mumbai-2,Mumbai,Household,Wheat,3,46,0.27,100.74,17.76,Wallet
ORD01085,2023-04-30,4,April,17,DMart-Thane-1,Thane,Personal Care,Rice,4,216,0.25,648.0,120.28,Cash
ORD01086,2023-06-23,6,June,25,DMart-Mumbai-2,Mumbai,Personal Care,Rice,3,284,0.18,698.64,96.76,Cash
ORD01087,2023-11-01,11,November,44,DMart-Thane-2,Thane,Household,Sugar,2,424,0.28,610.56,131.05,Card
ORD01088,2023-07-01,7,July,26,DMart-Mumbai-3,Mumbai,Personal Care,Juice,5,391,0.14,1681.3,230.65,Cash
ORD01089,2023-01-31,1,January,5,DMart-Nashik-1,Nashik,Beverages,Milk,4,319,0.16,1071.84,312.92,Card
ORD01090,2023-06-09,6,June,23,DMart-Pune-2,Pune,Dairy,Tissue,4,95,0.09,345.8,76.31,Card
ORD01091,2023-01-05,1,January,1,DMart-Nashik-2,Nashik,Household,Detergent,2,356,0.01,704.88,103.95,Cash
ORD01092,2023-08-05,8,August,31,DMart-Pune-1,Pune,Dairy,Biscuits,2,122,0.25,183.0,20.8,Wallet
ORD01093,2023-12-22,12,December,51,DMart-Pune-3,Pune,Household,Tea,3,374,0.27,819.06,176.66,Card
ORD01094,2023-08-03,8,August,31,DMart-Mumbai-1,Mumbai,Dairy,Chips,4,73,0.28,210.24,54.21,Wallet
ORD01095,2023-04-23,4,April,16,DMart-Pune-1,Pune,Dairy,Rice,2,374,0.14,643.28,144.6,Wallet
ORD01096,2023-06-19,6,June,25,DMart-Pune-3,Pune,Dairy,Water,2,224,0.26,331.52,98.78,Cash
ORD01097,2023-02-07,2,February,6,DMart-Pune-1,Pune,Groceries,Biscuits,1,304,0.04,291.84,46.14,Card
ORD01098,2023-01-23,1,January,4,DMart-Pune-2,Pune,Dairy,Rice,3,121,0.05,344.85,49.59,UPI
ORD01099,2023-06-23,6,June,25,DMart-Pune-2,Pune,Dairy,Tissue,2,111,0.0,222.0,30.02,Cash
ORD01100,2023-01-11,1,January,2,DMart-Pune-2,Pune,Personal Care,Milk,1,355,0.1,319.5,91.77,Wallet
ORD01101,2023-05-03,5,May,18,DMart-Nashik-1,Nashik,Beverages,Biscuits,2,358,0.3,501.2,102.94,Wallet
ORD01102,2023-12-31,12,December,52,DMart-Nagpur-3,Nagpur,Groceries,Sugar,2,93,0.25,139.5,19.24,Wallet
ORD01103,2023-12-22,12,December,51,DMart-Mumbai-1,Mumbai,Beverages,Biscuits,4,326,0.2,1043.2,155.34,UPI
ORD01104,2023-10-02,10,October,40,DMart-Pune-2,Pune,Dairy,Toothpaste,2,187,0.01,370.26,83.64,UPI
ORD01105,2023-09-18,9,September,38,DMart-Thane-2,Thane,Dairy,Coffee,1,392,0.25,294.0,57.08,Cash
ORD01106,2023-03-27,3,March,13,DMart-Nagpur-2,Nagpur,Personal Care,Detergent,5,404,0.11,1797.8,359.05,UPI
ORD01107,2023-06-14,6,June,24,DMart-Nagpur-2,Nagpur,Household,Biscuits,4,375,0.22,1170.0,340.65,Card
ORD01108,2023-10-25,10,October,43,DMart-Pune-1,Pune,Household,Water,1,352,0.06,330.88,47.62,Wallet
ORD01109,2023-05-01,5,May,18,DMart-Mumbai-3,Mumbai,Dairy,Water,4,176,0.28,506.88,88.92,Card
ORD01110,2023-05-11,5,May,19,DMart-Pune-3,Pune,Groceries,Tissue,1,88,0.09,80.08,15.13,UPI
ORD01111,2023-10-26,10,October,43,DMart-Nagpur-2,Nagpur,Personal Care,Wheat,5,282,0.1,1269.0,235.04,Wallet
ORD01112,2023-07-29,7,July,30,DMart-Nagpur-2,Nagpur,Personal Care,Biscuits,3,182,0.12,480.48,50.42,UPI
ORD01113,2023-05-16,5,May,20,DMart-Nagpur-3,Nagpur,Beverages,Sugar,1,481,0.09,437.71,117.53,Cash
ORD01114,2023-05-22,5,May,21,DMart-Pune-1,Pune,Groceries,Soap,1,80,0.11,71.2,7.67,Card
ORD01115,2023-04-11,4,April,15,DMart-Mumbai-3,Mumbai,Beverages,Chips,3,174,0.06,490.68,118.32,Card
ORD01116,2023-01-05,1,January,1,DMart-Nagpur-1,Nagpur,Beverages,Toothpaste,3,441,0.25,992.25,297.05,Cash
ORD01117,2023-08-30,8,August,35,DMart-Thane-3,Thane,Dairy,Detergent,4,463,0.07,1722.36,250.41,UPI
ORD01118,2023-08-31,8,August,35,DMart-Nashik-2,Nashik,Household,Soap,5,320,0.24,1216.0,235.6,Wallet
ORD01119,2023-06-24,6,June,25,DMart-Thane-3,Thane,Beverages,Sugar,2,453,0.13,788.22,200.23,Wallet
ORD01120,2023-04-18,4,April,16,DMart-Thane-1,Thane,Personal Care,Tea,5,456,0.0,2280.0,398.86,UPI
ORD01121,2023-06-06,6,June,23,DMart-Nagpur-1,Nagpur,Personal Care,Rice,3,434,0.1,1171.8,170.03,Wallet
ORD01122,2023-12-20,12,December,51,DMart-Mumbai-1,Mumbai,Beverages,Tissue,5,186,0.0,930.0,198.57,UPI
ORD01123,2023-03-20,3,March,12,DMart-Nashik-2,Nashik,Household,Chips,5,342,0.29,1214.1,269.01,Wallet
ORD01124,2023-07-15,7,July,28,DMart-Mumbai-2,Mumbai,Personal Care,Eggs,5,52,0.12,228.8,31.5,Card
ORD01125,2023-10-19,10,October,42,DMart-Mumbai-3,Mumbai,Beverages,Tea,2,67,0.03,129.98,30.54,Cash
ORD01126,2023-12-19,12,December,51,DMart-Nagpur-1,Nagpur,Groceries,Coffee,2,115,0.02,225.4,63.62,Card
ORD01127,2023-04-16,4,April,15,DMart-Pune-3,Pune,Beverages,Soap,5,357,0.02,1749.3,334.0,Cash
ORD01128,2023-03-29,3,March,13,DMart-Nagpur-1,Nagpur,Personal Care,Chips,2,220,0.03,426.8,53.7,Wallet
ORD01129,2023-02-05,2,February,5,DMart-Thane-3,Thane,Dairy,Water,2,86,0.09,156.52,29.18,Wallet
ORD01130,2023-03-23,3,March,12,DMart-Pune-2,Pune,Household,Toothpaste,5,123,0.22,479.7,113.67,UPI
ORD01131,2023-01-04,1,January,1,DMart-Nagpur-3,Nagpur,Personal Care,Milk,4,52,0.19,168.48,44.06,Card
ORD01132,2023-10-19,10,October,42,DMart-Pune-2,Pune,Personal Care,Coffee,5,256,0.01,1267.2,313.58,Wallet
ORD01133,2023-06-27,6,June,26,DMart-Nashik-3,Nashik,Personal Care,Toothpaste,2,333,0.13,579.42,86.81,Wallet
ORD01134,2023-08-23,8,August,34,DMart-Mumbai-1,Mumbai,Dairy,Water,5,377,0.03,1828.45,326.76,UPI
ORD01135,2023-03-22,3,March,12,DMart-Nashik-3,Nashik,Household,Shampoo,1,169,0.22,131.82,32.34,UPI
ORD01136,2023-09-10,9,September,36,DMart-Nagpur-3,Nagpur,Household,Juice,3,82,0.02,241.08,60.53,Card
ORD01137,2023-07-29,7,July,30,DMart-Mumbai-1,Mumbai,Dairy,Tea,2,149,0.16,250.32,27.27,Cash
ORD01138,2023-11-24,11,November,47,DMart-Mumbai-1,Mumbai,Personal Care,Tea,4,195,0.27,569.4,79.08,Cash
ORD01139,2023-05-09,5,May,19,DMart-Mumbai-2,Mumbai,Dairy,Oil,4,187,0.15,635.8,122.25,UPI
ORD01140,2023-08-13,8,August,32,DMart-Nashik-2,Nashik,Personal Care,Milk,3,440,0.26,976.8,129.2,Cash
ORD01141,2023-11-07,11,November,45,DMart-Mumbai-3,Mumbai,Dairy,Oil,1,170,0.17,141.1,35.03,Cash
ORD01142,2023-12-10,12,December,49,DMart-Thane-3,Thane,Beverages,Rice,4,98,0.11,348.88,47.3,Cash
ORD01143,2023-12-12,12,December,50,DMart-Nagpur-3,Nagpur,Dairy,Tissue,1,246,0.26,182.04,41.32,Cash
ORD01144,2023-07-19,7,July,29,DMart-Nagpur-1,Nagpur,Personal Care,Toothpaste,5,46,0.0,230.0,25.24,UPI
ORD01145,2023-05-08,5,May,19,DMart-Mumbai-1,Mumbai,Dairy,Biscuits,1,122,0.0,122.0,22.49,Card
ORD01146,2023-04-09,4,April,14,DMart-Thane-2,Thane,Dairy,Sugar,1,471,0.25,353.25,94.34,UPI
ORD01147,2023-03-27,3,March,13,DMart-Nagpur-3,Nagpur,Personal Care,Wheat,1,282,0.26,208.68,34.52,UPI
ORD01148,2023-11-16,11,November,46,DMart-Mumbai-2,Mumbai,Household,Eggs,4,222,0.03,861.36,126.17,Card
ORD01149,2023-06-15,6,June,24,DMart-Nagpur-2,Nagpur,Groceries,Bread,3,225,0.0,675.0,120.04,UPI
ORD01150,2023-02-03,2,February,5,DMart-Nagpur-1,Nagpur,Household,Shampoo,1,208,0.02,203.84,56.48,Card
ORD01151,2023-11-03,11,November,44,DMart-Nashik-2,Nashik,Groceries,Coffee,5,384,0.25,1440.0,429.27,UPI
ORD01152,2023-05-09,5,May,19,DMart-Nashik-1,Nashik,Household,Oil,4,186,0.21,587.76,167.46,UPI
ORD01153,2023-06-20,6,June,25,DMart-Thane-1,Thane,Beverages,Bread,4,455,0.02,1783.6,297.9,Wallet
ORD01154,2023-07-15,7,July,28,DMart-Pune-1,Pune,Dairy,Detergent,5,277,0.22,1080.3,321.58,Cash
ORD01155,2023-11-12,11,November,45,DMart-Mumbai-2,Mumbai,Beverages,Oil,4,141,0.24,428.64,63.74,Cash
ORD01156,2023-03-12,3,March,10,DMart-Thane-2,Thane,Personal Care,Biscuits,2,171,0.04,328.32,57.51,Cash
ORD01157,2023-05-02,5,May,18,DMart-Nashik-1,Nashik,Beverages,Tea,3,88,0.1,237.6,54.34,Cash
ORD01158,2023-09-24,9,September,38,DMart-Pune-3,Pune,Beverages,Juice,1,404,0.07,375.72,101.21,Card
ORD01159,2023-05-05,5,May,18,DMart-Thane-3,Thane,Household,Eggs,2,47,0.25,70.5,16.74,UPI
ORD01160,2023-11-08,11,November,45,DMart-Mumbai-2,Mumbai,Household,Water,2,184,0.14,316.48,71.51,Wallet
ORD01161,2023-02-05,2,February,5,DMart-Mumbai-2,Mumbai,Groceries,Eggs,2,344,0.3,481.6,67.83,UPI
ORD01162,2023-10-31,10,October,44,DMart-Nagpur-2,Nagpur,Dairy,Tissue,5,140,0.02,686.0,127.08,Card
ORD01163,2023-03-26,3,March,12,DMart-Pune-2,Pune,Dairy,Eggs,2,237,0.19,383.94,57.51,Wallet
ORD01164,2023-11-22,11,November,47,DMart-Pune-3,Pune,Beverages,Eggs,4,461,0.02,1807.12,524.43,Wallet
ORD01165,2023-07-13,7,July,28,DMart-Nagpur-1,Nagpur,Personal Care,Bread,4,245,0.16,823.2,182.65,UPI
ORD01166,2023-09-04,9,September,36,DMart-Pune-2,Pune,Personal Care,Rice,1,238,0.24,180.88,50.88,UPI
ORD01167,2023-10-11,10,October,41,DMart-Nagpur-1,Nagpur,Beverages,Bread,4,214,0.09,778.96,148.56,Wallet
ORD01168,2023-02-06,2,February,6,DMart-Pune-1,Pune,Dairy,Chips,4,386,0.06,1451.36,190.05,Cash
ORD01169,2023-01-07,1,January,1,DMart-Nagpur-1,Nagpur,Beverages,Detergent,4,271,0.29,769.64,140.97,Card
ORD01170,2023-07-16,7,July,28,DMart-Mumbai-1,Mumbai,Beverages,Coffee,5,348,0.02,1705.2,309.93,Cash
ORD01171,2023-07-17,7,July,29,DMart-Nashik-3,Nashik,Dairy,Bread,4,410,0.3,1148.0,173.41,Card
ORD01172,2023-09-18,9,September,38,DMart-Nagpur-1,Nagpur,Beverages,Coffee,1,376,0.2,300.8,53.26,UPI
ORD01173,2023-05-05,5,May,18,DMart-Mumbai-1,Mumbai,Groceries,Coffee,3,491,0.2,1178.4,284.36,UPI
ORD01174,2023-05-14,5,May,19,DMart-Thane-2,Thane,Dairy,Tea,2,150,0.19,243.0,52.41,UPI
ORD01175,2023-01-07,1,January,1,DMart-Nashik-3,Nashik,Groceries,Oil,4,349,0.12,1228.48,296.33,Cash
ORD01176,2023-09-23,9,September,38,DMart-Nagpur-3,Nagpur,Personal Care,Eggs,4,104,0.08,382.72,91.23,Wallet
ORD01177,2023-10-28,10,October,43,DMart-Nashik-1,Nashik,Personal Care,Toothpaste,1,405,0.03,392.85,89.27,Card
ORD01178,2023-03-15,3,March,11,DMart-Mumbai-3,Mumbai,Dairy,Shampoo,4,496,0.22,1547.52,250.11,Wallet
ORD01179,2023-01-01,1,January,52,DMart-Pune-2,Pune,Groceries,Oil,4,416,0.16,1397.76,256.31,Wallet
ORD01180,2023-03-29,3,March,13,DMart-Nagpur-3,Nagpur,Beverages,Bread,2,115,0.06,216.2,42.66,Cash
ORD01181,2023-08-19,8,August,33,DMart-Nashik-1,Nashik,Dairy,Eggs,1,122,0.23,93.94,12.83,UPI
ORD01182,2023-05-13,5,May,19,DMart-Mumbai-3,Mumbai,Personal Care,Juice,5,340,0.03,1649.0,451.29,Cash
ORD01183,2023-05-31,5,May,22,DMart-Thane-1,Thane,Personal Care,Sugar,3,83,0.02,244.02,41.1,UPI
ORD01184,2023-09-02,9,September,35,DMart-Mumbai-1,Mumbai,Groceries,Coffee,1,24,0.08,22.08,5.53,Cash
ORD01185,2023-02-19,2,February,7,DMart-Nashik-1,Nashik,Household,Eggs,1,425,0.12,374.0,82.5,Card
ORD01186,2023-09-06,9,September,36,DMart-Nashik-3,Nashik,Beverages,Coffee,4,329,0.1,1184.4,206.27,Card
ORD01187,2023-06-11,6,June,23,DMart-Pune-3,Pune,Beverages,Soap,4,360,0.12,1267.2,281.52,Card
ORD01188,2023-02-21,2,February,8,DMart-Nashik-3,Nashik,Personal Care,Rice,4,465,0.23,1432.2,382.52,UPI
ORD01189,2023-01-14,1,January,2,DMart-Thane-2,Thane,Household,Oil,2,163,0.11,290.14,55.24,Wallet
ORD01190,2023-09-21,9,September,38,DMart-Nashik-2,Nashik,Dairy,Juice,3,21,0.0,63.0,14.29,Cash
ORD01191,2023-06-16,6,June,24,DMart-Nashik-1,Nashik,Dairy,Tea,4,330,0.12,1161.6,287.89,Cash
ORD01192,2023-06-28,6,June,26,DMart-Thane-1,Thane,Personal Care,Juice,1,357,0.23,274.89,48.65,UPI
ORD01193,2023-12-31,12,December,52,DMart-Nagpur-3,Nagpur,Household,Milk,5,468,0.25,1755.0,476.24,Cash
ORD01194,2023-03-07,3,March,10,DMart-Nashik-3,Nashik,Groceries,Coffee,5,174,0.27,635.1,122.8,Wallet
ORD01195,2023-03-01,3,March,9,DMart-Thane-2,Thane,Household,Coffee,2,143,0.06,268.84,36.05,Cash
ORD01196,2023-02-24,2,February,8,DMart-Pune-2,Pune,Groceries,Juice,3,102,0.28,220.32,38.93,UPI
ORD01197,2023-05-12,5,May,19,DMart-Thane-3,Thane,Groceries,Coffee,2,360,0.29,511.2,105.77,Wallet
ORD01198,2023-02-16,2,February,7,DMart-Mumbai-2,Mumbai,Dairy,Chips,5,497,0.24,1888.6,537.82,Card
ORD01199,2023-07-13,7,July,28,DMart-Pune-2,Pune,Household,Water,4,458,0.25,1374.0,201.53,Cash
ORD01200,2023-05-29,5,May,22,DMart-Pune-1,Pune,Groceries,Sugar,3,65,0.23,150.15,32.8,Cash
ORD01201,2023-10-21,10,October,42,DMart-Thane-3,Thane,Dairy,Biscuits,3,456,0.3,957.6,168.57,Cash
ORD01202,2023-06-09,6,June,23,DMart-Nagpur-1,Nagpur,Household,Wheat,2,294,0.27,429.24,76.25,Card
ORD01203,2023-07-06,7,July,27,DMart-Nagpur-1,Nagpur,Household,Milk,5,359,0.18,1471.9,212.58,Cash
ORD01204,2023-10-03,10,October,40,DMart-Thane-2,Thane,Beverages,Tea,3,94,0.26,208.68,30.0,Wallet
ORD01205,2023-03-17,3,March,11,DMart-Nagpur-3,Nagpur,Dairy,Toothpaste,1,402,0.19,325.62,53.41,Cash
ORD01206,2023-05-21,5,May,20,DMart-Mumbai-1,Mumbai,Dairy,Coffee,3,273,0.22,638.82,187.37,Card
ORD01207,2023-03-20,3,March,12,DMart-Mumbai-3,Mumbai,Dairy,Eggs,1,378,0.29,268.38,73.29,Wallet
ORD01208,2023-07-20,7,July,29,DMart-Thane-2,Thane,Dairy,Toothpaste,5,31,0.12,136.4,22.84,Wallet
ORD01209,2023-06-28,6,June,26,DMart-Thane-3,Thane,Personal Care,Water,5,56,0.23,215.6,33.76,UPI
ORD01210,2023-12-25,12,December,52,DMart-Thane-1,Thane,Personal Care,Tissue,2,69,0.1,124.2,31.11,Cash
ORD01211,2023-12-30,12,December,52,DMart-Thane-3,Thane,Personal Care,Toothpaste,2,355,0.18,582.2,74.24,Wallet
ORD01212,2023-05-30,5,May,22,DMart-Pune-3,Pune,Dairy,Milk,2,131,0.23,201.74,46.45,Cash
ORD01213,2023-12-14,12,December,50,DMart-Pune-3,Pune,Personal Care,Milk,2,238,0.29,337.96,37.6,Wallet
ORD01214,2023-04-02,4,April,13,DMart-Mumbai-3,Mumbai,Groceries,Wheat,3,283,0.18,696.18,130.02,Wallet
ORD01215,2023-05-06,5,May,18,DMart-Thane-1,Thane,Groceries,Wheat,4,143,0.15,486.2,78.05,UPI
ORD01216,2023-12-01,12,December,48,DMart-Nagpur-1,Nagpur,Groceries,Water,4,418,0.27,1220.56,321.79,Card
ORD01217,2023-11-20,11,November,47,DMart-Nagpur-2,Nagpur,Beverages,Tea,1,25,0.03,24.25,2.83,UPI
ORD01218,2023-01-12,1,January,2,DMart-Nagpur-1,Nagpur,Beverages,Coffee,1,375,0.25,281.25,61.47,Wallet
ORD01219,2023-11-27,11,November,48,DMart-Thane-3,Thane,Beverages,Juice,2,312,0.03,605.28,99.9,UPI
ORD01220,2023-07-27,7,July,30,DMart-Nagpur-2,Nagpur,Personal Care,Rice,5,304,0.25,1140.0,299.18,Cash
ORD01221,2023-09-23,9,September,38,DMart-Mumbai-2,Mumbai,Groceries,Tissue,2,405,0.3,567.0,131.38,UPI
ORD01222,2023-11-03,11,November,44,DMart-Mumbai-1,Mumbai,Groceries,Bread,4,304,0.25,912.0,148.53,UPI
ORD01223,2023-10-22,10,October,42,DMart-Mumbai-1,Mumbai,Dairy,Eggs,5,64,0.08,294.4,79.57,Cash
ORD01224,2023-03-05,3,March,9,DMart-Thane-2,Thane,Beverages,Detergent,5,206,0.05,978.5,180.64,Cash
ORD01225,2023-05-08,5,May,19,DMart-Mumbai-3,Mumbai,Groceries,Toothpaste,3,285,0.21,675.45,139.7,Wallet
ORD01226,2023-12-22,12,December,51,DMart-Pune-1,Pune,Household,Chips,3,486,0.19,1180.98,245.22,Cash
ORD01227,2023-12-06,12,December,49,DMart-Nashik-2,Nashik,Dairy,Wheat,2,38,0.04,72.96,11.67,UPI
ORD01228,2023-03-10,3,March,10,DMart-Thane-1,Thane,Dairy,Tissue,3,322,0.08,888.72,111.71,Wallet
ORD01229,2023-02-08,2,February,6,DMart-Nagpur-1,Nagpur,Beverages,Tissue,4,153,0.2,489.6,137.45,Wallet
ORD01230,2023-02-12,2,February,6,DMart-Thane-2,Thane,Personal Care,Shampoo,2,375,0.17,622.5,87.62,Card
ORD01231,2023-11-21,11,November,47,DMart-Nashik-2,Nashik,Beverages,Eggs,5,308,0.19,1247.4,165.67,UPI
ORD01232,2023-06-11,6,June,23,DMart-Mumbai-2,Mumbai,Personal Care,Juice,5,33,0.07,153.45,17.72,Cash
ORD01233,2023-12-17,12,December,50,DMart-Nashik-3,Nashik,Personal Care,Tissue,3,53,0.2,127.2,14.98,Card
ORD01234,2023-05-20,5,May,20,DMart-Pune-1,Pune,Dairy,Milk,1,160,0.03,155.2,27.23,Wallet
ORD01235,2023-02-23,2,February,8,DMart-Nagpur-2,Nagpur,Dairy,Oil,3,289,0.18,710.94,187.88,Cash
ORD01236,2023-09-28,9,September,39,DMart-Mumbai-2,Mumbai,Household,Biscuits,3,463,0.17,1152.87,177.78,Cash
ORD01237,2023-03-29,3,March,13,DMart-Nashik-1,Nashik,Personal Care,Chips,3,112,0.25,252.0,62.56,Wallet
ORD01238,2023-09-02,9,September,35,DMart-Mumbai-3,Mumbai,Beverages,Milk,5,24,0.22,93.6,12.27,UPI
ORD01239,2023-07-13,7,July,28,DMart-Thane-2,Thane,Groceries,Shampoo,3,490,0.22,1146.6,292.96,Wallet
ORD01240,2023-12-28,12,December,52,DMart-Pune-2,Pune,Dairy,Tea,3,244,0.25,549.0,106.36,Card
ORD01241,2023-08-08,8,August,32,DMart-Nashik-1,Nashik,Dairy,Detergent,1,176,0.3,123.2,19.85,Card
ORD01242,2023-02-16,2,February,7,DMart-Thane-1,Thane,Groceries,Sugar,2,393,0.3,550.2,65.32,Cash
ORD01243,2023-02-13,2,February,7,DMart-Nagpur-1,Nagpur,Household,Toothpaste,4,495,0.25,1485.0,408.18,UPI
ORD01244,2023-09-03,9,September,35,DMart-Mumbai-1,Mumbai,Household,Coffee,5,370,0.22,1443.0,180.29,UPI
ORD01245,2023-01-04,1,January,1,DMart-Thane-2,Thane,Household,Juice,3,403,0.07,1124.37,336.01,Cash
ORD01246,2023-11-07,11,November,45,DMart-Mumbai-2,Mumbai,Dairy,Tea,5,365,0.28,1314.0,190.55,Card
ORD01247,2023-03-10,3,March,10,DMart-Pune-3,Pune,Beverages,Detergent,4,46,0.15,156.4,27.5,Cash
ORD01248,2023-06-23,6,June,25,DMart-Pune-2,Pune,Household,Soap,1,455,0.09,414.05,66.18,Card
ORD01249,2023-04-20,4,April,16,DMart-Nashik-3,Nashik,Household,Rice,2,221,0.29,313.82,50.51,Cash
ORD01250,2023-08-26,8,August,34,DMart-Pune-2,Pune,Groceries,Coffee,1,202,0.19,163.62,31.43,Card
ORD01251,2023-02-24,2,February,8,DMart-Mumbai-2,Mumbai,Beverages,Rice,2,475,0.12,836.0,142.88,Wallet
ORD01252,2023-09-09,9,September,36,DMart-Mumbai-2,Mumbai,Groceries,Eggs,5,290,0.28,1044.0,136.49,Wallet
ORD01253,2023-01-04,1,January,1,DMart-Pune-3,Pune,Beverages,Milk,4,135,0.12,475.2,83.09,Wallet
ORD01254,2023-04-04,4,April,14,DMart-Mumbai-3,Mumbai,Beverages,Tissue,4,75,0.21,237.0,63.49,UPI
ORD01255,2023-07-01,7,July,26,DMart-Mumbai-1,Mumbai,Groceries,Juice,2,203,0.03,393.82,54.31,UPI
ORD01256,2023-07-22,7,July,29,DMart-Nagpur-2,Nagpur,Beverages,Juice,1,481,0.05,456.95,106.58,Card
ORD01257,2023-03-02,3,March,9,DMart-Mumbai-3,Mumbai,Personal Care,Juice,4,301,0.25,903.0,213.42,Card
ORD01258,2023-07-24,7,July,30,DMart-Mumbai-1,Mumbai,Personal Care,Detergent,1,87,0.3,60.9,7.4,UPI
ORD01259,2023-03-21,3,March,12,DMart-Pune-3,Pune,Household,Biscuits,2,26,0.01,51.48,12.13,Wallet
ORD01260,2023-11-02,11,November,44,DMart-Nashik-1,Nashik,Personal Care,Rice,3,265,0.09,723.45,142.65,Wallet
ORD01261,2023-05-07,5,May,18,DMart-Nashik-2,Nashik,Household,Milk,2,115,0.08,211.6,53.61,Card
ORD01262,2023-12-25,12,December,52,DMart-Mumbai-2,Mumbai,Personal Care,Soap,4,121,0.22,377.52,96.85,UPI
ORD01263,2023-04-07,4,April,14,DMart-Pune-1,Pune,Dairy,Milk,2,81,0.12,142.56,15.35,UPI
ORD01264,2023-08-07,8,August,32,DMart-Nagpur-1,Nagpur,Household,Rice,1,122,0.27,89.06,9.81,Card
ORD01265,2023-12-25,12,December,52,DMart-Nagpur-1,Nagpur,Dairy,Soap,4,192,0.15,652.8,73.29,Cash
ORD01266,2023-06-05,6,June,23,DMart-Nagpur-1,Nagpur,Beverages,Oil,3,206,0.3,432.6,73.63,UPI
ORD01267,2023-06-13,6,June,24,DMart-Pune-3,Pune,Dairy,Wheat,1,40,0.01,39.6,9.19,UPI
ORD01268,2023-05-27,5,May,21,DMart-Pune-2,Pune,Beverages,Coffee,5,485,0.03,2352.25,437.95,Wallet
ORD01269,2023-07-06,7,July,27,DMart-Nagpur-3,Nagpur,Beverages,Chips,1,77,0.21,60.83,6.25,UPI
ORD01270,2023-06-19,6,June,25,DMart-Pune-1,Pune,Beverages,Biscuits,5,400,0.16,1680.0,371.18,Card
ORD01271,2023-04-18,4,April,16,DMart-Thane-1,Thane,Groceries,Water,1,474,0.04,455.04,102.8,Cash
ORD01272,2023-01-22,1,January,3,DMart-Nagpur-3,Nagpur,Dairy,Eggs,4,380,0.29,1079.2,129.21,Card
ORD01273,2023-06-04,6,June,22,DMart-Nagpur-1,Nagpur,Dairy,Coffee,2,293,0.01,580.14,72.85,Card
ORD01274,2023-10-14,10,October,41,DMart-Nagpur-2,Nagpur,Beverages,Biscuits,1,249,0.29,176.79,33.1,Wallet
ORD01275,2023-09-26,9,September,39,DMart-Mumbai-3,Mumbai,Groceries,Detergent,5,105,0.08,483.0,115.6,Card
ORD01276,2023-01-24,1,January,4,DMart-Nashik-2,Nashik,Dairy,Wheat,4,399,0.15,1356.6,321.43,Cash
ORD01277,2023-03-26,3,March,12,DMart-Thane-1,Thane,Household,Tea,5,216,0.24,820.8,146.14,Card
ORD01278,2023-04-16,4,April,15,DMart-Mumbai-1,Mumbai,Groceries,Bread,5,101,0.06,474.7,103.69,Wallet
ORD01279,2023-09-15,9,September,37,DMart-Nagpur-3,Nagpur,Beverages,Detergent,2,175,0.09,318.5,76.97,Cash
ORD01280,2023-03-29,3,March,13,DMart-Mumbai-3,Mumbai,Groceries,Soap,2,293,0.09,533.26,57.5,Card
ORD01281,2023-03-10,3,March,10,DMart-Mumbai-2,Mumbai,Groceries,Shampoo,2,348,0.26,515.04,73.13,Cash
ORD01282,2023-11-29,11,November,48,DMart-Nashik-3,Nashik,Household,Biscuits,3,208,0.02,611.52,176.9,Card
ORD01283,2023-03-10,3,March,10,DMart-Mumbai-1,Mumbai,Household,Juice,3,170,0.01,504.9,113.7,Card
ORD01284,2023-04-23,4,April,16,DMart-Nashik-2,Nashik,Dairy,Shampoo,1,151,0.17,125.33,29.01,Cash
ORD01285,2023-12-19,12,December,51,DMart-Nagpur-2,Nagpur,Beverages,Water,5,465,0.17,1929.75,272.54,UPI
ORD01286,2023-06-16,6,June,24,DMart-Thane-3,Thane,Dairy,Shampoo,4,317,0.04,1217.28,230.32,Wallet
ORD01287,2023-07-08,7,July,27,DMart-Nashik-2,Nashik,Personal Care,Milk,4,67,0.05,254.6,48.85,UPI
ORD01288,2023-04-07,4,April,14,DMart-Nashik-3,Nashik,Dairy,Coffee,3,351,0.0,1053.0,170.62,UPI
ORD01289,2023-07-21,7,July,29,DMart-Nashik-3,Nashik,Groceries,Eggs,1,93,0.13,80.91,12.06,Wallet
ORD01290,2023-02-21,2,February,8,DMart-Nagpur-1,Nagpur,Dairy,Detergent,1,392,0.19,317.52,38.09,Cash
ORD01291,2023-02-26,2,February,8,DMart-Mumbai-3,Mumbai,Groceries,Rice,2,87,0.24,132.24,15.43,Cash
ORD01292,2023-01-05,1,January,1,DMart-Pune-1,Pune,Household,Oil,3,396,0.27,867.24,209.43,UPI
ORD01293,2023-09-03,9,September,35,DMart-Mumbai-1,Mumbai,Dairy,Tea,3,177,0.15,451.35,59.08,Card
ORD01294,2023-11-18,11,November,46,DMart-Mumbai-2,Mumbai,Groceries,Tissue,1,30,0.03,29.1,6.08,Wallet
ORD01295,2023-03-14,3,March,11,DMart-Pune-3,Pune,Dairy,Rice,2,32,0.13,55.68,9.86,Card
ORD01296,2023-04-26,4,April,17,DMart-Pune-2,Pune,Groceries,Water,2,271,0.03,525.74,76.18,Card
ORD01297,2023-02-09,2,February,6,DMart-Mumbai-3,Mumbai,Groceries,Chips,1,204,0.28,146.88,15.96,UPI
ORD01298,2023-08-08,8,August,32,DMart-Nashik-3,Nashik,Beverages,Detergent,2,327,0.21,516.66,95.61,Card
ORD01299,2023-11-16,11,November,46,DMart-Thane-2,Thane,Beverages,Toothpaste,1,468,0.08,430.56,121.95,Card
ORD01300,2023-05-16,5,May,20,DMart-Pune-3,Pune,Groceries,Sugar,2,461,0.24,700.72,161.99,UPI
ORD01301,2023-07-19,7,July,29,DMart-Thane-3,Thane,Personal Care,Tea,1,437,0.03,423.89,91.38,Card
ORD01302,2023-03-16,3,March,11,DMart-Pune-3,Pune,Beverages,Sugar,2,85,0.24,129.2,22.87,Wallet
ORD01303,2023-08-06,8,August,31,DMart-Thane-2,Thane,Personal Care,Coffee,3,328,0.04,944.64,246.01,UPI
ORD01304,2023-07-16,7,July,28,DMart-Nagpur-3,Nagpur,Household,Juice,5,274,0.17,1137.1,225.74,UPI
ORD01305,2023-07-16,7,July,28,DMart-Thane-3,Thane,Household,Sugar,4,386,0.16,1296.96,279.59,UPI
ORD01306,2023-12-26,12,December,52,DMart-Mumbai-1,Mumbai,Dairy,Sugar,1,205,0.06,192.7,57.58,Card
ORD01307,2023-10-13,10,October,41,DMart-Pune-3,Pune,Dairy,Coffee,1,491,0.01,486.09,137.21,UPI
ORD01308,2023-05-31,5,May,22,DMart-Pune-1,Pune,Dairy,Tea,5,447,0.29,1586.85,448.43,UPI
ORD01309,2023-04-25,4,April,17,DMart-Thane-3,Thane,Dairy,Wheat,2,80,0.12,140.8,34.72,Wallet
ORD01310,2023-07-10,7,July,28,DMart-Thane-1,Thane,Groceries,Wheat,5,359,0.02,1759.1,343.67,UPI
ORD01311,2023-01-16,1,January,3,DMart-Thane-1,Thane,Beverages,Milk,1,92,0.07,85.56,9.87,Wallet
ORD01312,2023-03-18,3,March,11,DMart-Pune-2,Pune,Personal Care,Bread,2,400,0.23,616.0,126.58,Wallet
ORD01313,2023-07-30,7,July,30,DMart-Mumbai-1,Mumbai,Personal Care,Chips,1,420,0.09,382.2,46.73,Cash
ORD01314,2023-11-06,11,November,45,DMart-Thane-2,Thane,Household,Bread,1,102,0.12,89.76,23.92,Wallet
ORD01315,2023-10-11,10,October,41,DMart-Nashik-3,Nashik,Household,Shampoo,3,276,0.22,645.84,93.95,UPI
ORD01316,2023-05-20,5,May,20,DMart-Thane-1,Thane,Household,Sugar,2,213,0.23,328.02,46.7,Cash
ORD01317,2023-04-23,4,April,16,DMart-Nashik-2,Nashik,Dairy,Water,5,441,0.19,1786.05,479.27,Wallet
ORD01318,2023-09-02,9,September,35,DMart-Pune-3,Pune,Personal Care,Chips,4,443,0.05,1683.4,186.75,Wallet
ORD01319,2023-04-10,4,April,15,DMart-Nashik-2,Nashik,Groceries,Shampoo,1,73,0.11,64.97,14.33,Card
ORD01320,2023-01-15,1,January,2,DMart-Thane-1,Thane,Beverages,Soap,5,103,0.03,499.55,56.48,Cash
ORD01321,2023-06-08,6,June,23,DMart-Thane-1,Thane,Household,Eggs,1,123,0.07,114.39,17.6,Cash
ORD01322,2023-10-16,10,October,42,DMart-Mumbai-1,Mumbai,Groceries,Coffee,3,44,0.02,129.36,37.35,Card
ORD01323,2023-05-25,5,May,21,DMart-Pune-3,Pune,Household,Water,3,119,0.24,271.32,48.33,UPI
ORD01324,2023-12-26,12,December,52,DMart-Nashik-1,Nashik,Beverages,Oil,5,228,0.03,1105.8,221.64,UPI
ORD01325,2023-01-13,1,January,2,DMart-Thane-2,Thane,Personal Care,Water,1,320,0.09,291.2,38.51,Wallet
ORD01326,2023-02-10,2,February,6,DMart-Mumbai-3,Mumbai,Dairy,Sugar,2,472,0.25,708.0,167.29,UPI
ORD01327,2023-09-14,9,September,37,DMart-Nagpur-2,Nagpur,Household,Detergent,5,353,0.29,1253.15,317.96,UPI
ORD01328,2023-06-23,6,June,25,DMart-Nashik-1,Nashik,Beverages,Toothpaste,4,339,0.01,1342.44,373.38,Wallet
ORD01329,2023-05-03,5,May,18,DMart-Thane-2,Thane,Household,Eggs,1,330,0.3,231.0,30.14,Wallet
ORD01330,2023-02-19,2,February,7,DMart-Nashik-1,Nashik,Dairy,Rice,3,412,0.17,1025.88,280.59,Cash
ORD01331,2023-09-13,9,September,37,DMart-Mumbai-2,Mumbai,Personal Care,Oil,2,180,0.29,255.6,40.67,Card
ORD01332,2023-10-23,10,October,43,DMart-Nagpur-2,Nagpur,Beverages,Biscuits,1,65,0.05,61.75,14.95,Card
ORD01333,2023-08-31,8,August,35,DMart-Thane-1,Thane,Personal Care,Shampoo,2,352,0.3,492.8,61.5,Wallet
ORD01334,2023-01-21,1,January,3,DMart-Thane-2,Thane,Beverages,Biscuits,4,225,0.27,657.0,147.13,UPI
ORD01335,2023-08-14,8,August,33,DMart-Mumbai-2,Mumbai,Household,Biscuits,5,452,0.3,1582.0,257.44,Wallet
ORD01336,2023-09-17,9,September,37,DMart-Mumbai-1,Mumbai,Beverages,Tea,1,469,0.19,379.89,112.25,UPI
ORD01337,2023-12-25,12,December,52,DMart-Thane-1,Thane,Groceries,Tissue,1,99,0.09,90.09,15.78,Wallet
ORD01338,2023-02-07,2,February,6,DMart-Nagpur-2,Nagpur,Personal Care,Soap,4,467,0.21,1475.72,175.17,Wallet
ORD01339,2023-11-25,11,November,47,DMart-Nashik-3,Nashik,Personal Care,Tissue,1,75,0.05,71.25,17.55,Wallet
ORD01340,2023-08-10,8,August,32,DMart-Thane-1,Thane,Personal Care,Eggs,1,188,0.1,169.2,28.51,Wallet
ORD01341,2023-04-19,4,April,16,DMart-Nagpur-2,Nagpur,Groceries,Coffee,4,162,0.01,641.52,134.09,UPI
ORD01342,2023-11-24,11,November,47,DMart-Mumbai-1,Mumbai,Beverages,Eggs,1,310,0.19,251.1,63.99,Card
ORD01343,2023-08-09,8,August,32,DMart-Nashik-1,Nashik,Dairy,Coffee,2,47,0.27,68.62,7.18,Wallet
ORD01344,2023-05-19,5,May,20,DMart-Mumbai-2,Mumbai,Dairy,Shampoo,2,62,0.02,121.52,18.81,Card
ORD01345,2023-12-31,12,December,52,DMart-Mumbai-3,Mumbai,Personal Care,Tea,2,288,0.21,455.04,126.78,Cash
ORD01346,2023-02-17,2,February,7,DMart-Nagpur-1,Nagpur,Beverages,Juice,3,405,0.05,1154.25,161.27,Wallet
ORD01347,2023-09-01,9,September,35,DMart-Thane-1,Thane,Dairy,Tissue,4,376,0.11,1338.56,378.17,Wallet
ORD01348,2023-01-06,1,January,1,DMart-Thane-1,Thane,Household,Tissue,1,121,0.23,93.17,21.76,UPI
ORD01349,2023-06-15,6,June,24,DMart-Nashik-2,Nashik,Groceries,Chips,4,97,0.29,275.48,35.67,Card
ORD01350,2023-02-28,2,February,9,DMart-Nashik-2,Nashik,Beverages,Juice,1,286,0.14,245.96,71.0,UPI
ORD01351,2023-11-21,11,November,47,DMart-Pune-1,Pune,Household,Tea,1,69,0.06,64.86,16.16,Wallet
ORD01352,2023-12-23,12,December,51,DMart-Pune-1,Pune,Dairy,Tissue,4,327,0.06,1229.52,208.55,Cash
ORD01353,2023-07-09,7,July,27,DMart-Mumbai-2,Mumbai,Groceries,Biscuits,3,174,0.16,438.48,115.68,Wallet
ORD01354,2023-11-29,11,November,48,DMart-Nagpur-1,Nagpur,Personal Care,Tea,3,230,0.11,614.1,163.13,Card
ORD01355,2023-02-28,2,February,9,DMart-Mumbai-3,Mumbai,Personal Care,Bread,3,239,0.05,681.15,143.42,Wallet
ORD01356,2023-07-15,7,July,28,DMart-Nashik-3,Nashik,Personal Care,Toothpaste,3,344,0.22,804.96,180.37,Cash
ORD01357,2023-02-14,2,February,7,DMart-Mumbai-2,Mumbai,Groceries,Oil,1,352,0.19,285.12,81.69,Wallet
ORD01358,2023-11-16,11,November,46,DMart-Mumbai-1,Mumbai,Groceries,Tissue,4,344,0.16,1155.84,249.95,Card
ORD01359,2023-08-04,8,August,31,DMart-Pune-1,Pune,Dairy,Eggs,4,417,0.17,1384.44,243.96,Wallet
ORD01360,2023-03-05,3,March,9,DMart-Nashik-1,Nashik,Personal Care,Biscuits,4,231,0.0,924.0,266.04,UPI
ORD01361,2023-09-17,9,September,37,DMart-Nashik-1,Nashik,Beverages,Toothpaste,3,470,0.09,1283.1,343.48,Wallet
ORD01362,2023-12-11,12,December,50,DMart-Mumbai-3,Mumbai,Groceries,Soap,4,480,0.01,1900.8,195.98,Card
ORD01363,2023-09-23,9,September,38,DMart-Nagpur-1,Nagpur,Beverages,Chips,5,107,0.13,465.45,69.06,UPI
ORD01364,2023-11-12,11,November,45,DMart-Thane-2,Thane,Groceries,Water,5,430,0.13,1870.5,235.26,Wallet
ORD01365,2023-03-30,3,March,13,DMart-Thane-3,Thane,Beverages,Water,2,284,0.13,494.16,72.24,UPI
ORD01366,2023-09-16,9,September,37,DMart-Nashik-3,Nashik,Household,Oil,4,421,0.26,1246.16,314.57,Card
ORD01367,2023-10-11,10,October,41,DMart-Mumbai-1,Mumbai,Beverages,Bread,1,124,0.02,121.52,12.78,UPI
ORD01368,2023-01-15,1,January,2,DMart-Mumbai-3,Mumbai,Groceries,Tissue,4,312,0.0,1248.0,310.09,Wallet
ORD01369,2023-11-21,11,November,47,DMart-Nashik-2,Nashik,Dairy,Biscuits,2,142,0.09,258.44,35.86,UPI
ORD01370,2023-07-13,7,July,28,DMart-Mumbai-1,Mumbai,Groceries,Shampoo,1,160,0.29,113.6,14.63,Cash
ORD01371,2023-02-26,2,February,8,DMart-Nashik-3,Nashik,Household,Tea,1,82,0.04,78.72,12.32,UPI
ORD01372,2023-02-17,2,February,7,DMart-Nagpur-1,Nagpur,Personal Care,Sugar,3,452,0.29,962.76,257.7,Cash
ORD01373,2023-09-09,9,September,36,DMart-Pune-1,Pune,Personal Care,Rice,4,57,0.3,159.6,35.93,Wallet
ORD01374,2023-07-12,7,July,28,DMart-Nashik-3,Nashik,Personal Care,Chips,2,433,0.05,822.7,131.43,UPI
ORD01375,2023-12-04,12,December,49,DMart-Thane-1,Thane,Groceries,Wheat,3,195,0.15,497.25,148.67,Cash
ORD01376,2023-03-23,3,March,12,DMart-Nagpur-3,Nagpur,Beverages,Detergent,1,494,0.06,464.36,102.73,Cash
ORD01377,2023-09-23,9,September,38,DMart-Mumbai-1,Mumbai,Dairy,Detergent,3,130,0.03,378.3,105.82,Card
ORD01378,2023-03-12,3,March,10,DMart-Pune-1,Pune,Groceries,Soap,2,392,0.08,721.28,111.61,Cash
ORD01379,2023-06-28,6,June,26,DMart-Nagpur-1,Nagpur,Beverages,Tissue,4,259,0.13,901.32,182.55,UPI
ORD01380,2023-05-09,5,May,19,DMart-Thane-1,Thane,Dairy,Bread,3,371,0.3,779.1,139.12,Card
ORD01381,2023-03-26,3,March,12,DMart-Pune-2,Pune,Personal Care,Eggs,4,241,0.13,838.68,183.89,Card
ORD01382,2023-11-15,11,November,46,DMart-Pune-3,Pune,Household,Oil,4,216,0.06,812.16,173.34,Cash
ORD01383,2023-08-19,8,August,33,DMart-Thane-1,Thane,Groceries,Bread,3,281,0.18,691.26,125.78,Card
ORD01384,2023-07-23,7,July,29,DMart-Pune-3,Pune,Groceries,Rice,3,112,0.13,292.32,75.47,UPI
ORD01385,2023-02-07,2,February,6,DMart-Mumbai-1,Mumbai,Beverages,Eggs,2,210,0.24,319.2,51.99,Card
ORD01386,2023-12-19,12,December,51,DMart-Nashik-3,Nashik,Beverages,Rice,4,129,0.18,423.12,109.61,UPI
ORD01387,2023-10-15,10,October,41,DMart-Mumbai-2,Mumbai,Personal Care,Sugar,5,165,0.06,775.5,159.33,Card
ORD01388,2023-11-08,11,November,45,DMart-Pune-3,Pune,Household,Sugar,4,477,0.21,1507.32,378.7,Card
ORD01389,2023-04-12,4,April,15,DMart-Pune-2,Pune,Groceries,Eggs,4,430,0.15,1462.0,159.88,Wallet
ORD01390,2023-03-03,3,March,9,DMart-Pune-1,Pune,Personal Care,Oil,5,107,0.1,481.5,105.08,Cash
ORD01391,2023-05-26,5,May,21,DMart-Nagpur-1,Nagpur,Household,Rice,4,22,0.09,80.08,10.11,Cash
ORD01392,2023-10-01,10,October,39,DMart-Nashik-2,Nashik,Groceries,Detergent,1,192,0.02,188.16,36.5,Wallet
ORD01393,2023-06-04,6,June,22,DMart-Nashik-1,Nashik,Beverages,Shampoo,3,405,0.12,1069.2,123.98,Card
ORD01394,2023-09-10,9,September,36,DMart-Nashik-3,Nashik,Personal Care,Wheat,4,172,0.15,584.8,157.74,Cash
ORD01395,2023-07-11,7,July,28,DMart-Mumbai-2,Mumbai,Groceries,Oil,1,134,0.26,99.16,10.12,Card
ORD01396,2023-12-19,12,December,51,DMart-Nashik-1,Nashik,Dairy,Juice,1,107,0.06,100.58,24.62,Card
ORD01397,2023-10-03,10,October,40,DMart-Pune-2,Pune,Groceries,Rice,1,152,0.03,147.44,16.16,Cash
ORD01398,2023-05-16,5,May,20,DMart-Nashik-3,Nashik,Household,Chips,4,425,0.08,1564.0,374.94,UPI
ORD01399,2023-10-26,10,October,43,DMart-Thane-1,Thane,Groceries,Tea,3,84,0.27,183.96,23.84,Wallet
ORD01400,2023-11-23,11,November,47,DMart-Thane-2,Thane,Groceries,Tea,5,287,0.07,1334.55,287.7,Wallet
ORD01401,2023-05-24,5,May,21,DMart-Thane-3,Thane,Personal Care,Chips,1,135,0.08,124.2,31.45,Cash
ORD01402,2023-06-30,6,June,26,DMart-Nagpur-2,Nagpur,Dairy,Tissue,2,357,0.22,556.92,64.38,Cash
ORD01403,2023-04-19,4,April,16,DMart-Pune-3,Pune,Dairy,Rice,4,259,0.06,973.84,192.36,UPI
ORD01404,2023-10-30,10,October,44,DMart-Thane-3,Thane,Household,Detergent,3,459,0.24,1046.52,302.31,Wallet
ORD01405,2023-12-02,12,December,48,DMart-Nagpur-1,Nagpur,Household,Milk,2,74,0.07,137.64,39.0,Wallet
ORD01406,2023-11-14,11,November,46,DMart-Nagpur-1,Nagpur,Dairy,Detergent,4,419,0.06,1575.44,179.17,UPI
ORD01407,2023-12-18,12,December,51,DMart-Mumbai-2,Mumbai,Household,Toothpaste,1,351,0.04,336.96,64.76,Cash
ORD01408,2023-05-04,5,May,18,DMart-Nagpur-3,Nagpur,Personal Care,Rice,3,115,0.0,345.0,67.36,Wallet
ORD01409,2023-06-30,6,June,26,DMart-Pune-1,Pune,Groceries,Shampoo,5,494,0.02,2420.6,413.65,UPI
ORD01410,2023-07-23,7,July,29,DMart-Pune-3,Pune,Personal Care,Detergent,3,280,0.01,831.6,156.56,Cash
ORD01411,2023-01-26,1,January,4,DMart-Thane-1,Thane,Personal Care,Water,3,119,0.06,335.58,60.59,Card
ORD01412,2023-09-29,9,September,39,DMart-Pune-1,Pune,Household,Coffee,1,241,0.21,190.39,20.94,Cash
ORD01413,2023-04-23,4,April,16,DMart-Mumbai-2,Mumbai,Groceries,Oil,1,478,0.18,391.96,60.06,Cash
ORD01414,2023-05-22,5,May,21,DMart-Pune-1,Pune,Household,Soap,4,378,0.12,1330.56,237.61,Card
ORD01415,2023-09-11,9,September,37,DMart-Thane-3,Thane,Dairy,Eggs,2,422,0.11,751.16,170.8,Card
ORD01416,2023-01-02,1,January,1,DMart-Nashik-2,Nashik,Dairy,Oil,5,277,0.15,1177.25,291.74,UPI
ORD01417,2023-03-29,3,March,13,DMart-Mumbai-3,Mumbai,Groceries,Chips,2,105,0.1,189.0,52.92,Cash
ORD01418,2023-12-08,12,December,49,DMart-Nashik-3,Nashik,Personal Care,Coffee,1,191,0.05,181.45,53.5,Cash
ORD01419,2023-03-29,3,March,13,DMart-Nashik-2,Nashik,Household,Rice,4,200,0.18,656.0,65.73,UPI
ORD01420,2023-08-30,8,August,35,DMart-Pune-2,Pune,Groceries,Oil,1,439,0.18,359.98,84.96,UPI
ORD01421,2023-09-26,9,September,39,DMart-Pune-2,Pune,Dairy,Detergent,2,406,0.24,617.12,73.3,Card
ORD01422,2023-08-20,8,August,33,DMart-Pune-3,Pune,Beverages,Coffee,3,299,0.21,708.63,139.81,Wallet
ORD01423,2023-01-07,1,January,1,DMart-Thane-2,Thane,Beverages,Biscuits,3,383,0.28,827.28,168.41,Wallet
ORD01424,2023-02-27,2,February,9,DMart-Nashik-2,Nashik,Household,Shampoo,1,392,0.04,376.32,111.29,UPI
ORD01425,2023-12-04,12,December,49,DMart-Thane-3,Thane,Beverages,Milk,1,274,0.07,254.82,54.92,Wallet
ORD01426,2023-07-04,7,July,27,DMart-Pune-2,Pune,Groceries,Eggs,4,119,0.2,380.8,46.3,Wallet
ORD01427,2023-09-27,9,September,39,DMart-Thane-1,Thane,Beverages,Bread,3,486,0.28,1049.76,174.51,Wallet
ORD01428,2023-05-22,5,May,21,DMart-Nashik-2,Nashik,Dairy,Toothpaste,5,41,0.16,172.2,41.39,Cash
ORD01429,2023-08-10,8,August,32,DMart-Mumbai-1,Mumbai,Household,Tea,3,425,0.09,1160.25,141.59,Wallet
ORD01430,2023-12-17,12,December,50,DMart-Thane-1,Thane,Personal Care,Milk,2,368,0.16,618.24,181.35,UPI
ORD01431,2023-06-05,6,June,23,DMart-Pune-1,Pune,Beverages,Coffee,3,53,0.0,159.0,30.33,Card
ORD01432,2023-10-31,10,October,44,DMart-Thane-2,Thane,Groceries,Oil,3,270,0.0,810.0,150.71,Cash
ORD01433,2023-01-26,1,January,4,DMart-Thane-2,Thane,Dairy,Shampoo,3,199,0.25,447.75,121.7,UPI
ORD01434,2023-02-14,2,February,7,DMart-Mumbai-2,Mumbai,Dairy,Shampoo,2,395,0.13,687.3,149.18,Card
ORD01435,2023-04-23,4,April,16,DMart-Thane-2,Thane,Personal Care,Wheat,3,497,0.07,1386.63,363.77,Wallet
ORD01436,2023-08-05,8,August,31,DMart-Pune-2,Pune,Groceries,Water,3,477,0.29,1016.01,162.97,UPI
ORD01437,2023-10-16,10,October,42,DMart-Pune-1,Pune,Beverages,Juice,5,431,0.04,2068.8,489.61,Card
ORD01438,2023-03-11,3,March,10,DMart-Thane-1,Thane,Household,Juice,3,122,0.09,333.06,39.01,Wallet
ORD01439,2023-10-07,10,October,40,DMart-Nagpur-2,Nagpur,Personal Care,Bread,4,420,0.03,1629.6,208.14,Card
ORD01440,2023-09-15,9,September,37,DMart-Nagpur-1,Nagpur,Personal Care,Biscuits,4,201,0.14,691.44,127.29,Wallet
ORD01441,2023-01-15,1,January,2,DMart-Thane-1,Thane,Groceries,Tissue,4,412,0.02,1615.04,405.65,Card
ORD01442,2023-05-05,5,May,18,DMart-Nashik-3,Nashik,Beverages,Detergent,5,85,0.17,352.75,98.76,Card
ORD01443,2023-01-28,1,January,4,DMart-Nashik-2,Nashik,Dairy,Water,1,226,0.14,194.36,50.82,Wallet
ORD01444,2023-01-28,1,January,4,DMart-Nashik-2,Nashik,Groceries,Sugar,1,158,0.1,142.2,31.12,Card
ORD01445,2023-10-17,10,October,42,DMart-Thane-2,Thane,Beverages,Coffee,1,462,0.03,448.14,111.18,Cash
ORD01446,2023-12-26,12,December,52,DMart-Mumbai-3,Mumbai,Household,Eggs,5,93,0.23,358.05,105.07,UPI
ORD01447,2023-12-12,12,December,50,DMart-Mumbai-1,Mumbai,Beverages,Milk,3,341,0.23,787.71,234.61,Wallet
ORD01448,2023-11-16,11,November,46,DMart-Mumbai-2,Mumbai,Groceries,Eggs,1,54,0.04,51.84,11.44,Cash
ORD01449,2023-05-07,5,May,18,DMart-Nagpur-1,Nagpur,Groceries,Eggs,1,262,0.26,193.88,39.0,Cash
ORD01450,2023-03-04,3,March,9,DMart-Nashik-2,Nashik,Personal Care,Toothpaste,2,267,0.26,395.16,58.08,Card
ORD01451,2023-11-10,11,November,45,DMart-Mumbai-3,Mumbai,Household,Tea,4,83,0.04,318.72,72.43,UPI
ORD01452,2023-12-03,12,December,48,DMart-Pune-2,Pune,Dairy,Soap,5,281,0.06,1320.7,257.84,Card
ORD01453,2023-12-08,12,December,49,DMart-Nagpur-1,Nagpur,Household,Oil,3,272,0.21,644.64,99.94,Cash
ORD01454,2023-08-26,8,August,34,DMart-Thane-1,Thane,Personal Care,Juice,1,95,0.09,86.45,16.55,Wallet
ORD01455,2023-01-06,1,January,1,DMart-Nashik-3,Nashik,Groceries,Toothpaste,5,350,0.14,1505.0,163.33,Card
ORD01456,2023-03-13,3,March,11,DMart-Nashik-2,Nashik,Personal Care,Tea,1,161,0.05,152.95,26.24,UPI
ORD01457,2023-06-28,6,June,26,DMart-Pune-3,Pune,Personal Care,Detergent,1,282,0.05,267.9,61.93,Card
ORD01458,2023-08-24,8,August,34,DMart-Nashik-3,Nashik,Beverages,Milk,3,421,0.29,896.73,160.32,Wallet
ORD01459,2023-07-12,7,July,28,DMart-Nagpur-3,Nagpur,Household,Coffee,2,357,0.18,585.48,141.51,Card
ORD01460,2023-03-08,3,March,10,DMart-Nagpur-1,Nagpur,Household,Chips,3,317,0.18,779.82,174.29,Cash
ORD01461,2023-01-24,1,January,4,DMart-Nashik-3,Nashik,Dairy,Rice,1,138,0.21,109.02,13.22,Wallet
ORD01462,2023-06-15,6,June,24,DMart-Nashik-1,Nashik,Dairy,Soap,2,73,0.23,112.42,31.31,Wallet
ORD01463,2023-02-02,2,February,5,DMart-Mumbai-2,Mumbai,Household,Wheat,1,148,0.01,146.52,39.47,Wallet
ORD01464,2023-07-11,7,July,28,DMart-Mumbai-3,Mumbai,Dairy,Rice,1,184,0.22,143.52,27.25,UPI
ORD01465,2023-04-11,4,April,15,DMart-Mumbai-3,Mumbai,Personal Care,Shampoo,3,244,0.07,680.76,95.47,Wallet
ORD01466,2023-09-28,9,September,39,DMart-Mumbai-2,Mumbai,Groceries,Eggs,1,318,0.2,254.4,74.28,UPI
ORD01467,2023-01-18,1,January,3,DMart-Mumbai-2,Mumbai,Groceries,Milk,4,204,0.18,669.12,140.06,Card
ORD01468,2023-04-05,4,April,14,DMart-Nagpur-3,Nagpur,Personal Care,Detergent,2,117,0.18,191.88,50.95,Card
ORD01469,2023-07-02,7,July,26,DMart-Nagpur-1,Nagpur,Dairy,Tissue,1,430,0.14,369.8,68.6,Cash
ORD01470,2023-10-19,10,October,42,DMart-Nagpur-2,Nagpur,Dairy,Sugar,5,420,0.09,1911.0,229.67,UPI
ORD01471,2023-01-27,1,January,4,DMart-Nashik-3,Nashik,Beverages,Tissue,2,31,0.26,45.88,13.22,Card
ORD01472,2023-07-19,7,July,29,DMart-Nagpur-3,Nagpur,Groceries,Biscuits,2,466,0.3,652.4,102.83,UPI
ORD01473,2023-09-23,9,September,38,DMart-Nashik-3,Nashik,Beverages,Detergent,5,224,0.01,1108.8,231.95,Cash
ORD01474,2023-10-26,10,October,43,DMart-Pune-2,Pune,Beverages,Coffee,1,354,0.01,350.46,58.74,UPI
ORD01475,2023-06-21,6,June,25,DMart-Nashik-3,Nashik,Dairy,Wheat,5,124,0.26,458.8,113.22,Cash
ORD01476,2023-05-01,5,May,18,DMart-Nashik-2,Nashik,Groceries,Coffee,5,432,0.28,1555.2,345.25,Cash
ORD01477,2023-06-27,6,June,26,DMart-Nagpur-3,Nagpur,Personal Care,Sugar,5,326,0.29,1157.3,134.38,Wallet
ORD01478,2023-03-08,3,March,10,DMart-Thane-2,Thane,Groceries,Shampoo,1,73,0.15,62.05,12.5,Card
ORD01479,2023-08-09,8,August,32,DMart-Mumbai-1,Mumbai,Beverages,Coffee,2,420,0.0,840.0,240.45,UPI
ORD01480,2023-10-01,10,October,39,DMart-Nagpur-1,Nagpur,Groceries,Water,4,302,0.01,1195.92,212.19,UPI
ORD01481,2023-08-09,8,August,32,DMart-Thane-1,Thane,Household,Juice,1,90,0.14,77.4,9.57,Card
ORD01482,2023-06-30,6,June,26,DMart-Thane-1,Thane,Beverages,Eggs,1,243,0.07,225.99,33.09,Cash
ORD01483,2023-04-27,4,April,17,DMart-Thane-3,Thane,Household,Juice,1,310,0.25,232.5,23.94,UPI
ORD01484,2023-01-30,1,January,5,DMart-Pune-3,Pune,Groceries,Sugar,4,84,0.05,319.2,49.96,Card
ORD01485,2023-11-05,11,November,44,DMart-Mumbai-2,Mumbai,Beverages,Soap,5,86,0.12,378.4,74.07,Cash
ORD01486,2023-02-09,2,February,6,DMart-Pune-3,Pune,Household,Shampoo,4,125,0.22,390.0,96.35,UPI
ORD01487,2023-08-16,8,August,33,DMart-Pune-1,Pune,Beverages,Toothpaste,5,419,0.09,1906.45,521.97,Card
ORD01488,2023-06-13,6,June,24,DMart-Thane-3,Thane,Household,Tissue,1,73,0.11,64.97,18.2,Wallet
ORD01489,2023-05-24,5,May,21,DMart-Pune-1,Pune,Dairy,Sugar,2,486,0.26,719.28,212.32,Card
ORD01490,2023-10-11,10,October,41,DMart-Thane-3,Thane,Groceries,Eggs,2,210,0.01,415.8,122.9,Wallet
ORD01491,2023-11-29,11,November,48,DMart-Pune-2,Pune,Groceries,Tea,4,30,0.26,88.8,9.48,Wallet
ORD01492,2023-06-03,6,June,22,DMart-Nashik-2,Nashik,Groceries,Sugar,5,162,0.12,712.8,141.9,Wallet
ORD01493,2023-07-16,7,July,28,DMart-Nagpur-1,Nagpur,Groceries,Tea,2,134,0.12,235.84,32.28,Cash
ORD01494,2023-12-05,12,December,49,DMart-Thane-1,Thane,Groceries,Toothpaste,3,297,0.29,632.61,66.55,Card
ORD01495,2023-05-15,5,May,20,DMart-Nashik-1,Nashik,Groceries,Eggs,5,194,0.13,843.9,230.51,Cash
ORD01496,2023-02-25,2,February,8,DMart-Nagpur-3,Nagpur,Personal Care,Tissue,3,389,0.27,851.91,254.02,Wallet
ORD01497,2023-08-06,8,August,31,DMart-Nashik-3,Nashik,Beverages,Detergent,4,103,0.14,354.32,88.27,UPI
ORD01498,2023-03-09,3,March,10,DMart-Nashik-1,Nashik,Beverages,Rice,3,429,0.02,1261.26,378.08,Card
ORD01499,2023-06-22,6,June,25,DMart-Pune-2,Pune,Groceries,Water,3,335,0.11,894.45,137.52,Cash
ORD01500,2023-03-05,3,March,9,DMart-Mumbai-3,Mumbai,Household,Toothpaste,3,358,0.26,794.76,121.52,Wallet
ORD01501,2023-08-25,8,August,34,DMart-Nagpur-2,Nagpur,Personal Care,Rice,4,24,0.01,95.04,27.86,UPI
ORD01502,2023-07-29,7,July,30,DMart-Nagpur-3,Nagpur,Household,Wheat,1,500,0.08,460.0,128.53,Card
ORD01503,2023-02-02,2,February,5,DMart-Mumbai-3,Mumbai,Dairy,Tea,3,152,0.08,419.52,114.87,UPI
ORD01504,2023-11-19,11,November,46,DMart-Mumbai-2,Mumbai,Dairy,Bread,5,466,0.2,1864.0,204.88,Cash
ORD01505,2023-04-05,4,April,14,DMart-Pune-1,Pune,Personal Care,Detergent,3,316,0.01,938.52,197.73,Cash
ORD01506,2023-05-13,5,May,19,DMart-Thane-1,Thane,Groceries,Shampoo,3,367,0.17,913.83,222.67,UPI
ORD01507,2023-06-29,6,June,26,DMart-Pune-1,Pune,Groceries,Oil,4,279,0.03,1082.52,218.89,UPI
ORD01508,2023-06-16,6,June,24,DMart-Mumbai-1,Mumbai,Personal Care,Biscuits,4,56,0.28,161.28,25.26,Card
ORD01509,2023-11-07,11,November,45,DMart-Pune-2,Pune,Beverages,Biscuits,3,228,0.15,581.4,167.73,Cash
ORD01510,2023-03-24,3,March,12,DMart-Mumbai-2,Mumbai,Groceries,Biscuits,2,168,0.29,238.56,52.06,UPI
ORD01511,2023-06-10,6,June,23,DMart-Pune-1,Pune,Household,Detergent,5,421,0.22,1641.9,277.17,Wallet
ORD01512,2023-10-26,10,October,43,DMart-Nashik-3,Nashik,Dairy,Wheat,1,215,0.3,150.5,17.38,UPI
ORD01513,2023-10-17,10,October,42,DMart-Thane-3,Thane,Household,Detergent,5,342,0.23,1316.7,241.77,Cash
ORD01514,2023-09-28,9,September,39,DMart-Pune-2,Pune,Household,Wheat,5,261,0.16,1096.2,206.31,UPI
ORD01515,2023-10-22,10,October,42,DMart-Pune-3,Pune,Dairy,Toothpaste,2,188,0.25,282.0,71.5,UPI
ORD01516,2023-08-22,8,August,34,DMart-Nashik-3,Nashik,Groceries,Chips,2,374,0.14,643.28,158.61,Wallet
ORD01517,2023-07-05,7,July,27,DMart-Thane-2,Thane,Beverages,Sugar,5,306,0.02,1499.4,424.22,Wallet
ORD01518,2023-11-06,11,November,45,DMart-Nashik-2,Nashik,Personal Care,Soap,4,422,0.07,1569.84,335.74,UPI
ORD01519,2023-10-03,10,October,40,DMart-Pune-2,Pune,Personal Care,Soap,5,365,0.21,1441.75,184.01,Card
ORD01520,2023-06-24,6,June,25,DMart-Mumbai-3,Mumbai,Groceries,Chips,4,61,0.13,212.28,42.67,Wallet
ORD01521,2023-11-20,11,November,47,DMart-Nagpur-1,Nagpur,Dairy,Eggs,4,468,0.0,1872.0,249.64,Card
ORD01522,2023-10-11,10,October,41,DMart-Thane-3,Thane,Groceries,Coffee,1,84,0.26,62.16,11.58,UPI
ORD01523,2023-02-07,2,February,6,DMart-Nagpur-1,Nagpur,Household,Milk,5,463,0.29,1643.65,291.95,Card
ORD01524,2023-03-07,3,March,10,DMart-Nashik-2,Nashik,Household,Water,3,143,0.03,416.13,69.64,Card
ORD01525,2023-10-30,10,October,44,DMart-Nagpur-1,Nagpur,Groceries,Oil,3,57,0.3,119.7,22.72,Wallet
ORD01526,2023-08-12,8,August,32,DMart-Nashik-1,Nashik,Personal Care,Toothpaste,2,378,0.23,582.12,79.57,Cash
ORD01527,2023-03-19,3,March,11,DMart-Nagpur-1,Nagpur,Household,Rice,3,323,0.21,765.51,175.98,Card
ORD01528,2023-08-13,8,August,32,DMart-Mumbai-2,Mumbai,Household,Bread,5,389,0.08,1789.4,517.05,UPI
ORD01529,2023-06-02,6,June,22,DMart-Thane-1,Thane,Beverages,Coffee,5,44,0.16,184.8,51.64,Wallet
ORD01530,2023-05-27,5,May,21,DMart-Nashik-2,Nashik,Personal Care,Chips,2,183,0.3,256.2,32.96,UPI
ORD01531,2023-08-09,8,August,32,DMart-Pune-2,Pune,Beverages,Detergent,5,314,0.1,1413.0,169.41,UPI
ORD01532,2023-03-02,3,March,9,DMart-Pune-2,Pune,Beverages,Toothpaste,4,269,0.07,1000.68,277.26,Card
ORD01533,2023-11-07,11,November,45,DMart-Nagpur-3,Nagpur,Dairy,Oil,3,361,0.04,1039.68,123.92,UPI
ORD01534,2023-01-15,1,January,2,DMart-Nashik-2,Nashik,Household,Wheat,2,295,0.0,590.0,116.63,Cash
ORD01535,2023-07-09,7,July,27,DMart-Mumbai-3,Mumbai,Beverages,Eggs,4,312,0.23,960.96,181.59,Wallet
ORD01536,2023-06-01,6,June,22,DMart-Nashik-2,Nashik,Groceries,Oil,4,247,0.15,839.8,128.16,UPI
ORD01537,2023-05-23,5,May,21,DMart-Thane-3,Thane,Beverages,Oil,1,431,0.23,331.87,85.84,Cash
ORD01538,2023-06-17,6,June,24,DMart-Nagpur-3,Nagpur,Household,Bread,3,191,0.14,492.78,111.43,Cash
ORD01539,2023-12-28,12,December,52,DMart-Nagpur-3,Nagpur,Groceries,Chips,1,241,0.29,171.11,41.24,Card
ORD01540,2023-04-08,4,April,14,DMart-Nagpur-1,Nagpur,Groceries,Tissue,1,344,0.07,319.92,40.75,UPI
ORD01541,2023-12-11,12,December,50,DMart-Thane-3,Thane,Beverages,Eggs,2,260,0.15,442.0,116.15,Wallet
ORD01542,2023-05-25,5,May,21,DMart-Thane-3,Thane,Dairy,Milk,1,345,0.3,241.5,49.09,UPI
ORD01543,2023-01-02,1,January,1,DMart-Mumbai-3,Mumbai,Groceries,Juice,5,271,0.19,1097.55,155.53,Cash
ORD01544,2023-08-03,8,August,31,DMart-Nagpur-2,Nagpur,Household,Shampoo,5,214,0.07,995.1,226.43,UPI
ORD01545,2023-06-03,6,June,22,DMart-Nagpur-1,Nagpur,Beverages,Soap,4,362,0.15,1230.8,319.21,Card
ORD01546,2023-10-06,10,October,40,DMart-Nashik-3,Nashik,Beverages,Coffee,2,69,0.03,133.86,39.17,Card
ORD01547,2023-08-03,8,August,31,DMart-Pune-3,Pune,Beverages,Tea,4,146,0.03,566.48,76.61,Cash
ORD01548,2023-06-27,6,June,26,DMart-Nagpur-2,Nagpur,Dairy,Water,4,416,0.26,1231.36,321.32,Wallet
ORD01549,2023-12-18,12,December,51,DMart-Nashik-2,Nashik,Groceries,Soap,3,168,0.16,423.36,60.55,Wallet
ORD01550,2023-02-01,2,February,5,DMart-Nagpur-2,Nagpur,Beverages,Tissue,3,153,0.13,399.33,71.19,Wallet
ORD01551,2023-07-24,7,July,30,DMart-Thane-2,Thane,Groceries,Shampoo,4,157,0.23,483.56,69.53,Cash
ORD01552,2023-06-07,6,June,23,DMart-Pune-1,Pune,Personal Care,Tea,5,133,0.28,478.8,63.83,Cash
ORD01553,2023-11-11,11,November,45,DMart-Mumbai-1,Mumbai,Dairy,Chips,5,329,0.0,1645.0,477.14,Wallet
ORD01554,2023-02-16,2,February,7,DMart-Nagpur-3,Nagpur,Beverages,Chips,5,412,0.02,2018.8,466.32,UPI
ORD01555,2023-07-05,7,July,27,DMart-Pune-1,Pune,Dairy,Tissue,5,100,0.12,440.0,119.66,Card
ORD01556,2023-03-24,3,March,12,DMart-Mumbai-1,Mumbai,Beverages,Biscuits,2,231,0.17,383.46,94.59,Cash
ORD01557,2023-01-11,1,January,2,DMart-Mumbai-3,Mumbai,Groceries,Detergent,4,276,0.25,828.0,163.1,Card
ORD01558,2023-06-04,6,June,22,DMart-Mumbai-2,Mumbai,Dairy,Rice,2,343,0.01,679.14,104.92,Wallet
ORD01559,2023-12-02,12,December,48,DMart-Mumbai-2,Mumbai,Dairy,Water,3,438,0.27,959.22,112.21,Wallet
ORD01560,2023-01-11,1,January,2,DMart-Nashik-1,Nashik,Household,Rice,2,329,0.03,638.26,157.76,Wallet
ORD01561,2023-04-10,4,April,15,DMart-Pune-2,Pune,Beverages,Toothpaste,5,237,0.23,912.45,95.52,Wallet
ORD01562,2023-04-14,4,April,15,DMart-Nagpur-1,Nagpur,Beverages,Oil,5,355,0.15,1508.75,264.51,Cash
ORD01563,2023-04-24,4,April,17,DMart-Nagpur-3,Nagpur,Household,Juice,4,162,0.09,589.68,166.01,UPI
ORD01564,2023-07-15,7,July,28,DMart-Nagpur-3,Nagpur,Personal Care,Rice,4,392,0.3,1097.6,191.58,Cash
ORD01565,2023-08-20,8,August,33,DMart-Pune-3,Pune,Household,Soap,4,32,0.24,97.28,14.24,Wallet
ORD01566,2023-10-16,10,October,42,DMart-Mumbai-2,Mumbai,Beverages,Oil,2,190,0.25,285.0,64.41,Cash
ORD01567,2023-10-15,10,October,41,DMart-Mumbai-3,Mumbai,Dairy,Bread,4,462,0.18,1515.36,227.29,Wallet
ORD01568,2023-11-12,11,November,45,DMart-Nashik-1,Nashik,Household,Coffee,5,390,0.24,1482.0,217.09,Wallet
ORD01569,2023-05-10,5,May,19,DMart-Pune-3,Pune,Beverages,Juice,3,399,0.26,885.78,115.26,Wallet
ORD01570,2023-01-03,1,January,1,DMart-Nagpur-2,Nagpur,Dairy,Shampoo,5,406,0.25,1522.5,301.07,Card
ORD01571,2023-11-30,11,November,48,DMart-Thane-3,Thane,Beverages,Soap,4,256,0.16,860.16,181.46,Cash
ORD01572,2023-02-23,2,February,8,DMart-Nagpur-3,Nagpur,Groceries,Juice,2,212,0.24,322.24,33.1,Cash
ORD01573,2023-03-27,3,March,13,DMart-Nagpur-2,Nagpur,Personal Care,Eggs,1,465,0.01,460.35,127.56,UPI
ORD01574,2023-11-17,11,November,46,DMart-Pune-2,Pune,Personal Care,Detergent,5,91,0.13,395.85,71.21,Cash
ORD01575,2023-08-11,8,August,32,DMart-Thane-1,Thane,Beverages,Toothpaste,3,287,0.19,697.41,193.82,UPI
ORD01576,2023-03-14,3,March,11,DMart-Thane-3,Thane,Household,Toothpaste,2,370,0.25,555.0,123.65,Card
ORD01577,2023-09-23,9,September,38,DMart-Thane-3,Thane,Personal Care,Shampoo,2,256,0.29,363.52,60.36,UPI
ORD01578,2023-03-26,3,March,12,DMart-Nagpur-2,Nagpur,Personal Care,Detergent,3,25,0.13,65.25,8.86,Cash
ORD01579,2023-01-03,1,January,1,DMart-Mumbai-2,Mumbai,Dairy,Toothpaste,1,122,0.17,101.26,19.41,Cash
ORD01580,2023-11-16,11,November,46,DMart-Nashik-3,Nashik,Household,Tea,1,100,0.11,89.0,20.23,UPI
ORD01581,2023-06-26,6,June,26,DMart-Nagpur-1,Nagpur,Dairy,Rice,3,160,0.26,355.2,100.27,Card
ORD01582,2023-07-08,7,July,27,DMart-Mumbai-2,Mumbai,Beverages,Water,5,307,0.2,1228.0,284.74,UPI
ORD01583,2023-02-22,2,February,8,DMart-Nashik-1,Nashik,Beverages,Eggs,3,111,0.18,273.06,32.89,Wallet
ORD01584,2023-06-19,6,June,25,DMart-Nashik-1,Nashik,Household,Shampoo,4,362,0.06,1361.12,181.87,UPI
ORD01585,2023-04-21,4,April,16,DMart-Mumbai-1,Mumbai,Household,Sugar,2,95,0.05,180.5,35.21,Card
ORD01586,2023-02-09,2,February,6,DMart-Pune-3,Pune,Dairy,Wheat,4,281,0.13,977.88,227.82,Card
ORD01587,2023-09-14,9,September,37,DMart-Thane-3,Thane,Dairy,Oil,4,306,0.12,1077.12,274.43,Wallet
ORD01588,2023-07-01,7,July,26,DMart-Nashik-2,Nashik,Household,Toothpaste,5,182,0.02,891.8,246.72,UPI
ORD01589,2023-03-27,3,March,13,DMart-Thane-3,Thane,Dairy,Shampoo,4,450,0.17,1494.0,281.36,Card
ORD01590,2023-12-17,12,December,50,DMart-Mumbai-1,Mumbai,Household,Oil,4,480,0.2,1536.0,260.56,Card
ORD01591,2023-08-27,8,August,34,DMart-Nashik-3,Nashik,Personal Care,Biscuits,5,129,0.17,535.35,147.36,UPI
ORD01592,2023-07-15,7,July,28,DMart-Nagpur-3,Nagpur,Dairy,Biscuits,1,497,0.06,467.18,88.02,UPI
ORD01593,2023-01-03,1,January,1,DMart-Nashik-3,Nashik,Beverages,Toothpaste,3,68,0.29,144.84,21.83,Cash
ORD01594,2023-11-07,11,November,45,DMart-Mumbai-1,Mumbai,Groceries,Shampoo,3,351,0.2,842.4,164.9,Card
ORD01595,2023-05-21,5,May,20,DMart-Nagpur-2,Nagpur,Household,Wheat,1,441,0.27,321.93,78.42,Wallet
ORD01596,2023-09-09,9,September,36,DMart-Pune-3,Pune,Personal Care,Bread,5,403,0.25,1511.25,182.52,Cash
ORD01597,2023-11-10,11,November,45,DMart-Nashik-2,Nashik,Dairy,Milk,2,465,0.02,911.4,167.62,Cash
ORD01598,2023-01-29,1,January,4,DMart-Nashik-2,Nashik,Groceries,Tea,1,180,0.27,131.4,27.44,UPI
ORD01599,2023-12-02,12,December,48,DMart-Nashik-3,Nashik,Beverages,Rice,3,448,0.28,967.68,234.04,Card
ORD01600,2023-09-22,9,September,38,DMart-Nashik-1,Nashik,Personal Care,Rice,1,233,0.02,228.34,31.65,UPI
ORD01601,2023-05-17,5,May,20,DMart-Thane-3,Thane,Dairy,Sugar,1,247,0.08,227.24,50.38,Wallet
ORD01602,2023-03-30,3,March,13,DMart-Nagpur-2,Nagpur,Beverages,Rice,5,160,0.11,712.0,87.96,Cash
ORD01603,2023-10-17,10,October,42,DMart-Mumbai-3,Mumbai,Groceries,Tea,1,79,0.05,75.05,18.46,Card
ORD01604,2023-10-30,10,October,44,DMart-Nagpur-2,Nagpur,Dairy,Rice,1,423,0.06,397.62,90.49,Cash
ORD01605,2023-05-07,5,May,18,DMart-Thane-3,Thane,Dairy,Toothpaste,2,402,0.09,731.64,80.97,Card
ORD01606,2023-04-02,4,April,13,DMart-Pune-1,Pune,Dairy,Shampoo,3,309,0.13,806.49,117.1,Card
ORD01607,2023-04-13,4,April,15,DMart-Pune-3,Pune,Beverages,Bread,4,152,0.08,559.36,66.27,Card
ORD01608,2023-06-28,6,June,26,DMart-Thane-1,Thane,Personal Care,Detergent,2,444,0.01,879.12,254.89,Wallet
ORD01609,2023-03-21,3,March,12,DMart-Thane-2,Thane,Household,Tissue,4,127,0.11,452.12,103.63,Card
ORD01610,2023-04-17,4,April,16,DMart-Pune-1,Pune,Household,Chips,3,302,0.02,887.88,179.93,Card
ORD01611,2023-04-22,4,April,16,DMart-Mumbai-3,Mumbai,Beverages,Tea,1,36,0.16,30.24,7.01,Wallet
ORD01612,2023-03-13,3,March,11,DMart-Thane-1,Thane,Household,Tea,3,185,0.18,455.1,79.91,Cash
ORD01613,2023-06-15,6,June,24,DMart-Pune-3,Pune,Beverages,Oil,1,465,0.05,441.75,81.41,Card
ORD01614,2023-11-28,11,November,48,DMart-Nagpur-3,Nagpur,Dairy,Oil,3,487,0.09,1329.51,176.23,UPI
ORD01615,2023-01-12,1,January,2,DMart-Thane-3,Thane,Household,Tea,5,253,0.18,1037.3,247.81,Wallet
ORD01616,2023-08-31,8,August,35,DMart-Thane-2,Thane,Beverages,Soap,3,390,0.19,947.7,158.81,Wallet
ORD01617,2023-06-03,6,June,22,DMart-Nashik-1,Nashik,Dairy,Wheat,5,410,0.03,1988.5,366.28,Card
ORD01618,2023-10-23,10,October,43,DMart-Pune-2,Pune,Household,Water,2,34,0.16,57.12,7.61,UPI
ORD01619,2023-10-18,10,October,42,DMart-Mumbai-2,Mumbai,Dairy,Milk,3,359,0.25,807.75,235.85,Card
ORD01620,2023-03-14,3,March,11,DMart-Mumbai-3,Mumbai,Personal Care,Biscuits,2,222,0.14,381.84,38.25,UPI
ORD01621,2023-03-30,3,March,13,DMart-Nagpur-1,Nagpur,Beverages,Toothpaste,2,61,0.07,113.46,30.81,Cash
ORD01622,2023-05-06,5,May,18,DMart-Pune-3,Pune,Household,Milk,3,452,0.0,1356.0,265.06,Cash
ORD01623,2023-08-30,8,August,35,DMart-Nagpur-1,Nagpur,Personal Care,Tissue,2,377,0.29,535.34,104.1,Wallet
ORD01624,2023-12-28,12,December,52,DMart-Mumbai-3,Mumbai,Groceries,Soap,2,218,0.1,392.4,99.12,Wallet
ORD01625,2023-06-17,6,June,24,DMart-Nagpur-2,Nagpur,Personal Care,Toothpaste,4,325,0.17,1079.0,123.36,Cash
ORD01626,2023-04-24,4,April,17,DMart-Mumbai-1,Mumbai,Dairy,Bread,3,208,0.1,561.6,112.48,Wallet
ORD01627,2023-02-09,2,February,6,DMart-Nagpur-1,Nagpur,Dairy,Soap,2,275,0.01,544.5,77.45,Cash
ORD01628,2023-06-23,6,June,25,DMart-Thane-2,Thane,Dairy,Water,2,237,0.09,431.34,69.97,Wallet
ORD01629,2023-01-18,1,January,3,DMart-Nashik-2,Nashik,Personal Care,Shampoo,2,111,0.12,195.36,46.2,Cash
ORD01630,2023-08-27,8,August,34,DMart-Nashik-1,Nashik,Beverages,Sugar,1,371,0.2,296.8,80.88,Cash
ORD01631,2023-03-24,3,March,12,DMart-Mumbai-1,Mumbai,Dairy,Chips,5,314,0.12,1381.6,327.8,Wallet
ORD01632,2023-12-01,12,December,48,DMart-Thane-3,Thane,Personal Care,Water,1,414,0.09,376.74,69.7,Cash
ORD01633,2023-11-06,11,November,45,DMart-Nagpur-3,Nagpur,Household,Tea,4,210,0.22,655.2,109.43,Card
ORD01634,2023-02-27,2,February,9,DMart-Mumbai-3,Mumbai,Personal Care,Bread,4,292,0.27,852.64,200.32,Cash
ORD01635,2023-06-22,6,June,25,DMart-Nagpur-1,Nagpur,Dairy,Shampoo,5,283,0.23,1089.55,299.02,Cash
ORD01636,2023-08-26,8,August,34,DMart-Nashik-3,Nashik,Groceries,Toothpaste,4,82,0.14,282.08,48.92,Card
ORD01637,2023-05-10,5,May,19,DMart-Nagpur-3,Nagpur,Beverages,Juice,3,365,0.24,832.2,219.56,Card
ORD01638,2023-04-02,4,April,13,DMart-Thane-2,Thane,Beverages,Toothpaste,1,233,0.14,200.38,33.05,Cash
ORD01639,2023-11-02,11,November,44,DMart-Pune-1,Pune,Beverages,Oil,1,394,0.17,327.02,81.01,UPI
ORD01640,2023-02-13,2,February,7,DMart-Nashik-3,Nashik,Groceries,Tissue,2,84,0.2,134.4,26.7,Card
ORD01641,2023-06-26,6,June,26,DMart-Mumbai-2,Mumbai,Household,Tea,5,144,0.18,590.4,113.17,Card
ORD01642,2023-07-10,7,July,28,DMart-Thane-3,Thane,Dairy,Wheat,1,331,0.12,291.28,58.99,Cash
ORD01643,2023-06-22,6,June,25,DMart-Pune-2,Pune,Personal Care,Toothpaste,1,225,0.05,213.75,62.0,Cash
ORD01644,2023-08-10,8,August,32,DMart-Nagpur-3,Nagpur,Dairy,Oil,3,312,0.09,851.76,190.04,UPI
ORD01645,2023-12-22,12,December,51,DMart-Nagpur-1,Nagpur,Beverages,Wheat,4,313,0.06,1176.88,296.74,Card
ORD01646,2023-12-19,12,December,51,DMart-Mumbai-3,Mumbai,Beverages,Bread,1,276,0.19,223.56,40.18,Card
ORD01647,2023-05-20,5,May,20,DMart-Mumbai-3,Mumbai,Personal Care,Rice,1,126,0.25,94.5,17.28,Card
ORD01648,2023-05-17,5,May,20,DMart-Mumbai-1,Mumbai,Household,Tea,3,424,0.03,1233.84,178.0,Card
ORD01649,2023-04-24,4,April,17,DMart-Nagpur-1,Nagpur,Household,Sugar,5,167,0.26,617.9,118.72,Card
ORD01650,2023-10-05,10,October,40,DMart-Pune-3,Pune,Personal Care,Water,5,496,0.0,2480.0,418.1,Card
ORD01651,2023-08-16,8,August,33,DMart-Mumbai-3,Mumbai,Personal Care,Milk,4,457,0.06,1718.32,354.74,Wallet
ORD01652,2023-05-11,5,May,19,DMart-Nagpur-2,Nagpur,Groceries,Water,5,358,0.3,1253.0,145.0,Card
ORD01653,2023-02-12,2,February,6,DMart-Nagpur-2,Nagpur,Household,Eggs,3,209,0.09,570.57,142.74,Wallet
ORD01654,2023-01-16,1,January,3,DMart-Nagpur-1,Nagpur,Household,Milk,2,319,0.19,516.78,88.02,Wallet
ORD01655,2023-01-12,1,January,2,DMart-Nagpur-3,Nagpur,Household,Toothpaste,4,400,0.07,1488.0,260.48,UPI
ORD01656,2023-07-13,7,July,28,DMart-Thane-1,Thane,Groceries,Oil,2,222,0.06,417.36,124.55,Card
ORD01657,2023-04-02,4,April,13,DMart-Nagpur-1,Nagpur,Personal Care,Bread,4,301,0.11,1071.56,268.16,Card
ORD01658,2023-06-13,6,June,24,DMart-Nagpur-1,Nagpur,Groceries,Biscuits,3,360,0.16,907.2,187.9,UPI
ORD01659,2023-07-26,7,July,30,DMart-Mumbai-3,Mumbai,Personal Care,Coffee,4,166,0.05,630.8,179.64,Wallet
ORD01660,2023-05-28,5,May,21,DMart-Mumbai-3,Mumbai,Household,Rice,3,444,0.24,1012.32,195.18,Cash
ORD01661,2023-07-16,7,July,28,DMart-Pune-1,Pune,Personal Care,Juice,2,230,0.2,368.0,38.94,UPI
ORD01662,2023-11-09,11,November,45,DMart-Mumbai-1,Mumbai,Groceries,Detergent,5,326,0.23,1255.1,228.12,Card
ORD01663,2023-11-09,11,November,45,DMart-Pune-3,Pune,Dairy,Soap,4,311,0.21,982.76,116.16,Cash
ORD01664,2023-11-04,11,November,44,DMart-Nagpur-2,Nagpur,Household,Water,2,281,0.27,410.26,115.96,Card
ORD01665,2023-05-03,5,May,18,DMart-Mumbai-2,Mumbai,Personal Care,Bread,2,499,0.1,898.2,113.65,Cash
ORD01666,2023-04-16,4,April,15,DMart-Nashik-1,Nashik,Personal Care,Tea,5,145,0.14,623.5,185.77,UPI
ORD01667,2023-08-25,8,August,34,DMart-Nashik-3,Nashik,Groceries,Detergent,5,431,0.26,1594.7,265.12,UPI
ORD01668,2023-05-06,5,May,18,DMart-Nashik-2,Nashik,Groceries,Tea,1,23,0.21,18.17,4.28,Wallet
ORD01669,2023-07-17,7,July,29,DMart-Thane-1,Thane,Personal Care,Sugar,5,153,0.03,742.05,180.44,Cash
ORD01670,2023-08-13,8,August,32,DMart-Nashik-1,Nashik,Groceries,Coffee,4,169,0.26,500.24,132.3,Cash
ORD01671,2023-07-06,7,July,27,DMart-Mumbai-2,Mumbai,Household,Water,4,342,0.13,1190.16,306.45,UPI
ORD01672,2023-05-15,5,May,20,DMart-Nashik-3,Nashik,Dairy,Oil,4,207,0.21,654.12,109.87,UPI
ORD01673,2023-09-05,9,September,36,DMart-Nagpur-2,Nagpur,Beverages,Eggs,3,69,0.2,165.6,39.54,Wallet
ORD01674,2023-05-06,5,May,18,DMart-Thane-3,Thane,Beverages,Shampoo,4,171,0.1,615.6,158.5,Card
ORD01675,2023-10-18,10,October,42,DMart-Mumbai-1,Mumbai,Household,Shampoo,2,38,0.04,72.96,14.91,UPI
ORD01676,2023-07-09,7,July,27,DMart-Nagpur-2,Nagpur,Beverages,Biscuits,2,177,0.18,290.28,65.83,Wallet
ORD01677,2023-12-11,12,December,50,DMart-Nashik-2,Nashik,Dairy,Toothpaste,2,400,0.04,768.0,170.1,Wallet
ORD01678,2023-05-12,5,May,19,DMart-Thane-1,Thane,Groceries,Soap,2,455,0.18,746.2,119.83,Cash
ORD01679,2023-05-13,5,May,19,DMart-Nashik-3,Nashik,Household,Biscuits,5,401,0.12,1764.4,344.75,UPI
ORD01680,2023-06-26,6,June,26,DMart-Nagpur-1,Nagpur,Household,Milk,5,456,0.1,2052.0,419.98,Wallet
ORD01681,2023-11-28,11,November,48,DMart-Mumbai-1,Mumbai,Household,Bread,2,266,0.15,452.2,126.36,Cash
ORD01682,2023-06-25,6,June,25,DMart-Nashik-1,Nashik,Beverages,Soap,2,125,0.04,240.0,37.36,Cash
ORD01683,2023-11-29,11,November,48,DMart-Nashik-3,Nashik,Beverages,Eggs,4,275,0.18,902.0,254.85,Cash
ORD01684,2023-09-26,9,September,39,DMart-Pune-3,Pune,Dairy,Soap,1,206,0.12,181.28,40.84,Cash
ORD01685,2023-05-19,5,May,20,DMart-Nashik-1,Nashik,Household,Tissue,5,453,0.27,1653.45,191.62,Cash
ORD01686,2023-08-17,8,August,33,DMart-Thane-3,Thane,Dairy,Detergent,3,145,0.25,326.25,80.87,UPI
ORD01687,2023-04-27,4,April,17,DMart-Mumbai-2,Mumbai,Dairy,Tea,5,40,0.08,184.0,38.71,UPI
ORD01688,2023-02-02,2,February,5,DMart-Thane-1,Thane,Household,Milk,1,175,0.06,164.5,23.94,Wallet
ORD01689,2023-08-26,8,August,34,DMart-Mumbai-2,Mumbai,Household,Oil,1,471,0.1,423.9,109.37,UPI
ORD01690,2023-09-02,9,September,35,DMart-Thane-1,Thane,Personal Care,Oil,4,62,0.06,233.12,27.97,UPI
ORD01691,2023-11-03,11,November,44,DMart-Nashik-3,Nashik,Beverages,Coffee,1,311,0.18,255.02,47.42,Cash
ORD01692,2023-08-15,8,August,33,DMart-Mumbai-1,Mumbai,Household,Eggs,5,432,0.24,1641.6,313.96,Card
ORD01693,2023-07-28,7,July,30,DMart-Nagpur-3,Nagpur,Personal Care,Shampoo,2,343,0.1,617.4,124.38,Card
ORD01694,2023-11-27,11,November,48,DMart-Thane-2,Thane,Beverages,Toothpaste,5,464,0.07,2157.6,362.97,Card
ORD01695,2023-11-17,11,November,46,DMart-Nashik-3,Nashik,Groceries,Tea,2,407,0.15,691.9,70.09,Wallet
ORD01696,2023-09-11,9,September,37,DMart-Nashik-3,Nashik,Dairy,Bread,4,53,0.21,167.48,26.95,Wallet
ORD01697,2023-06-25,6,June,25,DMart-Pune-2,Pune,Dairy,Tissue,1,119,0.24,90.44,13.24,Card
ORD01698,2023-06-13,6,June,24,DMart-Thane-1,Thane,Personal Care,Detergent,3,72,0.29,153.36,34.03,UPI
ORD01699,2023-06-15,6,June,24,DMart-Mumbai-3,Mumbai,Dairy,Bread,4,412,0.25,1236.0,166.06,UPI
ORD01700,2023-06-16,6,June,24,DMart-Thane-3,Thane,Personal Care,Detergent,5,354,0.25,1327.5,243.44,Card
ORD01701,2023-04-28,4,April,17,DMart-Pune-3,Pune,Personal Care,Shampoo,3,498,0.11,1329.66,171.52,Card
ORD01702,2023-06-11,6,June,23,DMart-Mumbai-1,Mumbai,Beverages,Tea,5,237,0.12,1042.8,263.35,Wallet
ORD01703,2023-01-29,1,January,4,DMart-Mumbai-1,Mumbai,Beverages,Juice,2,350,0.14,602.0,152.55,UPI
ORD01704,2023-04-17,4,April,16,DMart-Nashik-1,Nashik,Beverages,Shampoo,3,446,0.0,1338.0,219.93,Wallet
ORD01705,2023-06-16,6,June,24,DMart-Nagpur-3,Nagpur,Household,Tissue,2,398,0.25,597.0,85.37,Wallet
ORD01706,2023-05-21,5,May,20,DMart-Thane-3,Thane,Groceries,Oil,2,144,0.1,259.2,63.39,Wallet
ORD01707,2023-01-24,1,January,4,DMart-Mumbai-1,Mumbai,Personal Care,Water,3,147,0.19,357.21,77.59,Cash
ORD01708,2023-01-29,1,January,4,DMart-Mumbai-2,Mumbai,Beverages,Chips,3,295,0.14,761.1,216.7,Wallet
ORD01709,2023-03-10,3,March,10,DMart-Mumbai-3,Mumbai,Beverages,Sugar,4,416,0.26,1231.36,160.51,Card
ORD01710,2023-10-21,10,October,42,DMart-Nagpur-3,Nagpur,Household,Eggs,4,65,0.07,241.8,40.03,Card
ORD01711,2023-10-13,10,October,41,DMart-Mumbai-2,Mumbai,Beverages,Detergent,1,373,0.04,358.08,91.1,Card
ORD01712,2023-07-04,7,July,27,DMart-Pune-3,Pune,Dairy,Tea,3,114,0.14,294.12,42.81,Card
ORD01713,2023-04-12,4,April,15,DMart-Nagpur-1,Nagpur,Beverages,Shampoo,1,329,0.04,315.84,39.11,Wallet
ORD01714,2023-07-22,7,July,29,DMart-Nagpur-3,Nagpur,Groceries,Coffee,5,445,0.01,2202.75,622.49,Card
ORD01715,2023-01-09,1,January,2,DMart-Pune-2,Pune,Groceries,Juice,3,278,0.25,625.5,129.96,Card
ORD01716,2023-11-21,11,November,47,DMart-Nagpur-3,Nagpur,Groceries,Sugar,1,309,0.17,256.47,65.69,UPI
ORD01717,2023-09-20,9,September,38,DMart-Pune-1,Pune,Household,Sugar,4,492,0.19,1594.08,366.69,Cash
ORD01718,2023-12-17,12,December,50,DMart-Thane-3,Thane,Beverages,Juice,4,258,0.28,743.04,205.16,UPI
ORD01719,2023-11-30,11,November,48,DMart-Nashik-1,Nashik,Groceries,Chips,5,113,0.1,508.5,97.03,Wallet
ORD01720,2023-01-11,1,January,2,DMart-Mumbai-1,Mumbai,Household,Water,1,170,0.19,137.7,36.58,Cash
ORD01721,2023-04-26,4,April,17,DMart-Thane-2,Thane,Personal Care,Chips,3,97,0.27,212.43,30.71,Card
ORD01722,2023-09-30,9,September,39,DMart-Nashik-3,Nashik,Dairy,Tea,5,414,0.29,1469.7,251.21,UPI
ORD01723,2023-04-07,4,April,14,DMart-Thane-1,Thane,Dairy,Milk,2,177,0.03,343.38,36.14,Cash
ORD01724,2023-03-07,3,March,10,DMart-Pune-1,Pune,Beverages,Tissue,3,55,0.27,120.45,19.64,UPI
ORD01725,2023-04-14,4,April,15,DMart-Pune-1,Pune,Dairy,Toothpaste,3,237,0.07,661.23,189.95,Card
ORD01726,2023-01-14,1,January,2,DMart-Thane-3,Thane,Personal Care,Milk,4,83,0.0,332.0,62.68,UPI
ORD01727,2023-07-14,7,July,28,DMart-Nagpur-1,Nagpur,Personal Care,Wheat,4,244,0.06,917.44,129.48,Cash
ORD01728,2023-02-17,2,February,7,DMart-Mumbai-3,Mumbai,Household,Bread,5,487,0.23,1874.95,381.18,UPI
ORD01729,2023-03-03,3,March,9,DMart-Mumbai-2,Mumbai,Household,Coffee,3,203,0.13,529.83,73.22,Card
ORD01730,2023-09-02,9,September,35,DMart-Nashik-1,Nashik,Household,Shampoo,4,77,0.0,308.0,31.25,Wallet
ORD01731,2023-07-24,7,July,30,DMart-Nashik-2,Nashik,Beverages,Oil,3,204,0.26,452.88,51.2,Card
ORD01732,2023-04-28,4,April,17,DMart-Pune-2,Pune,Personal Care,Sugar,4,468,0.0,1872.0,543.37,Card
ORD01733,2023-01-24,1,January,4,DMart-Mumbai-3,Mumbai,Dairy,Milk,5,110,0.0,550.0,69.07,UPI
ORD01734,2023-12-22,12,December,51,DMart-Thane-3,Thane,Groceries,Coffee,5,51,0.25,191.25,27.15,Card
ORD01735,2023-07-10,7,July,28,DMart-Mumbai-3,Mumbai,Dairy,Juice,2,234,0.05,444.6,127.72,UPI
ORD01736,2023-07-06,7,July,27,DMart-Thane-2,Thane,Dairy,Oil,4,35,0.06,131.6,21.22,Card
ORD01737,2023-05-16,5,May,20,DMart-Nagpur-2,Nagpur,Groceries,Chips,1,421,0.1,378.9,40.05,Cash
ORD01738,2023-03-15,3,March,11,DMart-Nagpur-3,Nagpur,Groceries,Juice,4,296,0.24,899.84,197.7,UPI
ORD01739,2023-03-22,3,March,12,DMart-Mumbai-2,Mumbai,Groceries,Oil,2,198,0.02,388.08,71.4,Cash
ORD01740,2023-09-01,9,September,35,DMart-Thane-1,Thane,Personal Care,Tea,5,458,0.14,1969.4,249.88,Cash
ORD01741,2023-06-09,6,June,23,DMart-Nagpur-3,Nagpur,Personal Care,Coffee,3,480,0.04,1382.4,227.51,Card
ORD01742,2023-11-11,11,November,45,DMart-Nagpur-3,Nagpur,Personal Care,Oil,5,272,0.06,1278.4,160.01,UPI
ORD01743,2023-03-15,3,March,11,DMart-Nashik-3,Nashik,Groceries,Soap,1,400,0.22,312.0,56.4,Cash
ORD01744,2023-05-08,5,May,19,DMart-Nagpur-2,Nagpur,Beverages,Soap,3,114,0.1,307.8,74.52,Card
ORD01745,2023-03-09,3,March,10,DMart-Nashik-2,Nashik,Personal Care,Chips,2,211,0.18,346.04,85.57,Cash
ORD01746,2023-07-17,7,July,29,DMart-Nashik-2,Nashik,Dairy,Wheat,1,113,0.04,108.48,24.62,UPI
ORD01747,2023-03-24,3,March,12,DMart-Pune-3,Pune,Beverages,Water,5,25,0.15,106.25,20.91,UPI
ORD01748,2023-11-18,11,November,46,DMart-Nagpur-2,Nagpur,Personal Care,Water,4,129,0.19,417.96,63.76,Cash
ORD01749,2023-05-24,5,May,21,DMart-Nashik-2,Nashik,Beverages,Detergent,2,192,0.08,353.28,59.42,Wallet
ORD01750,2023-10-09,10,October,41,DMart-Mumbai-2,Mumbai,Groceries,Tea,3,362,0.24,825.36,168.22,Card
ORD01751,2023-08-07,8,August,32,DMart-Nashik-2,Nashik,Household,Rice,1,84,0.07,78.12,23.05,Cash
ORD01752,2023-03-03,3,March,9,DMart-Nagpur-3,Nagpur,Beverages,Tissue,3,84,0.09,229.32,43.69,Cash
ORD01753,2023-09-16,9,September,37,DMart-Thane-2,Thane,Personal Care,Bread,5,439,0.06,2063.3,264.81,UPI
ORD01754,2023-01-09,1,January,2,DMart-Nashik-2,Nashik,Beverages,Eggs,5,289,0.24,1098.2,143.16,Cash
ORD01755,2023-09-30,9,September,39,DMart-Mumbai-2,Mumbai,Household,Biscuits,5,137,0.05,650.75,113.81,UPI
ORD01756,2023-11-22,11,November,47,DMart-Pune-2,Pune,Dairy,Soap,5,296,0.13,1287.6,349.79,Cash
ORD01757,2023-07-25,7,July,30,DMart-Nagpur-2,Nagpur,Personal Care,Toothpaste,5,481,0.13,2092.35,583.24,Card
ORD01758,2023-03-11,3,March,10,DMart-Pune-2,Pune,Groceries,Toothpaste,3,58,0.22,135.72,28.66,UPI
ORD01759,2023-11-10,11,November,45,DMart-Nashik-2,Nashik,Groceries,Sugar,4,406,0.04,1559.04,200.74,UPI
ORD01760,2023-05-05,5,May,18,DMart-Pune-1,Pune,Dairy,Water,4,350,0.12,1232.0,268.93,Card
ORD01761,2023-02-06,2,February,6,DMart-Thane-1,Thane,Beverages,Soap,4,91,0.03,353.08,86.57,UPI
ORD01762,2023-04-16,4,April,15,DMart-Thane-2,Thane,Dairy,Tea,3,364,0.24,829.92,137.35,Cash
ORD01763,2023-09-24,9,September,38,DMart-Nagpur-2,Nagpur,Household,Toothpaste,5,72,0.15,306.0,44.81,Card
ORD01764,2023-03-05,3,March,9,DMart-Nashik-1,Nashik,Household,Tissue,2,252,0.02,493.92,136.34,Card
ORD01765,2023-05-20,5,May,20,DMart-Nagpur-1,Nagpur,Personal Care,Wheat,3,449,0.03,1306.59,294.48,UPI
ORD01766,2023-12-30,12,December,52,DMart-Thane-3,Thane,Beverages,Coffee,5,135,0.03,654.75,77.07,Card
ORD01767,2023-05-04,5,May,18,DMart-Nashik-1,Nashik,Personal Care,Coffee,1,235,0.2,188.0,22.76,Card
ORD01768,2023-05-22,5,May,21,DMart-Pune-3,Pune,Household,Shampoo,4,188,0.21,594.08,158.77,Cash
ORD01769,2023-01-07,1,January,1,DMart-Nagpur-1,Nagpur,Personal Care,Oil,5,144,0.15,612.0,88.3,Card
ORD01770,2023-02-23,2,February,8,DMart-Nashik-2,Nashik,Household,Coffee,5,330,0.12,1452.0,321.36,Wallet
ORD01771,2023-01-22,1,January,3,DMart-Nashik-1,Nashik,Household,Oil,1,449,0.18,368.18,43.81,UPI
ORD01772,2023-07-04,7,July,27,DMart-Nagpur-2,Nagpur,Personal Care,Juice,1,387,0.11,344.43,79.02,Wallet
ORD01773,2023-10-21,10,October,42,DMart-Pune-1,Pune,Groceries,Detergent,4,224,0.21,707.84,199.34,UPI
ORD01774,2023-01-13,1,January,2,DMart-Nagpur-2,Nagpur,Groceries,Chips,4,169,0.25,507.0,53.58,Card
ORD01775,2023-07-03,7,July,27,DMart-Pune-3,Pune,Beverages,Biscuits,3,147,0.14,379.26,97.37,Wallet
ORD01776,2023-12-24,12,December,51,DMart-Thane-2,Thane,Dairy,Shampoo,5,127,0.24,482.6,131.6,Card
ORD01777,2023-07-25,7,July,30,DMart-Pune-3,Pune,Dairy,Biscuits,4,452,0.27,1319.84,155.44,UPI
ORD01778,2023-06-12,6,June,24,DMart-Thane-1,Thane,Groceries,Toothpaste,1,488,0.2,390.4,70.75,Wallet
ORD01779,2023-11-24,11,November,47,DMart-Pune-3,Pune,Personal Care,Bread,3,123,0.27,269.37,65.05,Card
ORD01780,2023-08-13,8,August,32,DMart-Thane-1,Thane,Dairy,Biscuits,3,106,0.0,318.0,38.89,Card
ORD01781,2023-09-17,9,September,37,DMart-Thane-1,Thane,Beverages,Tissue,5,407,0.17,1689.05,229.0,Cash
ORD01782,2023-04-12,4,April,15,DMart-Nagpur-1,Nagpur,Groceries,Sugar,5,384,0.29,1363.2,375.41,Card
ORD01783,2023-03-16,3,March,11,DMart-Mumbai-2,Mumbai,Household,Chips,4,201,0.04,771.84,219.4,Card
ORD01784,2023-11-11,11,November,45,DMart-Nagpur-3,Nagpur,Beverages,Sugar,4,135,0.26,399.6,43.22,UPI
ORD01785,2023-12-08,12,December,49,DMart-Pune-1,Pune,Groceries,Shampoo,2,273,0.26,404.04,96.57,UPI
ORD01786,2023-04-26,4,April,17,DMart-Mumbai-1,Mumbai,Dairy,Tea,1,94,0.09,85.54,12.72,Wallet
ORD01787,2023-08-13,8,August,32,DMart-Nashik-2,Nashik,Household,Juice,5,302,0.06,1419.4,258.99,Wallet
ORD01788,2023-11-18,11,November,46,DMart-Nagpur-1,Nagpur,Beverages,Water,3,381,0.25,857.25,223.18,Card
ORD01789,2023-07-06,7,July,27,DMart-Mumbai-3,Mumbai,Beverages,Soap,3,296,0.02,870.24,253.78,Card
ORD01790,2023-12-26,12,December,52,DMart-Nashik-1,Nashik,Household,Soap,2,316,0.03,613.04,181.58,Wallet
ORD01791,2023-10-02,10,October,40,DMart-Thane-3,Thane,Groceries,Chips,5,433,0.07,2013.45,491.32,UPI
ORD01792,2023-08-27,8,August,34,DMart-Nagpur-2,Nagpur,Household,Shampoo,1,448,0.14,385.28,86.21,Wallet
ORD01793,2023-02-03,2,February,5,DMart-Nashik-3,Nashik,Groceries,Bread,4,306,0.17,1015.92,233.72,Card
ORD01794,2023-09-02,9,September,35,DMart-Pune-2,Pune,Groceries,Milk,3,369,0.02,1084.86,315.64,Card
ORD01795,2023-01-15,1,January,2,DMart-Nagpur-2,Nagpur,Personal Care,Coffee,2,380,0.12,668.8,95.67,Card
ORD01796,2023-10-03,10,October,40,DMart-Nagpur-1,Nagpur,Beverages,Toothpaste,5,139,0.25,521.25,143.44,UPI
ORD01797,2023-10-04,10,October,40,DMart-Thane-1,Thane,Groceries,Chips,1,332,0.22,258.96,64.97,Cash
ORD01798,2023-02-06,2,February,6,DMart-Thane-1,Thane,Household,Sugar,2,231,0.23,355.74,49.42,UPI
ORD01799,2023-04-03,4,April,14,DMart-Nagpur-1,Nagpur,Personal Care,Rice,1,393,0.1,353.7,41.67,Wallet
ORD01800,2023-07-28,7,July,30,DMart-Pune-3,Pune,Personal Care,Water,3,90,0.05,256.5,30.57,UPI
ORD01801,2023-12-29,12,December,52,DMart-Pune-1,Pune,Beverages,Juice,1,275,0.05,261.25,39.74,UPI
ORD01802,2023-06-29,6,June,26,DMart-Nashik-3,Nashik,Beverages,Sugar,1,251,0.16,210.84,31.95,Cash
ORD01803,2023-10-13,10,October,41,DMart-Nagpur-3,Nagpur,Beverages,Wheat,2,68,0.0,136.0,39.81,Cash
ORD01804,2023-01-03,1,January,1,DMart-Thane-1,Thane,Personal Care,Chips,1,176,0.25,132.0,37.1,Card
ORD01805,2023-02-05,2,February,5,DMart-Pune-1,Pune,Dairy,Bread,5,345,0.15,1466.25,199.93,Card
ORD01806,2023-02-19,2,February,7,DMart-Thane-3,Thane,Household,Milk,5,211,0.05,1002.25,278.91,UPI
ORD01807,2023-09-17,9,September,37,DMart-Nashik-3,Nashik,Personal Care,Milk,5,35,0.01,173.25,49.73,Cash
ORD01808,2023-06-09,6,June,23,DMart-Nashik-3,Nashik,Groceries,Toothpaste,2,198,0.18,324.72,66.14,Cash
ORD01809,2023-09-12,9,September,37,DMart-Nagpur-2,Nagpur,Household,Eggs,5,99,0.29,351.45,58.86,Wallet
ORD01810,2023-08-18,8,August,33,DMart-Pune-1,Pune,Household,Oil,3,53,0.07,147.87,25.6,Wallet
ORD01811,2023-04-07,4,April,14,DMart-Nagpur-2,Nagpur,Groceries,Water,1,203,0.29,144.13,42.73,Cash
ORD01812,2023-09-24,9,September,38,DMart-Nagpur-3,Nagpur,Beverages,Sugar,5,486,0.18,1992.6,428.44,Wallet
ORD01813,2023-10-07,10,October,40,DMart-Pune-2,Pune,Beverages,Eggs,2,184,0.14,316.48,79.98,Wallet
ORD01814,2023-07-26,7,July,30,DMart-Pune-3,Pune,Personal Care,Juice,4,62,0.0,248.0,49.17,Wallet
ORD01815,2023-11-09,11,November,45,DMart-Mumbai-1,Mumbai,Beverages,Water,3,274,0.24,624.72,147.94,Cash
ORD01816,2023-04-07,4,April,14,DMart-Nagpur-3,Nagpur,Beverages,Sugar,5,476,0.23,1832.6,513.23,UPI
ORD01817,2023-11-25,11,November,47,DMart-Nagpur-1,Nagpur,Groceries,Chips,1,293,0.01,290.07,85.09,UPI
ORD01818,2023-06-30,6,June,26,DMart-Nashik-2,Nashik,Groceries,Tissue,4,441,0.23,1358.28,273.93,UPI
ORD01819,2023-09-18,9,September,38,DMart-Mumbai-3,Mumbai,Groceries,Biscuits,2,486,0.03,942.84,180.5,UPI
ORD01820,2023-12-31,12,December,52,DMart-Thane-2,Thane,Groceries,Chips,2,385,0.15,654.5,92.51,Cash
ORD01821,2023-01-24,1,January,4,DMart-Nashik-3,Nashik,Dairy,Water,1,480,0.29,340.8,53.88,UPI
ORD01822,2023-12-04,12,December,49,DMart-Nagpur-1,Nagpur,Dairy,Chips,2,219,0.11,389.82,110.52,Cash
ORD01823,2023-03-21,3,March,12,DMart-Nashik-3,Nashik,Household,Milk,5,146,0.21,576.7,87.45,Wallet
ORD01824,2023-12-15,12,December,50,DMart-Nagpur-1,Nagpur,Dairy,Toothpaste,3,469,0.13,1224.09,291.4,Wallet
ORD01825,2023-07-13,7,July,28,DMart-Thane-2,Thane,Dairy,Shampoo,4,438,0.08,1611.84,354.65,Wallet
ORD01826,2023-01-22,1,January,3,DMart-Mumbai-2,Mumbai,Dairy,Tea,2,359,0.02,703.64,160.09,UPI
ORD01827,2023-09-08,9,September,36,DMart-Pune-2,Pune,Dairy,Sugar,3,294,0.05,837.9,241.9,Wallet
ORD01828,2023-05-26,5,May,21,DMart-Mumbai-2,Mumbai,Beverages,Tissue,5,165,0.08,759.0,92.37,Wallet
ORD01829,2023-04-14,4,April,15,DMart-Mumbai-1,Mumbai,Household,Sugar,4,453,0.06,1703.28,213.63,Wallet
ORD01830,2023-09-03,9,September,35,DMart-Mumbai-2,Mumbai,Groceries,Oil,1,137,0.26,101.38,18.01,Cash
ORD01831,2023-05-04,5,May,18,DMart-Thane-1,Thane,Household,Juice,4,209,0.23,643.72,82.75,Cash
ORD01832,2023-12-06,12,December,49,DMart-Thane-1,Thane,Dairy,Detergent,2,413,0.23,636.02,104.04,Cash
ORD01833,2023-03-20,3,March,12,DMart-Nashik-3,Nashik,Beverages,Chips,2,491,0.11,873.98,168.16,Cash
ORD01834,2023-07-20,7,July,29,DMart-Thane-2,Thane,Dairy,Water,5,169,0.02,828.1,120.11,UPI
ORD01835,2023-06-21,6,June,25,DMart-Thane-1,Thane,Groceries,Tea,4,466,0.02,1826.72,490.81,Card
ORD01836,2023-10-13,10,October,41,DMart-Mumbai-2,Mumbai,Dairy,Bread,3,300,0.01,891.0,108.95,Wallet
ORD01837,2023-09-23,9,September,38,DMart-Pune-3,Pune,Groceries,Tissue,2,336,0.23,517.44,148.28,Cash
ORD01838,2023-03-15,3,March,11,DMart-Nashik-2,Nashik,Dairy,Oil,4,23,0.0,92.0,19.55,Wallet
ORD01839,2023-10-18,10,October,42,DMart-Mumbai-1,Mumbai,Dairy,Oil,1,410,0.18,336.2,70.3,Wallet
ORD01840,2023-10-20,10,October,42,DMart-Thane-3,Thane,Beverages,Water,5,371,0.12,1632.4,310.05,UPI
ORD01841,2023-12-16,12,December,50,DMart-Nashik-3,Nashik,Household,Coffee,3,148,0.2,355.2,67.84,UPI
ORD01842,2023-08-21,8,August,34,DMart-Mumbai-3,Mumbai,Beverages,Tissue,2,134,0.09,243.88,55.46,Wallet
ORD01843,2023-05-12,5,May,19,DMart-Mumbai-3,Mumbai,Beverages,Bread,1,398,0.13,346.26,90.41,Cash
ORD01844,2023-08-24,8,August,34,DMart-Thane-2,Thane,Household,Juice,2,456,0.12,802.56,100.32,Card
ORD01845,2023-04-17,4,April,16,DMart-Nagpur-2,Nagpur,Personal Care,Water,4,472,0.14,1623.68,400.55,Wallet
ORD01846,2023-08-26,8,August,34,DMart-Pune-1,Pune,Beverages,Biscuits,4,186,0.04,714.24,174.75,UPI
ORD01847,2023-04-22,4,April,16,DMart-Nagpur-3,Nagpur,Household,Eggs,5,119,0.11,529.55,148.31,Wallet
ORD01848,2023-07-11,7,July,28,DMart-Thane-2,Thane,Dairy,Toothpaste,2,221,0.15,375.7,45.73,Wallet
ORD01849,2023-06-03,6,June,22,DMart-Mumbai-3,Mumbai,Groceries,Juice,2,122,0.1,219.6,46.19,Wallet
ORD01850,2023-09-22,9,September,38,DMart-Thane-1,Thane,Dairy,Juice,1,246,0.22,191.88,27.11,UPI
ORD01851,2023-05-20,5,May,20,DMart-Nagpur-2,Nagpur,Personal Care,Milk,2,314,0.04,602.88,109.88,UPI
ORD01852,2023-03-08,3,March,10,DMart-Nashik-3,Nashik,Beverages,Coffee,5,332,0.16,1394.4,344.51,Cash
ORD01853,2023-12-13,12,December,50,DMart-Nashik-2,Nashik,Groceries,Oil,1,63,0.0,63.0,17.89,Cash
ORD01854,2023-06-19,6,June,25,DMart-Pune-1,Pune,Beverages,Sugar,3,496,0.06,1398.72,347.89,Card
ORD01855,2023-02-03,2,February,5,DMart-Nagpur-2,Nagpur,Household,Biscuits,3,485,0.18,1193.1,335.15,Wallet
ORD01856,2023-06-23,6,June,25,DMart-Nashik-3,Nashik,Beverages,Bread,1,175,0.25,131.25,27.87,UPI
ORD01857,2023-03-25,3,March,12,DMart-Nagpur-3,Nagpur,Groceries,Juice,5,292,0.13,1270.2,167.23,Wallet
ORD01858,2023-12-25,12,December,52,DMart-Nashik-1,Nashik,Dairy,Shampoo,2,78,0.29,110.76,20.93,Cash
ORD01859,2023-03-11,3,March,10,DMart-Thane-1,Thane,Personal Care,Water,4,214,0.05,813.2,206.09,Card
ORD01860,2023-08-14,8,August,33,DMart-Thane-1,Thane,Personal Care,Bread,1,477,0.15,405.45,117.31,Card
ORD01861,2023-06-23,6,June,25,DMart-Thane-2,Thane,Beverages,Sugar,2,55,0.04,105.6,23.74,Wallet
ORD01862,2023-03-18,3,March,11,DMart-Nashik-1,Nashik,Dairy,Oil,3,344,0.09,939.12,227.53,Cash
ORD01863,2023-07-01,7,July,26,DMart-Pune-3,Pune,Groceries,Coffee,5,338,0.13,1470.3,438.65,Card
ORD01864,2023-04-09,4,April,14,DMart-Mumbai-3,Mumbai,Beverages,Detergent,1,286,0.15,243.1,39.8,Cash
ORD01865,2023-11-29,11,November,48,DMart-Pune-2,Pune,Beverages,Soap,4,154,0.13,535.92,89.77,Wallet
ORD01866,2023-12-04,12,December,49,DMart-Nashik-3,Nashik,Beverages,Sugar,1,302,0.04,289.92,79.56,Cash
ORD01867,2023-10-21,10,October,42,DMart-Nagpur-1,Nagpur,Beverages,Rice,2,214,0.28,308.16,59.79,Cash
ORD01868,2023-12-22,12,December,51,DMart-Nashik-1,Nashik,Personal Care,Shampoo,3,191,0.25,429.75,87.03,Wallet
ORD01869,2023-07-28,7,July,30,DMart-Pune-2,Pune,Dairy,Chips,3,197,0.17,490.53,67.98,Card
ORD01870,2023-02-12,2,February,6,DMart-Mumbai-2,Mumbai,Groceries,Tea,3,432,0.27,946.08,190.88,Cash
ORD01871,2023-03-07,3,March,10,DMart-Thane-1,Thane,Dairy,Oil,2,58,0.11,103.24,11.67,UPI
ORD01872,2023-02-14,2,February,7,DMart-Nashik-2,Nashik,Groceries,Sugar,1,390,0.23,300.3,78.5,Cash
ORD01873,2023-03-21,3,March,12,DMart-Thane-3,Thane,Beverages,Tea,1,422,0.19,341.82,42.52,UPI
ORD01874,2023-04-13,4,April,15,DMart-Thane-2,Thane,Dairy,Sugar,1,66,0.0,66.0,12.32,UPI
ORD01875,2023-04-18,4,April,16,DMart-Nagpur-2,Nagpur,Groceries,Wheat,3,218,0.2,523.2,107.71,UPI
ORD01876,2023-12-29,12,December,52,DMart-Thane-2,Thane,Household,Coffee,2,381,0.15,647.7,102.09,Cash
ORD01877,2023-08-15,8,August,33,DMart-Pune-2,Pune,Household,Bread,1,23,0.05,21.85,6.44,UPI
ORD01878,2023-10-05,10,October,40,DMart-Pune-3,Pune,Groceries,Eggs,1,379,0.06,356.26,48.95,UPI
ORD01879,2023-03-25,3,March,12,DMart-Pune-2,Pune,Household,Water,5,171,0.13,743.85,149.76,UPI
ORD01880,2023-08-07,8,August,32,DMart-Nashik-3,Nashik,Beverages,Shampoo,2,396,0.16,665.28,67.46,Card
ORD01881,2023-05-25,5,May,21,DMart-Thane-3,Thane,Groceries,Bread,1,51,0.15,43.35,7.32,Cash
ORD01882,2023-11-14,11,November,46,DMart-Thane-2,Thane,Groceries,Juice,4,365,0.0,1460.0,431.33,Cash
ORD01883,2023-06-13,6,June,24,DMart-Nashik-2,Nashik,Household,Biscuits,1,367,0.18,300.94,45.89,Card
ORD01884,2023-08-19,8,August,33,DMart-Pune-3,Pune,Personal Care,Biscuits,4,209,0.09,760.76,192.23,UPI
ORD01885,2023-04-27,4,April,17,DMart-Nagpur-2,Nagpur,Groceries,Bread,3,373,0.13,973.53,187.88,Card
ORD01886,2023-07-26,7,July,30,DMart-Nagpur-1,Nagpur,Personal Care,Tea,2,251,0.04,481.92,119.31,Wallet
ORD01887,2023-01-13,1,January,2,DMart-Nagpur-1,Nagpur,Beverages,Milk,2,215,0.12,378.4,65.52,UPI
ORD01888,2023-03-19,3,March,11,DMart-Pune-2,Pune,Dairy,Bread,1,68,0.12,59.84,11.64,Card
ORD01889,2023-04-12,4,April,15,DMart-Nashik-2,Nashik,Personal Care,Rice,2,220,0.09,400.4,106.49,Card
ORD01890,2023-04-27,4,April,17,DMart-Nashik-2,Nashik,Personal Care,Eggs,4,330,0.13,1148.4,214.78,UPI
ORD01891,2023-09-07,9,September,36,DMart-Nagpur-2,Nagpur,Beverages,Wheat,1,74,0.3,51.8,8.53,Card
ORD01892,2023-03-14,3,March,11,DMart-Pune-2,Pune,Household,Soap,2,273,0.13,475.02,94.1,UPI
ORD01893,2023-06-23,6,June,25,DMart-Nagpur-3,Nagpur,Household,Toothpaste,5,239,0.03,1159.15,254.81,Card
ORD01894,2023-06-24,6,June,25,DMart-Nagpur-2,Nagpur,Dairy,Biscuits,5,209,0.15,888.25,100.04,Card
ORD01895,2023-08-02,8,August,31,DMart-Pune-3,Pune,Dairy,Soap,2,187,0.29,265.54,72.86,Wallet
ORD01896,2023-05-24,5,May,21,DMart-Mumbai-3,Mumbai,Beverages,Tissue,3,315,0.22,737.1,102.37,Card
ORD01897,2023-11-20,11,November,47,DMart-Nagpur-2,Nagpur,Household,Soap,2,332,0.26,491.36,129.69,Wallet
ORD01898,2023-01-10,1,January,2,DMart-Thane-1,Thane,Household,Chips,1,470,0.12,413.6,103.42,Card
ORD01899,2023-02-11,2,February,6,DMart-Thane-3,Thane,Personal Care,Detergent,5,256,0.28,921.6,256.37,Card
ORD01900,2023-02-04,2,February,5,DMart-Thane-3,Thane,Personal Care,Tea,2,418,0.25,627.0,159.25,UPI
ORD01901,2023-07-06,7,July,27,DMart-Pune-3,Pune,Personal Care,Wheat,2,146,0.2,233.6,23.5,Wallet
ORD01902,2023-10-15,10,October,41,DMart-Nagpur-3,Nagpur,Beverages,Milk,4,183,0.1,658.8,145.56,UPI
ORD01903,2023-11-27,11,November,48,DMart-Thane-3,Thane,Household,Eggs,1,329,0.09,299.39,73.85,UPI
ORD01904,2023-09-26,9,September,39,DMart-Nashik-2,Nashik,Beverages,Detergent,4,147,0.13,511.56,122.84,Cash
ORD01905,2023-06-02,6,June,22,DMart-Thane-2,Thane,Dairy,Shampoo,3,93,0.0,279.0,29.51,Wallet
ORD01906,2023-02-10,2,February,6,DMart-Nagpur-3,Nagpur,Personal Care,Biscuits,2,417,0.14,717.24,161.51,UPI
ORD01907,2023-11-01,11,November,44,DMart-Thane-3,Thane,Beverages,Tea,3,75,0.14,193.5,30.03,Wallet
ORD01908,2023-05-26,5,May,21,DMart-Mumbai-1,Mumbai,Household,Bread,3,85,0.3,178.5,18.46,Card
ORD01909,2023-10-10,10,October,41,DMart-Nagpur-3,Nagpur,Beverages,Coffee,3,92,0.26,204.24,49.86,Cash
ORD01910,2023-11-18,11,November,46,DMart-Nashik-1,Nashik,Beverages,Juice,2,222,0.1,399.6,88.96,Cash
ORD01911,2023-11-26,11,November,47,DMart-Mumbai-1,Mumbai,Beverages,Toothpaste,5,309,0.01,1529.55,423.15,UPI
ORD01912,2023-09-12,9,September,37,DMart-Thane-3,Thane,Groceries,Sugar,2,91,0.03,176.54,36.11,UPI
ORD01913,2023-02-17,2,February,7,DMart-Mumbai-2,Mumbai,Beverages,Biscuits,1,193,0.13,167.91,28.33,Wallet
ORD01914,2023-07-25,7,July,30,DMart-Thane-3,Thane,Groceries,Tissue,4,288,0.2,921.6,237.72,UPI
ORD01915,2023-10-08,10,October,40,DMart-Nashik-2,Nashik,Dairy,Sugar,2,249,0.03,483.06,122.0,Card
ORD01916,2023-04-27,4,April,17,DMart-Nashik-2,Nashik,Groceries,Soap,5,350,0.0,1750.0,193.37,UPI
ORD01917,2023-09-03,9,September,35,DMart-Nashik-2,Nashik,Groceries,Wheat,2,132,0.3,184.8,24.12,UPI
ORD01918,2023-09-14,9,September,37,DMart-Pune-2,Pune,Beverages,Chips,4,218,0.0,872.0,176.19,Wallet
ORD01919,2023-01-13,1,January,2,DMart-Pune-1,Pune,Household,Juice,1,54,0.06,50.76,11.06,UPI
ORD01920,2023-10-26,10,October,43,DMart-Nagpur-3,Nagpur,Groceries,Coffee,1,198,0.18,162.36,44.86,UPI
ORD01921,2023-07-23,7,July,29,DMart-Thane-1,Thane,Dairy,Eggs,1,294,0.29,208.74,47.08,Card
ORD01922,2023-05-17,5,May,20,DMart-Nashik-1,Nashik,Beverages,Tissue,4,281,0.05,1067.8,285.06,Card
ORD01923,2023-06-21,6,June,25,DMart-Pune-2,Pune,Beverages,Eggs,3,479,0.12,1264.56,156.59,Wallet
ORD01924,2023-01-15,1,January,2,DMart-Mumbai-3,Mumbai,Household,Tea,5,353,0.24,1341.4,242.98,Cash
ORD01925,2023-01-22,1,January,3,DMart-Thane-3,Thane,Groceries,Water,2,400,0.06,752.0,189.47,Card
ORD01926,2023-12-20,12,December,51,DMart-Thane-2,Thane,Household,Eggs,3,438,0.11,1169.46,225.42,UPI
ORD01927,2023-10-18,10,October,42,DMart-Nashik-2,Nashik,Dairy,Shampoo,1,281,0.09,255.71,26.2,UPI
ORD01928,2023-06-20,6,June,25,DMart-Nagpur-1,Nagpur,Personal Care,Eggs,4,388,0.23,1195.04,197.75,UPI
ORD01929,2023-09-09,9,September,36,DMart-Nashik-2,Nashik,Household,Coffee,3,325,0.25,731.25,217.44,UPI
ORD01930,2023-02-09,2,February,6,DMart-Mumbai-1,Mumbai,Groceries,Oil,1,456,0.19,369.36,40.63,Card
ORD01931,2023-01-01,1,January,52,DMart-Mumbai-1,Mumbai,Personal Care,Toothpaste,5,215,0.3,752.5,99.25,Card
ORD01932,2023-04-21,4,April,16,DMart-Thane-2,Thane,Personal Care,Eggs,3,399,0.02,1173.06,182.99,Cash
ORD01933,2023-06-02,6,June,22,DMart-Nashik-3,Nashik,Groceries,Wheat,2,174,0.08,320.16,61.27,UPI
ORD01934,2023-03-03,3,March,9,DMart-Pune-1,Pune,Personal Care,Rice,1,109,0.03,105.73,12.39,Wallet
ORD01935,2023-10-24,10,October,43,DMart-Mumbai-2,Mumbai,Beverages,Tissue,1,158,0.22,123.24,26.21,UPI
ORD01936,2023-04-21,4,April,16,DMart-Nagpur-1,Nagpur,Personal Care,Sugar,4,367,0.0,1468.0,157.71,Wallet
ORD01937,2023-07-31,7,July,31,DMart-Nashik-1,Nashik,Groceries,Bread,1,315,0.21,248.85,28.02,Card
ORD01938,2023-12-30,12,December,52,DMart-Nashik-2,Nashik,Personal Care,Toothpaste,3,123,0.0,369.0,86.44,UPI
ORD01939,2023-05-01,5,May,18,DMart-Nashik-2,Nashik,Groceries,Tea,1,352,0.27,256.96,54.64,Wallet
ORD01940,2023-10-14,10,October,41,DMart-Thane-1,Thane,Dairy,Coffee,1,386,0.09,351.26,60.7,Card
ORD01941,2023-08-22,8,August,34,DMart-Thane-3,Thane,Household,Coffee,3,103,0.21,244.11,68.44,UPI
ORD01942,2023-06-14,6,June,24,DMart-Pune-3,Pune,Personal Care,Biscuits,5,109,0.12,479.6,83.65,Card
ORD01943,2023-03-17,3,March,11,DMart-Thane-1,Thane,Household,Coffee,3,228,0.3,478.8,89.22,Card
ORD01944,2023-03-12,3,March,10,DMart-Nashik-2,Nashik,Beverages,Chips,4,350,0.14,1204.0,301.89,UPI
ORD01945,2023-01-22,1,January,3,DMart-Thane-2,Thane,Household,Chips,2,490,0.19,793.8,133.62,UPI
ORD01946,2023-10-21,10,October,42,DMart-Nashik-3,Nashik,Dairy,Milk,4,442,0.02,1732.64,458.61,Cash
ORD01947,2023-09-14,9,September,37,DMart-Nashik-3,Nashik,Groceries,Tissue,1,286,0.18,234.52,23.64,UPI
ORD01948,2023-04-27,4,April,17,DMart-Pune-3,Pune,Personal Care,Chips,3,79,0.23,182.49,48.78,Wallet
ORD01949,2023-09-25,9,September,39,DMart-Nashik-1,Nashik,Dairy,Water,3,315,0.23,727.65,132.14,Cash
ORD01950,2023-04-26,4,April,17,DMart-Nashik-1,Nashik,Dairy,Tea,2,447,0.22,697.32,69.82,Cash
ORD01951,2023-09-11,9,September,37,DMart-Pune-2,Pune,Groceries,Milk,3,375,0.07,1046.25,262.78,UPI
ORD01952,2023-10-05,10,October,40,DMart-Pune-1,Pune,Dairy,Oil,1,32,0.0,32.0,5.09,UPI
ORD01953,2023-12-15,12,December,50,DMart-Pune-3,Pune,Groceries,Sugar,4,149,0.3,417.2,51.65,Wallet
ORD01954,2023-01-06,1,January,1,DMart-Thane-1,Thane,Beverages,Toothpaste,3,218,0.06,614.76,98.83,Wallet
ORD01955,2023-11-22,11,November,47,DMart-Pune-2,Pune,Personal Care,Wheat,4,36,0.1,129.6,22.07,Wallet
ORD01956,2023-07-16,7,July,28,DMart-Thane-2,Thane,Groceries,Tissue,5,236,0.19,955.8,263.92,Wallet
ORD01957,2023-01-14,1,January,2,DMart-Mumbai-2,Mumbai,Groceries,Water,1,269,0.15,228.65,34.4,Cash
ORD01958,2023-05-06,5,May,18,DMart-Nagpur-2,Nagpur,Personal Care,Oil,3,214,0.07,597.06,131.78,Cash
ORD01959,2023-06-15,6,June,24,DMart-Mumbai-2,Mumbai,Household,Toothpaste,4,417,0.06,1567.92,349.24,Cash
ORD01960,2023-12-17,12,December,50,DMart-Mumbai-2,Mumbai,Household,Milk,1,461,0.29,327.31,65.87,UPI
ORD01961,2023-08-26,8,August,34,DMart-Pune-2,Pune,Household,Shampoo,5,218,0.2,872.0,213.52,Cash
ORD01962,2023-12-24,12,December,51,DMart-Mumbai-1,Mumbai,Personal Care,Detergent,4,109,0.09,396.76,107.41,Card
ORD01963,2023-11-04,11,November,44,DMart-Pune-1,Pune,Personal Care,Chips,2,76,0.3,106.4,28.46,Wallet
ORD01964,2023-09-06,9,September,36,DMart-Pune-2,Pune,Groceries,Soap,2,218,0.24,331.36,58.1,UPI
ORD01965,2023-04-25,4,April,17,DMart-Nashik-1,Nashik,Household,Chips,4,452,0.07,1681.44,408.2,Cash
ORD01966,2023-02-21,2,February,8,DMart-Nagpur-2,Nagpur,Dairy,Bread,5,87,0.18,356.7,37.36,Card
ORD01967,2023-12-24,12,December,51,DMart-Thane-2,Thane,Groceries,Juice,5,382,0.28,1375.2,328.35,Cash
ORD01968,2023-08-03,8,August,31,DMart-Mumbai-2,Mumbai,Groceries,Coffee,4,162,0.17,537.84,129.3,Cash
ORD01969,2023-02-14,2,February,7,DMart-Nashik-3,Nashik,Beverages,Shampoo,4,263,0.16,883.68,250.84,UPI
ORD01970,2023-03-03,3,March,9,DMart-Nagpur-2,Nagpur,Dairy,Rice,5,64,0.05,304.0,70.81,Card
ORD01971,2023-10-13,10,October,41,DMart-Nagpur-3,Nagpur,Personal Care,Shampoo,2,54,0.18,88.56,16.18,Cash
ORD01972,2023-04-29,4,April,17,DMart-Mumbai-1,Mumbai,Dairy,Eggs,2,173,0.23,266.42,64.02,Card
ORD01973,2023-01-31,1,January,5,DMart-Nagpur-3,Nagpur,Groceries,Detergent,5,77,0.21,304.15,46.59,Cash
ORD01974,2023-06-05,6,June,23,DMart-Pune-1,Pune,Beverages,Milk,2,491,0.27,716.86,140.56,UPI
ORD01975,2023-12-06,12,December,49,DMart-Nagpur-3,Nagpur,Personal Care,Coffee,2,265,0.03,514.1,69.14,Cash
ORD01976,2023-03-16,3,March,11,DMart-Mumbai-2,Mumbai,Household,Milk,1,94,0.15,79.9,16.19,UPI
ORD01977,2023-05-07,5,May,18,DMart-Mumbai-1,Mumbai,Beverages,Juice,2,500,0.26,740.0,112.85,Wallet
ORD01978,2023-01-22,1,January,3,DMart-Pune-3,Pune,Personal Care,Chips,2,34,0.21,53.72,13.18,Wallet
ORD01979,2023-08-19,8,August,33,DMart-Nashik-3,Nashik,Dairy,Soap,5,265,0.3,927.5,239.38,Wallet
ORD01980,2023-11-27,11,November,48,DMart-Mumbai-2,Mumbai,Dairy,Bread,5,326,0.09,1483.3,295.81,Wallet
ORD01981,2023-11-04,11,November,44,DMart-Nashik-1,Nashik,Personal Care,Rice,5,53,0.02,259.7,62.56,UPI
ORD01982,2023-11-25,11,November,47,DMart-Nashik-1,Nashik,Beverages,Wheat,4,162,0.08,596.16,115.0,Card
ORD01983,2023-06-05,6,June,23,DMart-Nagpur-3,Nagpur,Household,Tissue,3,187,0.27,409.53,118.64,Wallet
ORD01984,2023-07-17,7,July,29,DMart-Mumbai-2,Mumbai,Household,Tissue,5,326,0.04,1564.8,303.36,Wallet
ORD01985,2023-06-25,6,June,25,DMart-Nashik-3,Nashik,Household,Tissue,1,335,0.08,308.2,69.6,Card
ORD01986,2023-05-28,5,May,21,DMart-Pune-1,Pune,Dairy,Detergent,3,180,0.29,383.4,56.7,Card
ORD01987,2023-06-06,6,June,23,DMart-Nagpur-1,Nagpur,Beverages,Eggs,4,285,0.08,1048.8,160.24,UPI
ORD01988,2023-11-10,11,November,45,DMart-Pune-3,Pune,Beverages,Milk,3,117,0.22,273.78,57.1,UPI
ORD01989,2023-08-25,8,August,34,DMart-Thane-1,Thane,Dairy,Detergent,3,80,0.2,192.0,28.69,Card
ORD01990,2023-04-04,4,April,14,DMart-Nashik-3,Nashik,Beverages,Coffee,4,145,0.15,493.0,120.0,Wallet
ORD01991,2023-10-03,10,October,40,DMart-Nagpur-1,Nagpur,Dairy,Chips,5,150,0.02,735.0,110.62,Wallet
ORD01992,2023-01-02,1,January,1,DMart-Nashik-3,Nashik,Dairy,Sugar,3,435,0.29,926.55,184.39,Card
ORD01993,2023-09-19,9,September,38,DMart-Nagpur-2,Nagpur,Dairy,Juice,1,156,0.13,135.72,30.62,Cash
ORD01994,2023-09-01,9,September,35,DMart-Pune-3,Pune,Personal Care,Juice,1,180,0.04,172.8,23.54,Cash
ORD01995,2023-01-22,1,January,3,DMart-Nashik-1,Nashik,Beverages,Sugar,5,75,0.17,311.25,47.83,Cash
ORD01996,2023-12-18,12,December,51,DMart-Pune-3,Pune,Dairy,Juice,5,40,0.01,198.0,20.19,Card
ORD01997,2023-05-26,5,May,21,DMart-Nashik-1,Nashik,Dairy,Juice,2,138,0.19,223.56,49.35,Card
ORD01998,2023-10-10,10,October,41,DMart-Nashik-1,Nashik,Dairy,Biscuits,1,97,0.17,80.51,17.46,UPI
ORD01999,2023-03-29,3,March,13,DMart-Mumbai-2,Mumbai,Dairy,Water,5,297,0.0,1485.0,431.98,Card
ORD02000,2023-09-06,9,September,36,DMart-Thane-1,Thane,Groceries,Oil,4,146,0.07,543.12,80.6,UPI
ORD02001,2023-03-30,3,March,13,DMart-Nagpur-1,Nagpur,Beverages,Soap,1,74,0.07,68.82,16.12,Wallet
ORD02002,2023-08-17,8,August,33,DMart-Nagpur-2,Nagpur,Dairy,Eggs,1,71,0.13,61.77,14.98,UPI
ORD02003,2023-07-16,7,July,28,DMart-Nagpur-2,Nagpur,Groceries,Water,3,297,0.06,837.54,231.46,Wallet
ORD02004,2023-09-26,9,September,39,DMart-Nashik-2,Nashik,Beverages,Chips,4,30,0.16,100.8,22.49,Wallet
ORD02005,2023-11-07,11,November,45,DMart-Thane-2,Thane,Beverages,Eggs,1,93,0.19,75.33,20.14,Wallet
ORD02006,2023-03-28,3,March,13,DMart-Pune-1,Pune,Dairy,Water,3,131,0.11,349.77,63.32,Card
ORD02007,2023-04-29,4,April,17,DMart-Nashik-3,Nashik,Household,Water,4,469,0.3,1313.2,137.7,UPI
ORD02008,2023-11-27,11,November,48,DMart-Pune-3,Pune,Personal Care,Sugar,1,385,0.12,338.8,72.62,Wallet
ORD02009,2023-01-11,1,January,2,DMart-Nagpur-1,Nagpur,Personal Care,Coffee,4,390,0.29,1107.6,204.72,Card
ORD02010,2023-06-28,6,June,26,DMart-Pune-1,Pune,Beverages,Soap,3,207,0.15,527.85,69.48,UPI
ORD02011,2023-01-19,1,January,3,DMart-Mumbai-3,Mumbai,Beverages,Water,2,44,0.02,86.24,20.82,Cash
ORD02012,2023-11-12,11,November,45,DMart-Nagpur-2,Nagpur,Groceries,Tissue,1,148,0.16,124.32,35.61,UPI
ORD02013,2023-05-31,5,May,22,DMart-Mumbai-3,Mumbai,Personal Care,Milk,2,162,0.07,301.32,54.81,Cash
ORD02014,2023-04-29,4,April,17,DMart-Nashik-2,Nashik,Household,Sugar,5,46,0.2,184.0,47.22,UPI
ORD02015,2023-05-28,5,May,21,DMart-Pune-1,Pune,Personal Care,Tissue,2,236,0.07,438.96,45.4,Cash
ORD02016,2023-02-04,2,February,5,DMart-Nagpur-2,Nagpur,Beverages,Oil,2,438,0.17,727.08,90.76,Card
ORD02017,2023-04-02,4,April,13,DMart-Pune-3,Pune,Household,Milk,2,497,0.07,924.42,237.93,UPI
ORD02018,2023-05-20,5,May,20,DMart-Mumbai-3,Mumbai,Groceries,Detergent,5,276,0.28,993.6,110.66,UPI
ORD02019,2023-01-25,1,January,4,DMart-Nashik-2,Nashik,Dairy,Coffee,2,453,0.07,842.58,229.47,Card
ORD02020,2023-10-21,10,October,42,DMart-Thane-3,Thane,Personal Care,Shampoo,4,145,0.05,551.0,133.37,UPI
ORD02021,2023-03-24,3,March,12,DMart-Nagpur-3,Nagpur,Groceries,Wheat,2,213,0.0,426.0,67.07,Wallet
ORD02022,2023-12-13,12,December,50,DMart-Thane-2,Thane,Household,Water,4,297,0.28,855.36,175.36,Card
ORD02023,2023-11-07,11,November,45,DMart-Nagpur-2,Nagpur,Beverages,Water,4,288,0.05,1094.4,219.57,UPI
ORD02024,2023-01-19,1,January,3,DMart-Thane-1,Thane,Groceries,Eggs,3,327,0.26,725.94,115.92,Wallet
ORD02025,2023-07-15,7,July,28,DMart-Nashik-1,Nashik,Beverages,Water,1,211,0.1,189.9,37.49,Cash
ORD02026,2023-04-21,4,April,16,DMart-Mumbai-3,Mumbai,Dairy,Juice,5,250,0.25,937.5,236.02,Card
ORD02027,2023-07-22,7,July,29,DMart-Nagpur-2,Nagpur,Dairy,Soap,2,28,0.28,40.32,7.57,Wallet
ORD02028,2023-08-27,8,August,34,DMart-Mumbai-1,Mumbai,Beverages,Tea,2,471,0.14,810.12,102.14,UPI
ORD02029,2023-03-16,3,March,11,DMart-Nagpur-1,Nagpur,Beverages,Oil,1,211,0.11,187.79,36.25,Wallet
ORD02030,2023-02-09,2,February,6,DMart-Nashik-3,Nashik,Beverages,Toothpaste,5,440,0.17,1826.0,356.84,Wallet
ORD02031,2023-02-04,2,February,5,DMart-Mumbai-1,Mumbai,Beverages,Biscuits,3,119,0.29,253.47,51.03,Cash
ORD02032,2023-03-16,3,March,11,DMart-Nagpur-3,Nagpur,Beverages,Tissue,1,50,0.16,42.0,6.04,Card
ORD02033,2023-01-13,1,January,2,DMart-Pune-3,Pune,Personal Care,Tea,5,191,0.14,821.3,139.12,Card
ORD02034,2023-07-08,7,July,27,DMart-Nagpur-2,Nagpur,Household,Wheat,1,319,0.28,229.68,43.11,Wallet
ORD02035,2023-09-21,9,September,38,DMart-Mumbai-3,Mumbai,Household,Wheat,5,393,0.16,1650.6,187.27,Wallet
ORD02036,2023-06-19,6,June,25,DMart-Mumbai-2,Mumbai,Beverages,Tea,2,93,0.24,141.36,40.0,Wallet
ORD02037,2023-05-22,5,May,21,DMart-Mumbai-3,Mumbai,Dairy,Water,1,41,0.09,37.31,3.82,UPI
ORD02038,2023-08-03,8,August,31,DMart-Pune-2,Pune,Personal Care,Eggs,2,429,0.13,746.46,156.32,UPI
ORD02039,2023-01-01,1,January,52,DMart-Nashik-1,Nashik,Dairy,Sugar,1,459,0.08,422.28,103.65,Cash
ORD02040,2023-04-23,4,April,16,DMart-Nagpur-2,Nagpur,Dairy,Tea,4,493,0.03,1912.84,221.88,Card
ORD02041,2023-11-12,11,November,45,DMart-Nashik-3,Nashik,Personal Care,Biscuits,5,152,0.17,630.8,132.21,Card
ORD02042,2023-11-20,11,November,47,DMart-Nashik-1,Nashik,Household,Chips,5,99,0.16,415.8,98.35,UPI
ORD02043,2023-04-26,4,April,17,DMart-Pune-2,Pune,Personal Care,Rice,3,267,0.1,720.9,207.61,Wallet
ORD02044,2023-07-27,7,July,30,DMart-Nagpur-3,Nagpur,Household,Wheat,3,173,0.03,503.43,133.32,UPI
ORD02045,2023-04-23,4,April,16,DMart-Nagpur-3,Nagpur,Personal Care,Soap,2,483,0.29,685.86,82.11,Card
ORD02046,2023-07-31,7,July,31,DMart-Mumbai-3,Mumbai,Personal Care,Water,3,310,0.09,846.3,98.36,Wallet
ORD02047,2023-12-06,12,December,49,DMart-Nagpur-1,Nagpur,Beverages,Sugar,1,494,0.13,429.78,77.87,UPI
ORD02048,2023-08-01,8,August,31,DMart-Nagpur-2,Nagpur,Groceries,Coffee,3,190,0.03,552.9,89.35,Wallet
ORD02049,2023-07-22,7,July,29,DMart-Nashik-1,Nashik,Personal Care,Eggs,2,240,0.09,436.8,64.93,UPI
ORD02050,2023-06-22,6,June,25,DMart-Mumbai-2,Mumbai,Household,Bread,5,187,0.12,822.8,222.68,Cash
ORD02051,2023-02-12,2,February,6,DMart-Nashik-3,Nashik,Dairy,Rice,4,296,0.15,1006.4,281.1,UPI
ORD02052,2023-01-27,1,January,4,DMart-Nashik-2,Nashik,Personal Care,Rice,1,110,0.04,105.6,16.71,Card
ORD02053,2023-12-14,12,December,50,DMart-Pune-3,Pune,Household,Biscuits,1,64,0.05,60.8,16.94,Cash
ORD02054,2023-01-20,1,January,3,DMart-Nashik-1,Nashik,Groceries,Sugar,1,334,0.26,247.16,70.32,UPI
ORD02055,2023-07-20,7,July,29,DMart-Nagpur-3,Nagpur,Groceries,Coffee,5,156,0.09,709.8,158.35,Cash
ORD02056,2023-11-10,11,November,45,DMart-Mumbai-3,Mumbai,Dairy,Toothpaste,4,53,0.19,171.72,46.45,Cash
ORD02057,2023-09-12,9,September,37,DMart-Mumbai-3,Mumbai,Beverages,Soap,4,36,0.27,105.12,17.63,Wallet
ORD02058,2023-08-20,8,August,33,DMart-Nagpur-1,Nagpur,Household,Biscuits,3,176,0.2,422.4,101.85,Wallet
ORD02059,2023-05-01,5,May,18,DMart-Mumbai-3,Mumbai,Beverages,Toothpaste,2,127,0.14,218.44,28.34,Cash
ORD02060,2023-02-10,2,February,6,DMart-Nagpur-2,Nagpur,Household,Wheat,1,468,0.04,449.28,54.6,UPI
ORD02061,2023-03-18,3,March,11,DMart-Pune-1,Pune,Beverages,Sugar,3,414,0.22,968.76,158.87,Wallet
ORD02062,2023-08-11,8,August,32,DMart-Nashik-3,Nashik,Groceries,Juice,5,496,0.23,1909.6,415.4,UPI
ORD02063,2023-08-31,8,August,35,DMart-Mumbai-1,Mumbai,Beverages,Wheat,4,100,0.06,376.0,63.55,Cash
ORD02064,2023-05-10,5,May,19,DMart-Nagpur-1,Nagpur,Dairy,Water,4,436,0.14,1499.84,347.46,Card
ORD02065,2023-08-19,8,August,33,DMart-Nashik-3,Nashik,Beverages,Milk,4,401,0.21,1267.16,206.49,UPI
ORD02066,2023-01-04,1,January,1,DMart-Pune-3,Pune,Beverages,Bread,1,232,0.15,197.2,54.25,UPI
ORD02067,2023-01-22,1,January,3,DMart-Nashik-3,Nashik,Dairy,Milk,5,282,0.15,1198.5,349.26,UPI
ORD02068,2023-04-03,4,April,14,DMart-Pune-3,Pune,Groceries,Juice,1,414,0.2,331.2,57.01,Card
ORD02069,2023-06-22,6,June,25,DMart-Pune-3,Pune,Groceries,Rice,5,267,0.06,1254.9,178.46,Card
ORD02070,2023-09-29,9,September,39,DMart-Nagpur-1,Nagpur,Household,Water,5,322,0.29,1143.1,254.28,Cash
ORD02071,2023-08-21,8,August,34,DMart-Mumbai-1,Mumbai,Beverages,Tissue,4,295,0.01,1168.2,183.29,Wallet
ORD02072,2023-10-29,10,October,43,DMart-Nashik-3,Nashik,Personal Care,Sugar,4,444,0.29,1260.96,243.0,UPI
ORD02073,2023-06-11,6,June,23,DMart-Mumbai-1,Mumbai,Personal Care,Soap,3,155,0.28,334.8,77.14,UPI
ORD02074,2023-12-09,12,December,49,DMart-Pune-1,Pune,Personal Care,Shampoo,1,155,0.16,130.2,18.99,Wallet
ORD02075,2023-05-03,5,May,18,DMart-Nashik-1,Nashik,Groceries,Water,1,240,0.3,168.0,19.36,Card
ORD02076,2023-10-02,10,October,40,DMart-Nashik-1,Nashik,Personal Care,Tissue,5,28,0.27,102.2,29.69,Card
ORD02077,2023-11-04,11,November,44,DMart-Pune-2,Pune,Personal Care,Wheat,2,317,0.17,526.22,122.22,Cash
ORD02078,2023-05-01,5,May,18,DMart-Pune-1,Pune,Household,Water,3,391,0.05,1114.35,232.91,Cash
ORD02079,2023-12-17,12,December,50,DMart-Mumbai-2,Mumbai,Groceries,Juice,2,188,0.3,263.2,51.58,UPI
ORD02080,2023-05-13,5,May,19,DMart-Nagpur-1,Nagpur,Beverages,Bread,3,363,0.13,947.43,125.41,UPI
ORD02081,2023-03-25,3,March,12,DMart-Thane-3,Thane,Groceries,Biscuits,3,411,0.09,1122.03,336.13,Cash
ORD02082,2023-02-09,2,February,6,DMart-Nashik-1,Nashik,Groceries,Milk,1,456,0.3,319.2,47.21,Card
ORD02083,2023-04-02,4,April,13,DMart-Nashik-1,Nashik,Personal Care,Oil,1,192,0.16,161.28,40.84,Wallet
ORD02084,2023-09-19,9,September,38,DMart-Pune-3,Pune,Personal Care,Oil,5,362,0.08,1665.2,428.12,Cash
ORD02085,2023-06-30,6,June,26,DMart-Thane-3,Thane,Personal Care,Bread,2,432,0.17,717.12,207.24,Cash
ORD02086,2023-11-14,11,November,46,DMart-Nashik-2,Nashik,Groceries,Sugar,2,103,0.1,185.4,24.49,UPI
ORD02087,2023-09-03,9,September,35,DMart-Mumbai-2,Mumbai,Groceries,Biscuits,4,194,0.25,582.0,146.29,Wallet
ORD02088,2023-04-19,4,April,16,DMart-Thane-3,Thane,Dairy,Bread,4,337,0.24,1024.48,222.59,Cash
ORD02089,2023-04-27,4,April,17,DMart-Pune-3,Pune,Household,Coffee,4,414,0.12,1457.28,239.64,UPI
ORD02090,2023-01-22,1,January,3,DMart-Thane-2,Thane,Personal Care,Wheat,1,116,0.18,95.12,16.27,Card
ORD02091,2023-11-29,11,November,48,DMart-Mumbai-2,Mumbai,Personal Care,Chips,1,403,0.1,362.7,98.8,UPI
ORD02092,2023-02-19,2,February,7,DMart-Nagpur-2,Nagpur,Household,Detergent,1,412,0.18,337.84,42.96,Card
ORD02093,2023-03-03,3,March,9,DMart-Pune-2,Pune,Beverages,Wheat,3,145,0.17,361.05,95.47,Cash
ORD02094,2023-02-24,2,February,8,DMart-Nagpur-1,Nagpur,Beverages,Wheat,2,360,0.22,561.6,85.17,UPI
ORD02095,2023-05-24,5,May,21,DMart-Pune-2,Pune,Personal Care,Chips,5,58,0.11,258.1,29.69,Card
ORD02096,2023-07-28,7,July,30,DMart-Nashik-2,Nashik,Groceries,Rice,3,165,0.05,470.25,113.97,UPI
ORD02097,2023-09-26,9,September,39,DMart-Pune-3,Pune,Beverages,Oil,1,78,0.08,71.76,18.2,Cash
ORD02098,2023-04-04,4,April,14,DMart-Pune-2,Pune,Household,Eggs,1,429,0.07,398.97,43.81,Cash
ORD02099,2023-12-31,12,December,52,DMart-Thane-2,Thane,Household,Tissue,5,465,0.09,2115.75,595.08,Card
ORD02100,2023-02-21,2,February,8,DMart-Pune-2,Pune,Groceries,Water,4,179,0.02,701.68,162.49,Cash
ORD02101,2023-03-12,3,March,10,DMart-Mumbai-1,Mumbai,Groceries,Sugar,1,321,0.03,311.37,86.65,Wallet
ORD02102,2023-07-04,7,July,27,DMart-Nagpur-3,Nagpur,Household,Water,3,74,0.05,210.9,46.01,UPI
ORD02103,2023-02-11,2,February,6,DMart-Thane-2,Thane,Dairy,Chips,5,114,0.22,444.6,121.53,Cash
ORD02104,2023-08-29,8,August,35,DMart-Mumbai-1,Mumbai,Dairy,Eggs,5,106,0.07,492.9,146.85,Card
ORD02105,2023-10-23,10,October,43,DMart-Thane-1,Thane,Personal Care,Eggs,2,300,0.01,594.0,110.45,Wallet
ORD02106,2023-04-09,4,April,14,DMart-Nagpur-1,Nagpur,Beverages,Detergent,2,196,0.12,344.96,101.67,Card
ORD02107,2023-05-18,5,May,20,DMart-Thane-2,Thane,Household,Soap,1,458,0.22,357.24,65.75,Wallet
ORD02108,2023-01-01,1,January,52,DMart-Mumbai-3,Mumbai,Personal Care,Oil,2,322,0.23,495.88,74.67,UPI
ORD02109,2023-11-25,11,November,47,DMart-Thane-3,Thane,Dairy,Oil,1,87,0.07,80.91,24.24,Cash
ORD02110,2023-02-06,2,February,6,DMart-Mumbai-1,Mumbai,Dairy,Water,3,131,0.3,275.1,33.71,UPI
ORD02111,2023-02-26,2,February,8,DMart-Mumbai-3,Mumbai,Personal Care,Rice,3,74,0.06,208.68,39.53,Cash
ORD02112,2023-07-08,7,July,27,DMart-Thane-2,Thane,Personal Care,Chips,5,213,0.21,841.35,130.42,UPI
ORD02113,2023-11-22,11,November,47,DMart-Nashik-2,Nashik,Dairy,Milk,3,219,0.06,617.58,169.21,UPI
ORD02114,2023-09-08,9,September,36,DMart-Nagpur-2,Nagpur,Beverages,Coffee,1,243,0.08,223.56,22.49,UPI
ORD02115,2023-02-01,2,February,5,DMart-Nashik-3,Nashik,Personal Care,Wheat,3,288,0.06,812.16,148.37,Card
ORD02116,2023-03-14,3,March,11,DMart-Nashik-1,Nashik,Beverages,Toothpaste,4,110,0.24,334.4,34.36,Cash
ORD02117,2023-10-28,10,October,43,DMart-Nashik-2,Nashik,Beverages,Tea,2,175,0.14,301.0,42.2,Card
ORD02118,2023-09-02,9,September,35,DMart-Mumbai-3,Mumbai,Beverages,Water,4,102,0.07,379.44,71.19,Cash
ORD02119,2023-05-01,5,May,18,DMart-Mumbai-3,Mumbai,Personal Care,Coffee,5,132,0.16,554.4,126.61,Cash
ORD02120,2023-05-18,5,May,20,DMart-Nagpur-3,Nagpur,Household,Biscuits,1,150,0.08,138.0,37.59,Card
ORD02121,2023-07-26,7,July,30,DMart-Pune-2,Pune,Groceries,Rice,1,310,0.07,288.3,80.65,UPI
ORD02122,2023-12-09,12,December,49,DMart-Nagpur-2,Nagpur,Household,Tissue,5,314,0.29,1114.7,152.26,Cash
ORD02123,2023-03-18,3,March,11,DMart-Mumbai-1,Mumbai,Beverages,Rice,5,413,0.13,1796.55,383.73,Wallet
ORD02124,2023-04-10,4,April,15,DMart-Pune-2,Pune,Groceries,Bread,3,395,0.23,912.45,230.7,Card
ORD02125,2023-10-28,10,October,43,DMart-Mumbai-2,Mumbai,Personal Care,Eggs,5,362,0.18,1484.2,315.84,Wallet
ORD02126,2023-08-30,8,August,35,DMart-Nagpur-2,Nagpur,Dairy,Eggs,1,186,0.27,135.78,22.71,UPI
ORD02127,2023-09-30,9,September,39,DMart-Thane-3,Thane,Personal Care,Chips,4,136,0.3,380.8,80.92,Cash
ORD02128,2023-02-22,2,February,8,DMart-Nagpur-3,Nagpur,Dairy,Milk,1,230,0.06,216.2,41.82,Cash
ORD02129,2023-02-22,2,February,8,DMart-Pune-1,Pune,Personal Care,Tissue,2,387,0.07,719.82,178.23,Card
ORD02130,2023-02-19,2,February,7,DMart-Pune-2,Pune,Beverages,Wheat,5,25,0.13,108.75,13.49,Wallet
ORD02131,2023-04-18,4,April,16,DMart-Nashik-1,Nashik,Beverages,Sugar,2,492,0.19,797.04,98.64,Card
ORD02132,2023-11-03,11,November,44,DMart-Mumbai-3,Mumbai,Dairy,Tissue,4,42,0.22,131.04,20.37,Cash
ORD02133,2023-09-08,9,September,36,DMart-Thane-1,Thane,Personal Care,Eggs,3,474,0.03,1379.34,162.41,UPI
ORD02134,2023-10-22,10,October,42,DMart-Nagpur-2,Nagpur,Groceries,Shampoo,3,238,0.29,506.94,86.88,UPI
ORD02135,2023-01-14,1,January,2,DMart-Mumbai-3,Mumbai,Household,Oil,3,30,0.06,84.6,11.37,UPI
ORD02136,2023-01-24,1,January,4,DMart-Nagpur-2,Nagpur,Dairy,Bread,2,443,0.06,832.84,105.38,Cash
ORD02137,2023-12-05,12,December,49,DMart-Nashik-3,Nashik,Dairy,Tea,2,336,0.01,665.28,82.21,UPI
ORD02138,2023-07-07,7,July,27,DMart-Nagpur-2,Nagpur,Personal Care,Toothpaste,1,98,0.26,72.52,20.32,Wallet
ORD02139,2023-01-04,1,January,1,DMart-Nashik-3,Nashik,Beverages,Bread,5,37,0.05,175.75,41.63,Wallet
ORD02140,2023-02-25,2,February,8,DMart-Nagpur-1,Nagpur,Dairy,Sugar,1,128,0.04,122.88,22.49,UPI
ORD02141,2023-12-25,12,December,52,DMart-Thane-2,Thane,Beverages,Bread,5,385,0.22,1501.5,316.82,Card
ORD02142,2023-08-20,8,August,33,DMart-Nagpur-1,Nagpur,Household,Bread,5,292,0.06,1372.4,398.99,UPI
ORD02143,2023-11-09,11,November,45,DMart-Thane-3,Thane,Beverages,Tea,3,181,0.19,439.83,62.82,Cash
ORD02144,2023-04-11,4,April,15,DMart-Nashik-2,Nashik,Beverages,Water,5,212,0.14,911.6,260.22,Cash
ORD02145,2023-12-22,12,December,51,DMart-Nagpur-3,Nagpur,Groceries,Milk,5,137,0.3,479.5,130.15,Wallet
ORD02146,2023-07-22,7,July,29,DMart-Nashik-1,Nashik,Groceries,Milk,2,285,0.17,473.1,130.18,UPI
ORD02147,2023-05-04,5,May,18,DMart-Pune-1,Pune,Household,Wheat,5,459,0.17,1904.85,527.42,Cash
ORD02148,2023-06-23,6,June,25,DMart-Mumbai-3,Mumbai,Household,Detergent,3,67,0.08,184.92,30.77,UPI
ORD02149,2023-01-23,1,January,4,DMart-Pune-1,Pune,Personal Care,Juice,2,455,0.04,873.6,227.64,Cash
ORD02150,2023-09-23,9,September,38,DMart-Nagpur-3,Nagpur,Household,Milk,1,246,0.13,214.02,52.26,Cash
ORD02151,2023-06-14,6,June,24,DMart-Mumbai-1,Mumbai,Dairy,Tea,3,368,0.27,805.92,135.02,Cash
ORD02152,2023-01-14,1,January,2,DMart-Nashik-1,Nashik,Groceries,Rice,3,62,0.05,176.7,44.44,Cash
ORD02153,2023-02-12,2,February,6,DMart-Nagpur-3,Nagpur,Personal Care,Eggs,1,432,0.14,371.52,95.38,Card
ORD02154,2023-01-30,1,January,5,DMart-Nashik-1,Nashik,Dairy,Rice,3,200,0.12,528.0,123.78,Card
ORD02155,2023-05-30,5,May,22,DMart-Thane-2,Thane,Dairy,Shampoo,5,63,0.26,233.1,30.21,Wallet
ORD02156,2023-05-28,5,May,21,DMart-Nashik-1,Nashik,Household,Coffee,1,486,0.04,466.56,63.05,Card
ORD02157,2023-09-14,9,September,37,DMart-Nagpur-2,Nagpur,Beverages,Wheat,4,214,0.01,847.44,170.7,Cash
ORD02158,2023-01-23,1,January,4,DMart-Pune-3,Pune,Groceries,Wheat,3,358,0.28,773.28,115.31,Card
ORD02159,2023-02-15,2,February,7,DMart-Thane-1,Thane,Household,Biscuits,5,160,0.04,768.0,139.04,Cash
ORD02160,2023-05-01,5,May,18,DMart-Pune-3,Pune,Dairy,Juice,3,428,0.16,1078.56,157.0,Card
ORD02161,2023-12-05,12,December,49,DMart-Thane-3,Thane,Beverages,Wheat,2,178,0.25,267.0,57.5,Cash
ORD02162,2023-10-10,10,October,41,DMart-Thane-1,Thane,Personal Care,Wheat,4,47,0.06,176.72,26.17,Wallet
ORD02163,2023-11-13,11,November,46,DMart-Nashik-2,Nashik,Groceries,Biscuits,5,415,0.24,1577.0,358.37,UPI
ORD02164,2023-03-06,3,March,10,DMart-Nagpur-1,Nagpur,Groceries,Sugar,1,157,0.29,111.47,13.88,Card
ORD02165,2023-09-28,9,September,39,DMart-Thane-2,Thane,Household,Oil,5,488,0.23,1878.8,189.75,Card
ORD02166,2023-11-26,11,November,47,DMart-Nagpur-3,Nagpur,Household,Bread,4,262,0.28,754.56,215.94,UPI
ORD02167,2023-07-13,7,July,28,DMart-Mumbai-3,Mumbai,Household,Eggs,1,351,0.12,308.88,47.43,Cash
ORD02168,2023-03-14,3,March,11,DMart-Thane-1,Thane,Household,Water,3,367,0.23,847.77,113.75,Card
ORD02169,2023-07-28,7,July,30,DMart-Thane-3,Thane,Dairy,Toothpaste,2,30,0.28,43.2,7.95,UPI
ORD02170,2023-07-08,7,July,27,DMart-Pune-2,Pune,Personal Care,Detergent,1,129,0.09,117.39,34.3,Cash
ORD02171,2023-08-25,8,August,34,DMart-Nashik-1,Nashik,Personal Care,Wheat,4,169,0.05,642.2,109.77,Card
ORD02172,2023-05-29,5,May,22,DMart-Pune-3,Pune,Dairy,Wheat,2,226,0.23,348.04,81.84,UPI
ORD02173,2023-05-31,5,May,22,DMart-Nagpur-1,Nagpur,Groceries,Eggs,1,362,0.15,307.7,53.99,Card
ORD02174,2023-05-29,5,May,22,DMart-Mumbai-1,Mumbai,Household,Detergent,5,437,0.16,1835.4,519.89,UPI
ORD02175,2023-02-25,2,February,8,DMart-Pune-2,Pune,Dairy,Biscuits,5,304,0.16,1276.8,173.25,Card
ORD02176,2023-03-10,3,March,10,DMart-Mumbai-1,Mumbai,Household,Tea,1,445,0.21,351.55,83.55,Card
ORD02177,2023-12-18,12,December,51,DMart-Nashik-1,Nashik,Beverages,Wheat,2,142,0.29,201.64,28.88,Card
ORD02178,2023-04-10,4,April,15,DMart-Nagpur-1,Nagpur,Beverages,Detergent,3,320,0.28,691.2,167.12,UPI
ORD02179,2023-03-14,3,March,11,DMart-Thane-3,Thane,Groceries,Oil,5,68,0.14,292.4,60.01,Cash
ORD02180,2023-10-06,10,October,40,DMart-Thane-2,Thane,Household,Wheat,2,121,0.18,198.44,23.47,UPI
ORD02181,2023-09-10,9,September,36,DMart-Nagpur-1,Nagpur,Dairy,Eggs,3,227,0.07,633.33,68.3,Cash
ORD02182,2023-02-09,2,February,6,DMart-Pune-3,Pune,Household,Sugar,5,409,0.15,1738.25,437.48,Wallet
ORD02183,2023-02-18,2,February,7,DMart-Nashik-2,Nashik,Household,Tea,4,459,0.24,1395.36,293.74,Cash
ORD02184,2023-01-06,1,January,1,DMart-Mumbai-2,Mumbai,Dairy,Bread,1,440,0.25,330.0,34.94,Card
ORD02185,2023-08-01,8,August,31,DMart-Pune-1,Pune,Household,Oil,5,85,0.16,357.0,101.7,Wallet
ORD02186,2023-06-20,6,June,25,DMart-Mumbai-2,Mumbai,Personal Care,Coffee,3,155,0.26,344.1,101.78,Wallet
ORD02187,2023-01-02,1,January,1,DMart-Nashik-3,Nashik,Personal Care,Eggs,5,208,0.25,780.0,131.94,Cash
ORD02188,2023-02-09,2,February,6,DMart-Nashik-1,Nashik,Household,Toothpaste,1,56,0.27,40.88,8.39,Card
ORD02189,2023-02-25,2,February,8,DMart-Pune-3,Pune,Beverages,Tissue,2,135,0.12,237.6,48.94,Cash
ORD02190,2023-10-28,10,October,43,DMart-Pune-1,Pune,Personal Care,Milk,2,119,0.26,176.12,43.08,UPI
ORD02191,2023-02-07,2,February,6,DMart-Mumbai-2,Mumbai,Personal Care,Soap,3,160,0.1,432.0,79.34,Card
ORD02192,2023-01-19,1,January,3,DMart-Mumbai-1,Mumbai,Dairy,Toothpaste,5,286,0.13,1244.1,358.47,Card
ORD02193,2023-11-19,11,November,46,DMart-Nagpur-1,Nagpur,Beverages,Rice,4,141,0.29,400.44,71.72,Cash
ORD02194,2023-09-23,9,September,38,DMart-Mumbai-1,Mumbai,Groceries,Oil,2,402,0.13,699.48,179.11,Cash
ORD02195,2023-04-09,4,April,14,DMart-Nashik-3,Nashik,Household,Wheat,2,473,0.11,841.94,149.96,Cash
ORD02196,2023-01-14,1,January,2,DMart-Thane-3,Thane,Dairy,Water,4,370,0.02,1450.4,237.98,UPI
ORD02197,2023-02-21,2,February,8,DMart-Nagpur-1,Nagpur,Dairy,Bread,3,150,0.11,400.5,44.22,UPI
ORD02198,2023-08-12,8,August,32,DMart-Thane-2,Thane,Personal Care,Oil,4,340,0.13,1183.2,298.89,UPI
ORD02199,2023-11-15,11,November,46,DMart-Mumbai-1,Mumbai,Household,Eggs,3,445,0.09,1214.85,303.63,Cash
ORD02200,2023-05-04,5,May,18,DMart-Pune-3,Pune,Household,Toothpaste,5,22,0.14,94.6,24.22,Card
ORD02201,2023-05-02,5,May,18,DMart-Pune-1,Pune,Household,Coffee,5,397,0.04,1905.6,345.85,UPI
ORD02202,2023-11-27,11,November,48,DMart-Pune-3,Pune,Household,Biscuits,1,390,0.01,386.1,46.52,Wallet
ORD02203,2023-12-20,12,December,51,DMart-Thane-1,Thane,Household,Rice,1,440,0.16,369.6,64.18,Cash
ORD02204,2023-05-29,5,May,22,DMart-Pune-2,Pune,Household,Toothpaste,1,113,0.22,88.14,26.36,UPI
ORD02205,2023-07-26,7,July,30,DMart-Pune-2,Pune,Household,Juice,4,313,0.27,913.96,234.07,Wallet
ORD02206,2023-02-15,2,February,7,DMart-Nagpur-1,Nagpur,Beverages,Detergent,5,94,0.25,352.5,61.07,UPI
ORD02207,2023-03-17,3,March,11,DMart-Nashik-3,Nashik,Household,Chips,3,72,0.0,216.0,54.96,Card
ORD02208,2023-10-19,10,October,42,DMart-Nashik-1,Nashik,Dairy,Eggs,2,475,0.03,921.5,126.24,UPI
ORD02209,2023-05-31,5,May,22,DMart-Mumbai-1,Mumbai,Personal Care,Milk,5,226,0.17,937.9,273.98,Wallet
ORD02210,2023-11-15,11,November,46,DMart-Nagpur-2,Nagpur,Household,Rice,2,262,0.12,461.12,105.16,Wallet
ORD02211,2023-01-16,1,January,3,DMart-Thane-3,Thane,Dairy,Tea,2,403,0.09,733.46,155.74,UPI
ORD02212,2023-09-24,9,September,38,DMart-Pune-1,Pune,Beverages,Soap,5,363,0.29,1288.65,222.11,UPI
ORD02213,2023-12-03,12,December,48,DMart-Pune-3,Pune,Groceries,Tissue,3,448,0.26,994.56,100.07,Wallet
ORD02214,2023-12-06,12,December,49,DMart-Mumbai-1,Mumbai,Dairy,Oil,5,481,0.19,1948.05,363.95,UPI
ORD02215,2023-07-27,7,July,30,DMart-Mumbai-2,Mumbai,Household,Biscuits,2,366,0.13,636.84,147.86,Wallet
ORD02216,2023-10-21,10,October,42,DMart-Mumbai-1,Mumbai,Beverages,Water,1,228,0.29,161.88,43.03,Wallet
ORD02217,2023-08-07,8,August,32,DMart-Thane-1,Thane,Dairy,Oil,2,412,0.25,618.0,127.12,Card
ORD02218,2023-03-03,3,March,9,DMart-Pune-1,Pune,Dairy,Shampoo,3,417,0.12,1100.88,229.31,Card
ORD02219,2023-09-18,9,September,38,DMart-Nagpur-2,Nagpur,Groceries,Shampoo,1,457,0.26,338.18,98.7,UPI
ORD02220,2023-01-01,1,January,52,DMart-Nagpur-1,Nagpur,Household,Rice,5,242,0.12,1064.8,299.71,Cash
ORD02221,2023-01-29,1,January,4,DMart-Pune-1,Pune,Personal Care,Oil,2,277,0.02,542.92,63.11,Card
ORD02222,2023-01-14,1,January,2,DMart-Pune-2,Pune,Groceries,Wheat,5,212,0.01,1049.4,233.4,Cash
ORD02223,2023-05-31,5,May,22,DMart-Nashik-2,Nashik,Beverages,Sugar,4,47,0.13,163.56,41.66,UPI
ORD02224,2023-10-26,10,October,43,DMart-Pune-1,Pune,Personal Care,Tea,2,341,0.01,675.18,166.09,Card
ORD02225,2023-05-19,5,May,20,DMart-Mumbai-3,Mumbai,Personal Care,Rice,4,245,0.19,793.8,124.07,Cash
ORD02226,2023-08-18,8,August,33,DMart-Mumbai-3,Mumbai,Personal Care,Milk,4,410,0.21,1295.6,163.25,Card
ORD02227,2023-01-10,1,January,2,DMart-Nagpur-2,Nagpur,Groceries,Tissue,4,401,0.23,1235.08,277.99,Wallet
ORD02228,2023-01-25,1,January,4,DMart-Pune-2,Pune,Household,Bread,5,378,0.02,1852.2,470.13,Cash
ORD02229,2023-07-23,7,July,29,DMart-Nagpur-2,Nagpur,Household,Detergent,1,154,0.06,144.76,20.22,UPI
ORD02230,2023-02-15,2,February,7,DMart-Nagpur-1,Nagpur,Beverages,Milk,2,203,0.06,381.64,64.48,Cash
ORD02231,2023-08-28,8,August,35,DMart-Nashik-3,Nashik,Groceries,Tissue,1,257,0.06,241.58,65.2,UPI
ORD02232,2023-12-14,12,December,50,DMart-Pune-1,Pune,Groceries,Oil,2,328,0.0,656.0,115.43,Wallet
ORD02233,2023-05-02,5,May,18,DMart-Pune-3,Pune,Beverages,Detergent,4,87,0.15,295.8,61.89,Wallet
ORD02234,2023-03-04,3,March,9,DMart-Pune-2,Pune,Dairy,Eggs,1,249,0.28,179.28,41.88,Card
ORD02235,2023-05-16,5,May,20,DMart-Nashik-2,Nashik,Dairy,Wheat,5,462,0.1,2079.0,227.77,Wallet
ORD02236,2023-05-31,5,May,22,DMart-Mumbai-1,Mumbai,Groceries,Detergent,1,438,0.13,381.06,59.09,UPI
ORD02237,2023-08-20,8,August,33,DMart-Mumbai-2,Mumbai,Beverages,Eggs,1,445,0.12,391.6,76.0,UPI
ORD02238,2023-08-26,8,August,34,DMart-Mumbai-3,Mumbai,Household,Coffee,2,107,0.02,209.72,21.56,Cash
ORD02239,2023-09-09,9,September,36,DMart-Nagpur-1,Nagpur,Dairy,Tissue,2,72,0.08,132.48,27.01,UPI
ORD02240,2023-10-21,10,October,42,DMart-Thane-1,Thane,Beverages,Tissue,4,396,0.25,1188.0,292.54,Wallet
ORD02241,2023-04-30,4,April,17,DMart-Nashik-2,Nashik,Dairy,Juice,5,467,0.07,2171.55,597.89,UPI
ORD02242,2023-10-06,10,October,40,DMart-Nagpur-2,Nagpur,Personal Care,Chips,3,34,0.07,94.86,20.35,Cash
ORD02243,2023-09-10,9,September,36,DMart-Mumbai-1,Mumbai,Personal Care,Tissue,1,226,0.14,194.36,38.03,Wallet
ORD02244,2023-09-12,9,September,37,DMart-Pune-3,Pune,Personal Care,Soap,2,285,0.27,416.1,107.55,Cash
ORD02245,2023-07-12,7,July,28,DMart-Pune-3,Pune,Dairy,Tissue,2,63,0.05,119.7,17.33,Card
ORD02246,2023-12-12,12,December,50,DMart-Nagpur-3,Nagpur,Groceries,Bread,3,221,0.0,663.0,169.37,Wallet
ORD02247,2023-02-23,2,February,8,DMart-Thane-2,Thane,Personal Care,Shampoo,2,311,0.23,478.94,54.87,UPI
ORD02248,2023-02-07,2,February,6,DMart-Mumbai-1,Mumbai,Beverages,Milk,4,310,0.14,1066.4,267.66,Card
ORD02249,2023-05-01,5,May,18,DMart-Nashik-2,Nashik,Household,Juice,5,331,0.09,1506.05,386.56,Cash
ORD02250,2023-03-23,3,March,12,DMart-Thane-1,Thane,Groceries,Milk,3,455,0.25,1023.75,109.32,UPI
ORD02251,2023-12-06,12,December,49,DMart-Nagpur-3,Nagpur,Personal Care,Tissue,5,388,0.22,1513.2,360.57,Card
ORD02252,2023-11-28,11,November,48,DMart-Thane-1,Thane,Beverages,Milk,5,471,0.1,2119.5,570.63,Cash
ORD02253,2023-11-28,11,November,48,DMart-Nagpur-2,Nagpur,Beverages,Sugar,4,197,0.2,630.4,131.84,Cash
ORD02254,2023-12-22,12,December,51,DMart-Nagpur-1,Nagpur,Groceries,Tea,2,202,0.07,375.72,104.84,Wallet
ORD02255,2023-07-19,7,July,29,DMart-Nagpur-2,Nagpur,Dairy,Coffee,2,296,0.0,592.0,169.77,Card
ORD02256,2023-07-14,7,July,28,DMart-Nagpur-2,Nagpur,Household,Sugar,4,52,0.15,176.8,39.26,Wallet
ORD02257,2023-10-05,10,October,40,DMart-Nashik-2,Nashik,Household,Milk,4,314,0.16,1055.04,210.42,UPI
ORD02258,2023-03-08,3,March,10,DMart-Mumbai-1,Mumbai,Household,Chips,2,315,0.15,535.5,160.03,Card
ORD02259,2023-12-15,12,December,50,DMart-Pune-1,Pune,Groceries,Detergent,2,224,0.21,353.92,79.65,Card
ORD02260,2023-01-27,1,January,4,DMart-Nagpur-1,Nagpur,Groceries,Shampoo,3,359,0.24,818.52,244.65,Card
ORD02261,2023-12-18,12,December,51,DMart-Pune-2,Pune,Household,Tea,1,39,0.21,30.81,3.85,UPI
ORD02262,2023-06-25,6,June,25,DMart-Nagpur-2,Nagpur,Beverages,Biscuits,2,148,0.29,210.16,43.02,Wallet
ORD02263,2023-04-11,4,April,15,DMart-Pune-1,Pune,Beverages,Milk,5,443,0.09,2015.65,276.42,UPI
ORD02264,2023-12-16,12,December,50,DMart-Nashik-2,Nashik,Household,Tissue,3,453,0.25,1019.25,181.71,UPI
ORD02265,2023-04-10,4,April,15,DMart-Pune-2,Pune,Household,Tissue,1,498,0.1,448.2,81.12,Cash
ORD02266,2023-12-17,12,December,50,DMart-Nagpur-2,Nagpur,Dairy,Chips,3,292,0.23,674.52,200.92,UPI
ORD02267,2023-06-25,6,June,25,DMart-Pune-1,Pune,Dairy,Water,2,314,0.12,552.64,159.83,UPI
ORD02268,2023-06-25,6,June,25,DMart-Nagpur-3,Nagpur,Household,Detergent,3,420,0.03,1222.2,176.87,Cash
ORD02269,2023-10-14,10,October,41,DMart-Nagpur-3,Nagpur,Beverages,Water,1,207,0.3,144.9,33.21,Card
ORD02270,2023-07-17,7,July,29,DMart-Nashik-1,Nashik,Beverages,Tissue,5,28,0.1,126.0,31.65,Card
ORD02271,2023-05-14,5,May,19,DMart-Nashik-3,Nashik,Groceries,Soap,3,119,0.2,285.6,64.16,Cash
ORD02272,2023-02-27,2,February,9,DMart-Nashik-2,Nashik,Household,Coffee,2,267,0.01,528.66,73.92,Card
ORD02273,2023-10-25,10,October,43,DMart-Pune-1,Pune,Beverages,Soap,1,426,0.02,417.48,111.76,Wallet
ORD02274,2023-06-07,6,June,23,DMart-Pune-3,Pune,Beverages,Sugar,4,170,0.03,659.6,109.07,UPI
ORD02275,2023-02-24,2,February,8,DMart-Nagpur-1,Nagpur,Dairy,Eggs,5,207,0.28,745.2,106.48,Wallet
ORD02276,2023-09-26,9,September,39,DMart-Mumbai-1,Mumbai,Dairy,Oil,4,428,0.14,1472.32,397.99,Cash
ORD02277,2023-11-14,11,November,46,DMart-Nashik-1,Nashik,Dairy,Shampoo,1,376,0.09,342.16,99.25,Cash
ORD02278,2023-01-19,1,January,3,DMart-Mumbai-2,Mumbai,Dairy,Biscuits,4,253,0.19,819.72,168.73,Wallet
ORD02279,2023-10-15,10,October,41,DMart-Pune-2,Pune,Household,Wheat,2,395,0.24,600.4,117.44,Card
ORD02280,2023-03-08,3,March,10,DMart-Nagpur-1,Nagpur,Household,Soap,5,289,0.27,1054.85,267.3,UPI
ORD02281,2023-03-12,3,March,10,DMart-Pune-3,Pune,Household,Chips,4,434,0.13,1510.32,168.66,Wallet
ORD02282,2023-08-19,8,August,33,DMart-Nagpur-2,Nagpur,Personal Care,Tissue,3,163,0.27,356.97,47.66,Card
ORD02283,2023-09-19,9,September,38,DMart-Pune-3,Pune,Beverages,Chips,3,297,0.23,686.07,149.33,Card
ORD02284,2023-12-31,12,December,52,DMart-Nashik-3,Nashik,Dairy,Toothpaste,2,277,0.09,504.14,147.01,Cash
ORD02285,2023-02-12,2,February,6,DMart-Nashik-3,Nashik,Beverages,Juice,2,33,0.29,46.86,12.66,Cash
ORD02286,2023-01-22,1,January,3,DMart-Pune-1,Pune,Beverages,Milk,2,210,0.18,344.4,79.03,Cash
ORD02287,2023-05-02,5,May,18,DMart-Pune-1,Pune,Groceries,Milk,3,429,0.27,939.51,153.59,Cash
ORD02288,2023-06-15,6,June,24,DMart-Nagpur-1,Nagpur,Personal Care,Chips,5,37,0.06,173.9,39.42,UPI
ORD02289,2023-12-16,12,December,50,DMart-Thane-1,Thane,Beverages,Oil,3,175,0.27,383.25,78.17,Wallet
ORD02290,2023-07-17,7,July,29,DMart-Thane-2,Thane,Dairy,Coffee,2,275,0.13,478.5,90.82,Wallet
ORD02291,2023-05-30,5,May,22,DMart-Nagpur-3,Nagpur,Dairy,Juice,1,402,0.04,385.92,66.86,UPI
ORD02292,2023-07-08,7,July,27,DMart-Mumbai-3,Mumbai,Dairy,Toothpaste,5,55,0.06,258.5,67.49,Cash
ORD02293,2023-03-10,3,March,10,DMart-Nashik-2,Nashik,Groceries,Eggs,2,84,0.19,136.08,17.51,Cash
ORD02294,2023-11-17,11,November,46,DMart-Nashik-3,Nashik,Household,Toothpaste,1,67,0.12,58.96,14.6,Cash
ORD02295,2023-09-24,9,September,38,DMart-Nagpur-3,Nagpur,Personal Care,Soap,4,154,0.05,585.2,82.39,Wallet
ORD02296,2023-06-26,6,June,26,DMart-Mumbai-2,Mumbai,Household,Rice,4,104,0.12,366.08,74.58,Wallet
ORD02297,2023-04-01,4,April,13,DMart-Pune-3,Pune,Beverages,Bread,4,265,0.1,954.0,145.07,Card
ORD02298,2023-09-05,9,September,36,DMart-Mumbai-3,Mumbai,Personal Care,Milk,5,99,0.3,346.5,36.92,Cash
ORD02299,2023-09-19,9,September,38,DMart-Nagpur-1,Nagpur,Personal Care,Tea,5,480,0.07,2232.0,548.87,Cash
ORD02300,2023-10-09,10,October,41,DMart-Thane-2,Thane,Personal Care,Bread,4,81,0.05,307.8,34.68,UPI
ORD02301,2023-04-12,4,April,15,DMart-Mumbai-3,Mumbai,Dairy,Tea,5,494,0.2,1976.0,427.83,Cash
ORD02302,2023-06-16,6,June,24,DMart-Thane-1,Thane,Dairy,Bread,5,99,0.3,346.5,73.93,UPI
ORD02303,2023-07-30,7,July,30,DMart-Nashik-2,Nashik,Groceries,Bread,4,395,0.25,1185.0,195.99,Cash
ORD02304,2023-11-24,11,November,47,DMart-Mumbai-3,Mumbai,Dairy,Toothpaste,5,303,0.04,1454.4,214.22,Card
ORD02305,2023-12-01,12,December,48,DMart-Pune-1,Pune,Dairy,Biscuits,5,424,0.27,1547.6,431.63,Card
ORD02306,2023-10-12,10,October,41,DMart-Nagpur-2,Nagpur,Beverages,Toothpaste,1,233,0.15,198.05,48.51,Wallet
ORD02307,2023-04-23,4,April,16,DMart-Pune-3,Pune,Personal Care,Bread,2,168,0.3,235.2,24.44,Card
ORD02308,2023-05-10,5,May,19,DMart-Thane-1,Thane,Household,Coffee,1,386,0.05,366.7,102.18,Wallet
ORD02309,2023-01-02,1,January,1,DMart-Pune-3,Pune,Household,Bread,4,109,0.02,427.28,56.58,UPI
ORD02310,2023-12-08,12,December,49,DMart-Nagpur-2,Nagpur,Household,Tea,4,486,0.23,1496.88,183.37,Card
ORD02311,2023-03-12,3,March,10,DMart-Thane-2,Thane,Household,Tissue,2,144,0.04,276.48,29.2,Cash
ORD02312,2023-03-10,3,March,10,DMart-Mumbai-1,Mumbai,Personal Care,Biscuits,1,393,0.17,326.19,44.91,Cash
ORD02313,2023-05-16,5,May,20,DMart-Nashik-2,Nashik,Personal Care,Tissue,4,330,0.16,1108.8,222.53,Wallet
ORD02314,2023-06-28,6,June,26,DMart-Thane-2,Thane,Beverages,Eggs,5,361,0.11,1606.45,219.97,Wallet
ORD02315,2023-02-01,2,February,5,DMart-Nagpur-1,Nagpur,Dairy,Wheat,3,28,0.09,76.44,11.26,Cash
ORD02316,2023-10-21,10,October,42,DMart-Mumbai-3,Mumbai,Groceries,Chips,1,255,0.11,226.95,60.6,UPI
ORD02317,2023-10-20,10,October,42,DMart-Nashik-1,Nashik,Groceries,Sugar,2,418,0.2,668.8,144.08,Card
ORD02318,2023-12-06,12,December,49,DMart-Nashik-2,Nashik,Groceries,Rice,2,175,0.15,297.5,46.24,UPI
ORD02319,2023-01-30,1,January,5,DMart-Thane-2,Thane,Groceries,Eggs,4,315,0.15,1071.0,124.8,Wallet
ORD02320,2023-02-17,2,February,7,DMart-Mumbai-3,Mumbai,Dairy,Oil,1,223,0.2,178.4,23.23,Cash
ORD02321,2023-04-17,4,April,16,DMart-Thane-2,Thane,Groceries,Bread,4,463,0.13,1611.24,311.47,UPI
ORD02322,2023-01-28,1,January,4,DMart-Nagpur-1,Nagpur,Household,Oil,1,414,0.03,401.58,49.21,Cash
ORD02323,2023-03-08,3,March,10,DMart-Mumbai-3,Mumbai,Groceries,Bread,5,81,0.23,311.85,33.18,Card
ORD02324,2023-12-05,12,December,49,DMart-Thane-3,Thane,Personal Care,Detergent,2,497,0.06,934.36,266.38,UPI
ORD02325,2023-01-19,1,January,3,DMart-Nagpur-3,Nagpur,Household,Toothpaste,4,118,0.12,415.36,69.56,Cash
ORD02326,2023-12-05,12,December,49,DMart-Mumbai-3,Mumbai,Personal Care,Bread,3,353,0.24,804.84,164.35,Card
ORD02327,2023-04-01,4,April,13,DMart-Nagpur-1,Nagpur,Groceries,Oil,1,165,0.25,123.75,26.2,UPI
ORD02328,2023-06-22,6,June,25,DMart-Pune-2,Pune,Household,Rice,3,360,0.04,1036.8,134.81,Wallet
ORD02329,2023-03-07,3,March,10,DMart-Nagpur-1,Nagpur,Household,Rice,3,119,0.3,249.9,42.48,Cash
ORD02330,2023-12-02,12,December,48,DMart-Nashik-1,Nashik,Dairy,Rice,5,386,0.19,1563.3,264.27,Wallet
ORD02331,2023-01-09,1,January,2,DMart-Nagpur-1,Nagpur,Dairy,Oil,1,252,0.04,241.92,37.52,Card
ORD02332,2023-10-09,10,October,41,DMart-Mumbai-3,Mumbai,Household,Chips,4,207,0.09,753.48,190.26,UPI
ORD02333,2023-01-14,1,January,2,DMart-Nagpur-2,Nagpur,Groceries,Shampoo,2,474,0.0,948.0,121.5,Cash
ORD02334,2023-08-05,8,August,31,DMart-Nagpur-2,Nagpur,Beverages,Oil,2,334,0.15,567.8,82.99,Card
ORD02335,2023-01-31,1,January,5,DMart-Mumbai-2,Mumbai,Household,Bread,1,337,0.14,289.82,70.65,Wallet
ORD02336,2023-08-07,8,August,32,DMart-Nagpur-3,Nagpur,Personal Care,Rice,2,136,0.04,261.12,71.03,Cash
ORD02337,2023-06-25,6,June,25,DMart-Thane-2,Thane,Beverages,Chips,2,462,0.26,683.76,188.52,Cash
ORD02338,2023-04-24,4,April,17,DMart-Pune-3,Pune,Groceries,Toothpaste,1,147,0.03,142.59,14.74,Wallet
ORD02339,2023-09-12,9,September,37,DMart-Nagpur-2,Nagpur,Beverages,Tea,3,236,0.19,573.48,64.79,Card
ORD02340,2023-07-10,7,July,28,DMart-Nagpur-2,Nagpur,Personal Care,Toothpaste,2,451,0.3,631.4,94.22,Cash
ORD02341,2023-03-12,3,March,10,DMart-Mumbai-1,Mumbai,Personal Care,Shampoo,1,242,0.03,234.74,25.55,Cash
ORD02342,2023-09-21,9,September,38,DMart-Nashik-1,Nashik,Groceries,Oil,1,126,0.25,94.5,26.68,Wallet
ORD02343,2023-10-11,10,October,41,DMart-Mumbai-2,Mumbai,Groceries,Soap,4,250,0.08,920.0,232.47,Wallet
ORD02344,2023-03-24,3,March,12,DMart-Nashik-1,Nashik,Household,Juice,5,41,0.0,205.0,41.69,Card
ORD02345,2023-08-18,8,August,33,DMart-Pune-3,Pune,Dairy,Oil,1,323,0.27,235.79,57.52,Cash
ORD02346,2023-08-26,8,August,34,DMart-Pune-1,Pune,Dairy,Sugar,1,280,0.13,243.6,46.43,Cash
ORD02347,2023-08-25,8,August,34,DMart-Pune-3,Pune,Beverages,Soap,1,60,0.26,44.4,12.17,Card
ORD02348,2023-09-09,9,September,36,DMart-Pune-1,Pune,Dairy,Toothpaste,4,430,0.05,1634.0,200.72,Cash
ORD02349,2023-01-09,1,January,2,DMart-Pune-3,Pune,Dairy,Juice,5,198,0.27,722.7,148.6,Wallet
ORD02350,2023-08-07,8,August,32,DMart-Nagpur-3,Nagpur,Household,Juice,4,149,0.0,596.0,83.98,Cash
ORD02351,2023-06-20,6,June,25,DMart-Nashik-3,Nashik,Dairy,Eggs,4,330,0.05,1254.0,331.7,Wallet
ORD02352,2023-05-11,5,May,19,DMart-Mumbai-2,Mumbai,Personal Care,Juice,2,243,0.02,476.28,81.28,UPI
ORD02353,2023-03-12,3,March,10,DMart-Nagpur-1,Nagpur,Groceries,Coffee,1,36,0.08,33.12,5.98,Cash
ORD02354,2023-06-09,6,June,23,DMart-Nagpur-2,Nagpur,Household,Chips,1,32,0.25,24.0,2.96,Wallet
ORD02355,2023-12-08,12,December,49,DMart-Thane-2,Thane,Groceries,Tea,3,487,0.01,1446.39,150.32,Card
ORD02356,2023-10-27,10,October,43,DMart-Thane-1,Thane,Household,Soap,5,413,0.02,2023.7,534.48,Card
ORD02357,2023-10-21,10,October,42,DMart-Mumbai-1,Mumbai,Beverages,Rice,1,147,0.1,132.3,33.99,Card
ORD02358,2023-11-09,11,November,45,DMart-Thane-1,Thane,Groceries,Detergent,5,433,0.09,1970.15,451.79,Wallet
ORD02359,2023-07-22,7,July,29,DMart-Nagpur-2,Nagpur,Personal Care,Detergent,2,347,0.2,555.2,62.75,Wallet
ORD02360,2023-12-17,12,December,50,DMart-Mumbai-2,Mumbai,Personal Care,Oil,5,215,0.17,892.25,223.05,Wallet
ORD02361,2023-07-15,7,July,28,DMart-Nagpur-2,Nagpur,Dairy,Oil,4,130,0.09,473.2,137.47,Wallet
ORD02362,2023-10-20,10,October,42,DMart-Mumbai-3,Mumbai,Dairy,Shampoo,2,139,0.24,211.28,34.75,UPI
ORD02363,2023-12-19,12,December,51,DMart-Mumbai-2,Mumbai,Household,Detergent,3,324,0.18,797.04,170.32,Wallet
ORD02364,2023-01-08,1,January,1,DMart-Thane-2,Thane,Beverages,Sugar,4,104,0.27,303.68,90.38,UPI
ORD02365,2023-01-14,1,January,2,DMart-Nagpur-3,Nagpur,Personal Care,Eggs,5,46,0.14,197.8,52.21,UPI
ORD02366,2023-02-24,2,February,8,DMart-Mumbai-1,Mumbai,Personal Care,Sugar,2,48,0.21,75.84,17.68,Card
ORD02367,2023-02-18,2,February,7,DMart-Thane-1,Thane,Groceries,Tissue,3,140,0.21,331.8,79.75,Wallet
ORD02368,2023-03-17,3,March,11,DMart-Nagpur-3,Nagpur,Groceries,Oil,1,247,0.23,190.19,50.83,Card
ORD02369,2023-12-05,12,December,49,DMart-Nashik-3,Nashik,Groceries,Detergent,1,437,0.17,362.71,103.6,Card
ORD02370,2023-06-05,6,June,23,DMart-Nashik-3,Nashik,Dairy,Tissue,1,102,0.14,87.72,25.38,Card
ORD02371,2023-09-25,9,September,39,DMart-Nashik-3,Nashik,Dairy,Detergent,4,312,0.16,1048.32,183.2,Cash
ORD02372,2023-10-04,10,October,40,DMart-Nagpur-1,Nagpur,Groceries,Bread,1,435,0.08,400.2,83.25,Wallet
ORD02373,2023-06-13,6,June,24,DMart-Thane-1,Thane,Groceries,Coffee,2,444,0.26,657.12,90.54,Cash
ORD02374,2023-06-03,6,June,22,DMart-Nashik-3,Nashik,Groceries,Water,1,411,0.29,291.81,38.39,Wallet
ORD02375,2023-12-12,12,December,50,DMart-Mumbai-3,Mumbai,Dairy,Shampoo,4,327,0.17,1085.64,304.81,Wallet
ORD02376,2023-07-20,7,July,29,DMart-Thane-3,Thane,Groceries,Coffee,1,156,0.18,127.92,21.87,Cash
ORD02377,2023-05-13,5,May,19,DMart-Nagpur-2,Nagpur,Household,Sugar,1,236,0.11,210.04,38.95,UPI
ORD02378,2023-04-01,4,April,13,DMart-Thane-3,Thane,Beverages,Coffee,5,365,0.17,1514.75,219.38,Wallet
ORD02379,2023-07-01,7,July,26,DMart-Mumbai-1,Mumbai,Personal Care,Oil,4,317,0.05,1204.6,191.01,Wallet
ORD02380,2023-12-26,12,December,52,DMart-Pune-2,Pune,Household,Toothpaste,4,212,0.17,703.84,105.39,Wallet
ORD02381,2023-01-14,1,January,2,DMart-Mumbai-1,Mumbai,Personal Care,Shampoo,3,281,0.04,809.28,91.41,UPI
ORD02382,2023-10-15,10,October,41,DMart-Pune-3,Pune,Groceries,Chips,2,217,0.05,412.3,122.14,UPI
ORD02383,2023-11-19,11,November,46,DMart-Thane-1,Thane,Beverages,Juice,5,297,0.04,1425.6,142.66,UPI
ORD02384,2023-05-17,5,May,20,DMart-Nashik-3,Nashik,Personal Care,Tissue,5,292,0.07,1357.8,302.54,Wallet
ORD02385,2023-03-12,3,March,10,DMart-Thane-1,Thane,Personal Care,Shampoo,2,265,0.24,402.8,82.75,Cash
ORD02386,2023-08-06,8,August,31,DMart-Pune-1,Pune,Household,Rice,1,446,0.02,437.08,69.92,Cash
ORD02387,2023-10-28,10,October,43,DMart-Nashik-2,Nashik,Beverages,Soap,5,358,0.2,1432.0,376.58,UPI
ORD02388,2023-07-28,7,July,30,DMart-Mumbai-1,Mumbai,Dairy,Oil,4,129,0.23,397.32,72.12,Card
ORD02389,2023-04-06,4,April,14,DMart-Mumbai-2,Mumbai,Groceries,Soap,3,490,0.1,1323.0,279.5,Wallet
ORD02390,2023-06-20,6,June,25,DMart-Mumbai-3,Mumbai,Dairy,Rice,3,204,0.24,465.12,74.61,Card
ORD02391,2023-03-05,3,March,9,DMart-Pune-2,Pune,Personal Care,Oil,1,182,0.27,132.86,18.42,Card
ORD02392,2023-01-15,1,January,2,DMart-Nagpur-2,Nagpur,Personal Care,Juice,1,452,0.15,384.2,96.48,Cash
ORD02393,2023-09-22,9,September,38,DMart-Thane-2,Thane,Beverages,Milk,5,324,0.18,1328.4,332.9,Cash
ORD02394,2023-10-07,10,October,40,DMart-Mumbai-3,Mumbai,Groceries,Tissue,4,463,0.14,1592.72,424.72,Cash
ORD02395,2023-05-20,5,May,20,DMart-Mumbai-2,Mumbai,Personal Care,Sugar,4,158,0.16,530.88,143.1,UPI
ORD02396,2023-06-17,6,June,24,DMart-Nagpur-1,Nagpur,Personal Care,Bread,4,340,0.3,952.0,145.66,UPI
ORD02397,2023-12-24,12,December,51,DMart-Nagpur-1,Nagpur,Household,Water,4,301,0.09,1095.64,313.42,Card
ORD02398,2023-12-19,12,December,51,DMart-Nashik-1,Nashik,Beverages,Sugar,5,194,0.08,892.4,263.95,Cash
ORD02399,2023-02-26,2,February,8,DMart-Nashik-2,Nashik,Household,Oil,5,89,0.21,351.55,47.85,Wallet
ORD02400,2023-07-04,7,July,27,DMart-Nagpur-2,Nagpur,Personal Care,Soap,1,475,0.11,422.75,51.86,Cash
ORD02401,2023-08-05,8,August,31,DMart-Nagpur-3,Nagpur,Dairy,Wheat,5,446,0.17,1850.9,463.73,Wallet
ORD02402,2023-04-17,4,April,16,DMart-Mumbai-2,Mumbai,Beverages,Juice,4,147,0.22,458.64,105.27,Card
ORD02403,2023-06-17,6,June,24,DMart-Mumbai-1,Mumbai,Household,Biscuits,4,48,0.15,163.2,16.57,Card
ORD02404,2023-03-11,3,March,10,DMart-Nashik-3,Nashik,Household,Toothpaste,3,317,0.05,903.45,98.83,Wallet
ORD02405,2023-07-12,7,July,28,DMart-Mumbai-1,Mumbai,Household,Shampoo,4,334,0.13,1162.32,231.88,Card
ORD02406,2023-08-12,8,August,32,DMart-Pune-3,Pune,Dairy,Shampoo,3,27,0.1,72.9,13.47,Wallet
ORD02407,2023-08-15,8,August,33,DMart-Pune-2,Pune,Household,Chips,1,476,0.18,390.32,74.21,Card
ORD02408,2023-04-24,4,April,17,DMart-Pune-1,Pune,Household,Eggs,5,432,0.0,2160.0,399.67,Card
ORD02409,2023-05-13,5,May,19,DMart-Nashik-1,Nashik,Personal Care,Water,2,421,0.27,614.66,139.35,Wallet
ORD02410,2023-06-22,6,June,25,DMart-Thane-1,Thane,Groceries,Toothpaste,4,75,0.2,240.0,40.03,Card
ORD02411,2023-04-28,4,April,17,DMart-Mumbai-2,Mumbai,Groceries,Wheat,4,375,0.05,1425.0,386.34,UPI
ORD02412,2023-03-19,3,March,11,DMart-Nagpur-2,Nagpur,Dairy,Toothpaste,4,410,0.13,1426.8,417.86,Wallet
ORD02413,2023-06-09,6,June,23,DMart-Mumbai-1,Mumbai,Dairy,Water,3,411,0.19,998.73,113.32,Cash
ORD02414,2023-02-10,2,February,6,DMart-Nashik-2,Nashik,Beverages,Bread,1,383,0.02,375.34,65.5,Card
ORD02415,2023-10-01,10,October,39,DMart-Nagpur-3,Nagpur,Personal Care,Detergent,1,50,0.24,38.0,10.67,Cash
ORD02416,2023-02-25,2,February,8,DMart-Nagpur-3,Nagpur,Household,Coffee,4,284,0.15,965.6,233.86,UPI
ORD02417,2023-04-11,4,April,15,DMart-Nagpur-2,Nagpur,Dairy,Sugar,5,315,0.28,1134.0,326.99,Cash
ORD02418,2023-05-20,5,May,20,DMart-Mumbai-3,Mumbai,Dairy,Tea,4,387,0.25,1161.0,177.2,Wallet
ORD02419,2023-02-08,2,February,6,DMart-Pune-2,Pune,Groceries,Milk,2,490,0.01,970.2,136.58,UPI
ORD02420,2023-09-03,9,September,35,DMart-Nagpur-1,Nagpur,Dairy,Chips,3,240,0.22,561.6,122.29,Cash
ORD02421,2023-08-25,8,August,34,DMart-Nagpur-3,Nagpur,Beverages,Tissue,2,439,0.11,781.42,231.83,UPI
ORD02422,2023-06-08,6,June,23,DMart-Nagpur-3,Nagpur,Groceries,Milk,5,363,0.22,1415.7,354.26,Card
ORD02423,2023-05-10,5,May,19,DMart-Pune-2,Pune,Beverages,Biscuits,1,44,0.21,34.76,10.04,Card
ORD02424,2023-12-01,12,December,48,DMart-Nashik-2,Nashik,Beverages,Biscuits,4,353,0.1,1270.8,315.1,UPI
ORD02425,2023-02-09,2,February,6,DMart-Nagpur-2,Nagpur,Dairy,Oil,2,119,0.29,168.98,40.99,Card
ORD02426,2023-10-03,10,October,40,DMart-Nashik-1,Nashik,Household,Coffee,1,395,0.14,339.7,63.75,Wallet
ORD02427,2023-04-16,4,April,15,DMart-Pune-1,Pune,Beverages,Soap,2,350,0.15,595.0,79.7,Wallet
ORD02428,2023-12-17,12,December,50,DMart-Thane-2,Thane,Groceries,Bread,4,479,0.11,1705.24,414.11,Cash
ORD02429,2023-02-04,2,February,5,DMart-Thane-2,Thane,Dairy,Water,1,443,0.08,407.56,67.57,UPI
ORD02430,2023-01-17,1,January,3,DMart-Nagpur-3,Nagpur,Household,Water,2,425,0.1,765.0,186.54,UPI
ORD02431,2023-05-17,5,May,20,DMart-Mumbai-1,Mumbai,Beverages,Soap,2,454,0.28,653.76,105.33,Cash
ORD02432,2023-09-21,9,September,38,DMart-Nashik-3,Nashik,Personal Care,Sugar,4,245,0.16,823.2,129.51,Cash
ORD02433,2023-08-06,8,August,31,DMart-Pune-3,Pune,Dairy,Biscuits,3,162,0.08,447.12,126.7,Card
ORD02434,2023-05-15,5,May,20,DMart-Nashik-3,Nashik,Groceries,Juice,5,442,0.06,2077.4,548.2,Card
ORD02435,2023-12-19,12,December,51,DMart-Nashik-1,Nashik,Personal Care,Sugar,5,328,0.06,1541.6,293.01,Cash
ORD02436,2023-01-08,1,January,1,DMart-Nagpur-2,Nagpur,Dairy,Chips,5,349,0.03,1692.65,219.06,Card
ORD02437,2023-10-03,10,October,40,DMart-Nagpur-3,Nagpur,Household,Water,5,310,0.13,1348.5,401.36,UPI
ORD02438,2023-12-20,12,December,51,DMart-Nashik-2,Nashik,Beverages,Wheat,4,181,0.18,593.68,142.85,Wallet
ORD02439,2023-02-23,2,February,8,DMart-Mumbai-1,Mumbai,Personal Care,Shampoo,2,368,0.08,677.12,118.75,Cash
ORD02440,2023-11-03,11,November,44,DMart-Nashik-3,Nashik,Personal Care,Tissue,3,383,0.05,1091.55,167.62,UPI
ORD02441,2023-10-13,10,October,41,DMart-Thane-1,Thane,Household,Soap,2,250,0.16,420.0,61.78,Cash
ORD02442,2023-03-19,3,March,11,DMart-Mumbai-3,Mumbai,Household,Oil,1,275,0.12,242.0,68.73,UPI
ORD02443,2023-03-30,3,March,13,DMart-Nashik-3,Nashik,Household,Detergent,1,493,0.22,384.54,82.91,UPI
ORD02444,2023-03-27,3,March,13,DMart-Mumbai-3,Mumbai,Groceries,Milk,1,42,0.0,42.0,5.75,Cash
ORD02445,2023-01-09,1,January,2,DMart-Mumbai-1,Mumbai,Household,Sugar,4,217,0.13,755.16,132.82,Cash
ORD02446,2023-09-18,9,September,38,DMart-Mumbai-2,Mumbai,Personal Care,Tissue,4,386,0.03,1497.68,153.12,Card
ORD02447,2023-04-07,4,April,14,DMart-Thane-3,Thane,Personal Care,Biscuits,1,427,0.09,388.57,43.65,UPI
ORD02448,2023-10-11,10,October,41,DMart-Thane-1,Thane,Beverages,Toothpaste,2,352,0.2,563.2,162.59,Cash
ORD02449,2023-09-05,9,September,36,DMart-Pune-3,Pune,Personal Care,Shampoo,5,420,0.2,1680.0,214.45,Card
ORD02450,2023-07-29,7,July,30,DMart-Mumbai-1,Mumbai,Groceries,Chips,1,37,0.06,34.78,8.58,Wallet
ORD02451,2023-07-26,7,July,30,DMart-Thane-3,Thane,Groceries,Bread,3,209,0.3,438.9,72.81,Wallet
ORD02452,2023-08-13,8,August,32,DMart-Nashik-3,Nashik,Beverages,Sugar,1,30,0.13,26.1,4.87,Wallet
ORD02453,2023-08-05,8,August,31,DMart-Nashik-3,Nashik,Groceries,Shampoo,1,57,0.28,41.04,9.42,Card
ORD02454,2023-06-03,6,June,22,DMart-Nagpur-2,Nagpur,Groceries,Sugar,2,380,0.09,691.6,69.38,Card
ORD02455,2023-02-21,2,February,8,DMart-Nagpur-2,Nagpur,Household,Water,5,438,0.08,2014.8,512.74,Cash
ORD02456,2023-09-25,9,September,39,DMart-Nagpur-1,Nagpur,Beverages,Rice,5,415,0.24,1577.0,219.09,UPI
ORD02457,2023-05-31,5,May,22,DMart-Thane-1,Thane,Dairy,Tissue,5,213,0.23,820.05,175.08,Wallet
ORD02458,2023-03-23,3,March,12,DMart-Nagpur-1,Nagpur,Household,Water,1,255,0.16,214.2,31.45,Cash
ORD02459,2023-08-30,8,August,35,DMart-Pune-3,Pune,Personal Care,Detergent,5,420,0.02,2058.0,355.66,Wallet
ORD02460,2023-04-03,4,April,14,DMart-Nagpur-1,Nagpur,Personal Care,Biscuits,1,452,0.18,370.64,70.75,Cash
ORD02461,2023-12-21,12,December,51,DMart-Thane-3,Thane,Dairy,Soap,1,31,0.04,29.76,5.54,Card
ORD02462,2023-08-21,8,August,34,DMart-Mumbai-2,Mumbai,Household,Detergent,2,306,0.12,538.56,55.44,Cash
ORD02463,2023-10-20,10,October,42,DMart-Pune-3,Pune,Dairy,Biscuits,4,57,0.11,202.92,33.91,Cash
ORD02464,2023-08-24,8,August,34,DMart-Nagpur-2,Nagpur,Personal Care,Coffee,1,168,0.21,132.72,33.13,Card
ORD02465,2023-07-17,7,July,29,DMart-Thane-2,Thane,Groceries,Bread,5,69,0.21,272.55,70.71,UPI
ORD02466,2023-05-24,5,May,21,DMart-Nagpur-1,Nagpur,Household,Sugar,5,384,0.12,1689.6,486.59,Card
ORD02467,2023-04-01,4,April,13,DMart-Mumbai-2,Mumbai,Dairy,Bread,4,328,0.1,1180.8,239.05,Wallet
ORD02468,2023-01-28,1,January,4,DMart-Pune-3,Pune,Beverages,Shampoo,2,156,0.03,302.64,80.1,Card
ORD02469,2023-07-10,7,July,28,DMart-Mumbai-1,Mumbai,Groceries,Coffee,4,183,0.24,556.32,111.91,UPI
ORD02470,2023-03-06,3,March,10,DMart-Thane-3,Thane,Personal Care,Biscuits,1,445,0.22,347.1,74.59,Cash
ORD02471,2023-02-02,2,February,5,DMart-Mumbai-1,Mumbai,Dairy,Water,3,493,0.13,1286.73,199.47,Wallet
ORD02472,2023-03-29,3,March,13,DMart-Nashik-3,Nashik,Dairy,Eggs,4,162,0.05,615.6,123.5,Card
ORD02473,2023-05-24,5,May,21,DMart-Nashik-3,Nashik,Groceries,Rice,4,65,0.16,218.4,50.32,UPI
ORD02474,2023-03-24,3,March,12,DMart-Mumbai-2,Mumbai,Personal Care,Shampoo,1,143,0.04,137.28,41.01,Wallet
ORD02475,2023-10-05,10,October,40,DMart-Nagpur-3,Nagpur,Groceries,Biscuits,1,266,0.01,263.34,67.75,Cash
ORD02476,2023-02-16,2,February,7,DMart-Nagpur-2,Nagpur,Household,Oil,1,210,0.19,170.1,23.07,Cash
ORD02477,2023-12-03,12,December,48,DMart-Mumbai-1,Mumbai,Beverages,Sugar,4,115,0.02,450.8,112.48,Card
ORD02478,2023-04-27,4,April,17,DMart-Mumbai-1,Mumbai,Groceries,Tea,5,440,0.04,2112.0,295.52,Wallet
ORD02479,2023-02-06,2,February,6,DMart-Pune-2,Pune,Household,Juice,1,180,0.0,180.0,52.45,Cash
ORD02480,2023-09-16,9,September,37,DMart-Nashik-1,Nashik,Household,Toothpaste,3,384,0.22,898.56,142.52,UPI
ORD02481,2023-10-18,10,October,42,DMart-Nashik-2,Nashik,Personal Care,Detergent,5,231,0.17,958.65,205.74,Wallet
ORD02482,2023-06-26,6,June,26,DMart-Mumbai-2,Mumbai,Household,Milk,3,151,0.3,317.1,61.66,Wallet
ORD02483,2023-02-15,2,February,7,DMart-Nagpur-3,Nagpur,Dairy,Detergent,2,262,0.25,393.0,63.73,Cash
ORD02484,2023-04-20,4,April,16,DMart-Nashik-1,Nashik,Groceries,Sugar,3,152,0.01,451.44,59.02,Wallet
ORD02485,2023-04-24,4,April,17,DMart-Nashik-1,Nashik,Groceries,Bread,3,259,0.06,730.38,214.85,Card
ORD02486,2023-08-13,8,August,32,DMart-Mumbai-3,Mumbai,Household,Shampoo,2,411,0.1,739.8,202.91,Wallet
ORD02487,2023-09-29,9,September,39,DMart-Thane-3,Thane,Personal Care,Wheat,3,461,0.17,1147.89,214.75,Wallet
ORD02488,2023-08-18,8,August,33,DMart-Nashik-3,Nashik,Household,Eggs,2,300,0.22,468.0,140.07,Card
ORD02489,2023-10-05,10,October,40,DMart-Nashik-1,Nashik,Dairy,Detergent,3,300,0.3,630.0,85.29,UPI
ORD02490,2023-07-15,7,July,28,DMart-Pune-3,Pune,Personal Care,Toothpaste,2,488,0.17,810.08,88.69,Cash
ORD02491,2023-08-17,8,August,33,DMart-Thane-1,Thane,Beverages,Tea,1,380,0.12,334.4,57.52,Card
ORD02492,2023-06-30,6,June,26,DMart-Thane-3,Thane,Beverages,Sugar,2,223,0.06,419.24,89.26,Cash
ORD02493,2023-11-01,11,November,44,DMart-Mumbai-2,Mumbai,Household,Wheat,3,499,0.28,1077.84,272.84,Cash
ORD02494,2023-09-10,9,September,36,DMart-Mumbai-2,Mumbai,Groceries,Toothpaste,5,361,0.03,1750.85,486.56,Cash
ORD02495,2023-02-21,2,February,8,DMart-Mumbai-1,Mumbai,Household,Tea,1,218,0.19,176.58,52.49,UPI
ORD02496,2023-06-18,6,June,24,DMart-Mumbai-3,Mumbai,Personal Care,Toothpaste,4,369,0.01,1461.24,346.82,UPI
ORD02497,2023-11-21,11,November,47,DMart-Pune-3,Pune,Personal Care,Rice,5,387,0.11,1722.15,488.88,Card
ORD02498,2023-12-24,12,December,51,DMart-Nagpur-2,Nagpur,Dairy,Sugar,1,20,0.21,15.8,2.01,Card
ORD02499,2023-10-17,10,October,42,DMart-Nashik-1,Nashik,Groceries,Biscuits,2,25,0.27,36.5,6.7,Cash
ORD02500,2023-02-10,2,February,6,DMart-Mumbai-3,Mumbai,Groceries,Chips,2,192,0.27,280.32,68.37,Card
ORD02501,2023-12-02,12,December,48,DMart-Pune-2,Pune,Personal Care,Shampoo,5,344,0.1,1548.0,164.7,Cash
ORD02502,2023-09-10,9,September,36,DMart-Thane-1,Thane,Personal Care,Oil,2,380,0.27,554.8,69.81,Cash
ORD02503,2023-07-01,7,July,26,DMart-Mumbai-2,Mumbai,Groceries,Biscuits,2,487,0.21,769.46,192.52,Cash
ORD02504,2023-01-05,1,January,1,DMart-Nashik-1,Nashik,Beverages,Water,5,366,0.06,1720.2,505.68,Cash
ORD02505,2023-04-15,4,April,15,DMart-Nashik-3,Nashik,Groceries,Oil,3,162,0.04,466.56,134.15,UPI
ORD02506,2023-08-08,8,August,32,DMart-Pune-2,Pune,Household,Wheat,3,333,0.02,979.02,112.0,Cash
ORD02507,2023-04-24,4,April,17,DMart-Pune-3,Pune,Household,Chips,2,335,0.3,469.0,98.06,UPI
ORD02508,2023-07-11,7,July,28,DMart-Mumbai-1,Mumbai,Dairy,Chips,3,43,0.12,113.52,12.96,Wallet
ORD02509,2023-09-07,9,September,36,DMart-Nashik-3,Nashik,Groceries,Rice,5,223,0.13,970.05,279.94,Cash
ORD02510,2023-02-07,2,February,6,DMart-Nashik-1,Nashik,Personal Care,Tissue,4,387,0.15,1315.8,200.73,UPI
ORD02511,2023-09-03,9,September,35,DMart-Pune-1,Pune,Beverages,Detergent,2,375,0.22,585.0,162.6,UPI
ORD02512,2023-10-19,10,October,42,DMart-Mumbai-1,Mumbai,Beverages,Toothpaste,3,317,0.27,694.23,100.67,Wallet
ORD02513,2023-09-09,9,September,36,DMart-Pune-1,Pune,Personal Care,Tea,2,408,0.1,734.4,121.63,UPI
ORD02514,2023-11-21,11,November,47,DMart-Pune-3,Pune,Groceries,Biscuits,4,57,0.06,214.32,63.67,Card
ORD02515,2023-03-08,3,March,10,DMart-Mumbai-3,Mumbai,Dairy,Water,1,166,0.14,142.76,29.62,Cash
ORD02516,2023-11-18,11,November,46,DMart-Pune-2,Pune,Household,Bread,2,379,0.07,704.94,181.77,Card
ORD02517,2023-02-18,2,February,7,DMart-Nashik-3,Nashik,Groceries,Sugar,1,397,0.18,325.54,35.15,Wallet
ORD02518,2023-12-13,12,December,50,DMart-Nagpur-3,Nagpur,Beverages,Wheat,1,145,0.2,116.0,29.33,Wallet
ORD02519,2023-09-19,9,September,38,DMart-Mumbai-2,Mumbai,Dairy,Shampoo,2,27,0.28,38.88,10.91,Wallet
ORD02520,2023-07-21,7,July,29,DMart-Pune-2,Pune,Dairy,Tea,2,426,0.19,690.12,197.03,Card
ORD02521,2023-08-22,8,August,34,DMart-Thane-1,Thane,Household,Chips,5,304,0.14,1307.2,215.24,UPI
ORD02522,2023-02-14,2,February,7,DMart-Mumbai-3,Mumbai,Household,Bread,5,397,0.24,1508.6,278.64,Wallet
ORD02523,2023-01-24,1,January,4,DMart-Thane-3,Thane,Dairy,Soap,2,234,0.25,351.0,35.69,UPI
ORD02524,2023-08-23,8,August,34,DMart-Nagpur-2,Nagpur,Beverages,Biscuits,2,286,0.02,560.56,84.74,Cash
ORD02525,2023-12-22,12,December,51,DMart-Pune-3,Pune,Groceries,Milk,4,484,0.03,1877.92,221.91,UPI
ORD02526,2023-04-26,4,April,17,DMart-Mumbai-3,Mumbai,Groceries,Tissue,2,112,0.13,194.88,46.79,Cash
ORD02527,2023-11-28,11,November,48,DMart-Thane-1,Thane,Groceries,Bread,5,200,0.25,750.0,93.67,Wallet
ORD02528,2023-01-03,1,January,1,DMart-Nagpur-3,Nagpur,Household,Biscuits,4,68,0.03,263.84,67.16,Wallet
ORD02529,2023-04-19,4,April,16,DMart-Thane-1,Thane,Beverages,Tissue,5,190,0.17,788.5,91.71,Card
ORD02530,2023-10-19,10,October,42,DMart-Mumbai-1,Mumbai,Personal Care,Tea,1,105,0.12,92.4,19.52,Cash
ORD02531,2023-06-23,6,June,25,DMart-Nagpur-3,Nagpur,Personal Care,Soap,5,293,0.27,1069.45,153.13,Wallet
ORD02532,2023-11-08,11,November,45,DMart-Nashik-1,Nashik,Household,Milk,5,485,0.15,2061.25,576.83,Card
ORD02533,2023-06-19,6,June,25,DMart-Thane-3,Thane,Groceries,Toothpaste,1,356,0.16,299.04,38.16,Wallet
ORD02534,2023-03-25,3,March,12,DMart-Nagpur-3,Nagpur,Groceries,Rice,5,110,0.06,517.0,115.3,UPI
ORD02535,2023-11-17,11,November,46,DMart-Pune-2,Pune,Dairy,Soap,2,359,0.01,710.82,106.9,Card
ORD02536,2023-09-07,9,September,36,DMart-Nagpur-3,Nagpur,Dairy,Shampoo,2,394,0.29,559.48,139.79,Cash
ORD02537,2023-02-03,2,February,5,DMart-Mumbai-1,Mumbai,Beverages,Juice,5,315,0.22,1228.5,171.08,UPI
ORD02538,2023-11-18,11,November,46,DMart-Thane-3,Thane,Dairy,Rice,2,38,0.01,75.24,11.69,UPI
ORD02539,2023-04-23,4,April,16,DMart-Nashik-3,Nashik,Dairy,Milk,4,387,0.15,1315.8,226.1,UPI
ORD02540,2023-12-23,12,December,51,DMart-Nashik-1,Nashik,Dairy,Oil,2,210,0.01,415.8,116.3,UPI
ORD02541,2023-09-15,9,September,37,DMart-Pune-1,Pune,Personal Care,Sugar,1,191,0.13,166.17,25.04,Cash
ORD02542,2023-12-16,12,December,50,DMart-Nagpur-2,Nagpur,Beverages,Wheat,5,386,0.07,1794.9,515.1,Wallet
ORD02543,2023-08-24,8,August,34,DMart-Pune-1,Pune,Personal Care,Biscuits,5,482,0.03,2337.7,519.49,UPI
ORD02544,2023-02-06,2,February,6,DMart-Nashik-2,Nashik,Dairy,Rice,1,326,0.13,283.62,67.08,Cash
ORD02545,2023-08-29,8,August,35,DMart-Mumbai-3,Mumbai,Personal Care,Toothpaste,5,462,0.01,2286.9,622.31,UPI
ORD02546,2023-03-03,3,March,9,DMart-Thane-1,Thane,Beverages,Rice,5,146,0.26,540.2,83.83,Wallet
ORD02547,2023-07-20,7,July,29,DMart-Mumbai-2,Mumbai,Dairy,Bread,1,310,0.25,232.5,63.64,Wallet
ORD02548,2023-09-07,9,September,36,DMart-Pune-3,Pune,Household,Rice,3,48,0.12,126.72,26.79,Wallet
ORD02549,2023-07-21,7,July,29,DMart-Mumbai-3,Mumbai,Groceries,Tea,2,216,0.22,336.96,60.25,Cash
ORD02550,2023-10-20,10,October,42,DMart-Pune-2,Pune,Personal Care,Detergent,3,205,0.01,608.85,97.81,Card
ORD02551,2023-06-03,6,June,22,DMart-Thane-1,Thane,Personal Care,Wheat,4,240,0.06,902.4,213.84,UPI
ORD02552,2023-04-26,4,April,17,DMart-Mumbai-3,Mumbai,Beverages,Juice,3,24,0.2,57.6,12.72,Wallet
ORD02553,2023-04-08,4,April,14,DMart-Mumbai-2,Mumbai,Dairy,Milk,2,217,0.13,377.58,104.37,Cash
ORD02554,2023-06-01,6,June,22,DMart-Nashik-2,Nashik,Beverages,Milk,4,130,0.21,410.8,52.37,Card
ORD02555,2023-12-02,12,December,48,DMart-Nashik-2,Nashik,Beverages,Tissue,2,156,0.03,302.64,71.37,Cash
ORD02556,2023-10-01,10,October,39,DMart-Nashik-3,Nashik,Household,Coffee,5,371,0.03,1799.35,446.2,Wallet
ORD02557,2023-03-17,3,March,11,DMart-Thane-2,Thane,Beverages,Soap,1,484,0.21,382.36,84.18,Wallet
ORD02558,2023-05-15,5,May,20,DMart-Mumbai-3,Mumbai,Dairy,Soap,3,306,0.25,688.5,101.82,Card
ORD02559,2023-08-24,8,August,34,DMart-Pune-1,Pune,Beverages,Bread,1,361,0.11,321.29,66.29,UPI
ORD02560,2023-05-14,5,May,19,DMart-Nashik-2,Nashik,Groceries,Eggs,2,434,0.02,850.64,98.45,Card
ORD02561,2023-12-09,12,December,49,DMart-Pune-2,Pune,Personal Care,Detergent,1,227,0.11,202.03,59.81,Card
ORD02562,2023-08-28,8,August,35,DMart-Nagpur-2,Nagpur,Household,Water,3,365,0.15,930.75,154.66,Wallet
ORD02563,2023-10-28,10,October,43,DMart-Pune-3,Pune,Beverages,Shampoo,3,122,0.3,256.2,37.91,Wallet
ORD02564,2023-05-19,5,May,20,DMart-Nashik-1,Nashik,Personal Care,Water,5,496,0.24,1884.8,378.01,Cash
ORD02565,2023-08-09,8,August,32,DMart-Pune-3,Pune,Beverages,Eggs,1,84,0.05,79.8,13.46,Cash
ORD02566,2023-10-02,10,October,40,DMart-Nagpur-3,Nagpur,Household,Rice,5,190,0.29,674.5,194.24,Cash
ORD02567,2023-06-24,6,June,25,DMart-Pune-3,Pune,Personal Care,Bread,2,325,0.1,585.0,150.52,Wallet
ORD02568,2023-07-23,7,July,29,DMart-Mumbai-1,Mumbai,Personal Care,Toothpaste,1,113,0.27,82.49,23.47,Wallet
ORD02569,2023-05-22,5,May,21,DMart-Nagpur-1,Nagpur,Dairy,Milk,5,208,0.03,1008.8,154.49,Cash
ORD02570,2023-05-27,5,May,21,DMart-Nashik-1,Nashik,Beverages,Wheat,5,353,0.18,1447.3,201.29,UPI
ORD02571,2023-08-01,8,August,31,DMart-Thane-3,Thane,Beverages,Oil,3,417,0.28,900.72,145.73,Cash
ORD02572,2023-08-20,8,August,33,DMart-Nashik-3,Nashik,Dairy,Juice,4,356,0.07,1324.32,160.04,Cash
ORD02573,2023-01-16,1,January,3,DMart-Mumbai-3,Mumbai,Groceries,Tissue,5,273,0.26,1010.1,172.98,UPI
ORD02574,2023-03-03,3,March,9,DMart-Nashik-3,Nashik,Beverages,Sugar,5,393,0.14,1689.9,200.21,Card
ORD02575,2023-06-12,6,June,24,DMart-Nagpur-1,Nagpur,Dairy,Bread,3,205,0.23,473.55,132.24,Wallet
ORD02576,2023-05-13,5,May,19,DMart-Mumbai-3,Mumbai,Personal Care,Shampoo,1,44,0.15,37.4,5.19,Cash
ORD02577,2023-12-21,12,December,51,DMart-Mumbai-3,Mumbai,Personal Care,Detergent,3,427,0.28,922.32,229.1,UPI
ORD02578,2023-08-16,8,August,33,DMart-Pune-3,Pune,Personal Care,Tea,5,87,0.13,378.45,68.14,Wallet
ORD02579,2023-04-07,4,April,14,DMart-Thane-2,Thane,Personal Care,Eggs,1,21,0.08,19.32,5.45,Cash
ORD02580,2023-11-19,11,November,46,DMart-Mumbai-1,Mumbai,Dairy,Biscuits,4,436,0.29,1238.24,256.81,Card
ORD02581,2023-06-16,6,June,24,DMart-Nashik-2,Nashik,Groceries,Detergent,1,38,0.29,26.98,3.52,UPI
ORD02582,2023-03-07,3,March,10,DMart-Pune-1,Pune,Beverages,Sugar,3,115,0.14,296.7,68.99,Cash
ORD02583,2023-08-06,8,August,31,DMart-Nashik-1,Nashik,Household,Rice,2,174,0.3,243.6,52.31,Cash
ORD02584,2023-04-22,4,April,16,DMart-Nashik-3,Nashik,Household,Water,1,432,0.15,367.2,109.68,Cash
ORD02585,2023-04-12,4,April,15,DMart-Mumbai-3,Mumbai,Dairy,Oil,5,213,0.11,947.85,161.34,Wallet
ORD02586,2023-04-01,4,April,13,DMart-Nashik-2,Nashik,Household,Rice,2,350,0.18,574.0,140.77,Wallet
ORD02587,2023-05-07,5,May,18,DMart-Nashik-2,Nashik,Dairy,Biscuits,3,388,0.3,814.8,181.76,UPI
ORD02588,2023-05-01,5,May,18,DMart-Pune-1,Pune,Dairy,Milk,4,97,0.07,360.84,86.55,UPI
ORD02589,2023-01-01,1,January,52,DMart-Nashik-3,Nashik,Beverages,Toothpaste,4,456,0.22,1422.72,339.6,UPI
ORD02590,2023-07-01,7,July,26,DMart-Pune-3,Pune,Dairy,Soap,4,136,0.13,473.28,55.57,Cash
ORD02591,2023-08-29,8,August,35,DMart-Mumbai-1,Mumbai,Groceries,Water,1,484,0.17,401.72,118.6,UPI
ORD02592,2023-07-19,7,July,29,DMart-Nashik-2,Nashik,Groceries,Coffee,5,411,0.25,1541.25,202.95,UPI
ORD02593,2023-07-15,7,July,28,DMart-Mumbai-2,Mumbai,Groceries,Wheat,4,27,0.03,104.76,13.74,Card
ORD02594,2023-11-27,11,November,48,DMart-Mumbai-3,Mumbai,Dairy,Tissue,5,477,0.21,1884.15,399.52,Cash
ORD02595,2023-09-10,9,September,36,DMart-Pune-1,Pune,Beverages,Juice,3,293,0.24,668.04,120.59,Card
ORD02596,2023-08-15,8,August,33,DMart-Thane-3,Thane,Dairy,Shampoo,2,94,0.3,131.6,18.86,UPI
ORD02597,2023-03-14,3,March,11,DMart-Pune-2,Pune,Household,Bread,1,28,0.24,21.28,4.71,UPI
ORD02598,2023-06-27,6,June,26,DMart-Pune-3,Pune,Household,Tissue,2,98,0.05,186.2,45.96,Wallet
ORD02599,2023-01-30,1,January,5,DMart-Thane-2,Thane,Dairy,Water,5,440,0.1,1980.0,281.58,Cash
ORD02600,2023-07-19,7,July,29,DMart-Mumbai-2,Mumbai,Personal Care,Soap,2,462,0.02,905.52,245.41,Cash
ORD02601,2023-05-20,5,May,20,DMart-Nagpur-2,Nagpur,Personal Care,Water,1,161,0.26,119.14,17.54,Card
ORD02602,2023-04-28,4,April,17,DMart-Mumbai-3,Mumbai,Beverages,Tissue,1,415,0.2,332.0,70.5,Cash
ORD02603,2023-12-04,12,December,49,DMart-Mumbai-1,Mumbai,Dairy,Sugar,4,416,0.05,1580.8,284.95,Card
ORD02604,2023-12-06,12,December,49,DMart-Mumbai-2,Mumbai,Dairy,Water,4,312,0.21,985.92,170.64,Card
ORD02605,2023-05-22,5,May,21,DMart-Nashik-1,Nashik,Groceries,Coffee,3,205,0.08,565.8,120.93,UPI
ORD02606,2023-11-17,11,November,46,DMart-Mumbai-2,Mumbai,Beverages,Sugar,4,64,0.23,197.12,30.26,Card
ORD02607,2023-06-18,6,June,24,DMart-Thane-1,Thane,Beverages,Juice,5,28,0.29,99.4,23.27,Wallet
ORD02608,2023-10-31,10,October,44,DMart-Nashik-1,Nashik,Household,Eggs,4,184,0.17,610.88,121.77,UPI
ORD02609,2023-01-31,1,January,5,DMart-Nagpur-1,Nagpur,Groceries,Coffee,2,435,0.0,870.0,131.13,UPI
ORD02610,2023-12-08,12,December,49,DMart-Thane-2,Thane,Groceries,Rice,4,338,0.03,1311.44,166.8,Cash
ORD02611,2023-03-18,3,March,11,DMart-Nagpur-1,Nagpur,Groceries,Toothpaste,5,123,0.07,571.95,143.2,Wallet
ORD02612,2023-08-25,8,August,34,DMart-Nagpur-3,Nagpur,Household,Tissue,4,351,0.12,1235.52,132.53,Wallet
ORD02613,2023-04-21,4,April,16,DMart-Mumbai-2,Mumbai,Dairy,Sugar,4,238,0.28,685.44,134.88,UPI
ORD02614,2023-03-09,3,March,10,DMart-Thane-3,Thane,Personal Care,Tea,1,365,0.14,313.9,91.61,Wallet
ORD02615,2023-11-29,11,November,48,DMart-Pune-1,Pune,Personal Care,Tissue,2,200,0.26,296.0,67.33,Card
ORD02616,2023-04-14,4,April,15,DMart-Mumbai-1,Mumbai,Household,Oil,4,66,0.1,237.6,38.43,Card
ORD02617,2023-04-04,4,April,14,DMart-Mumbai-2,Mumbai,Groceries,Soap,1,94,0.05,89.3,11.09,Card
ORD02618,2023-01-13,1,January,2,DMart-Thane-1,Thane,Personal Care,Biscuits,4,433,0.08,1593.44,475.86,Wallet
ORD02619,2023-05-26,5,May,21,DMart-Nagpur-3,Nagpur,Groceries,Coffee,1,384,0.0,384.0,49.17,Wallet
ORD02620,2023-07-22,7,July,29,DMart-Thane-1,Thane,Beverages,Toothpaste,4,298,0.15,1013.2,182.56,Wallet
ORD02621,2023-10-31,10,October,44,DMart-Nagpur-1,Nagpur,Beverages,Tea,1,473,0.13,411.51,108.33,Card
ORD02622,2023-08-07,8,August,32,DMart-Pune-1,Pune,Beverages,Wheat,3,459,0.01,1363.23,142.61,Card
ORD02623,2023-06-11,6,June,23,DMart-Pune-2,Pune,Personal Care,Soap,1,121,0.18,99.22,24.59,Wallet
ORD02624,2023-11-12,11,November,45,DMart-Thane-1,Thane,Personal Care,Bread,1,245,0.03,237.65,65.72,Card
ORD02625,2023-03-12,3,March,10,DMart-Thane-1,Thane,Dairy,Water,2,184,0.01,364.32,87.05,Wallet
ORD02626,2023-01-05,1,January,1,DMart-Nagpur-2,Nagpur,Beverages,Bread,1,199,0.05,189.05,38.91,Wallet
ORD02627,2023-12-12,12,December,50,DMart-Thane-1,Thane,Personal Care,Eggs,2,173,0.02,339.08,91.78,Card
ORD02628,2023-09-26,9,September,39,DMart-Nashik-3,Nashik,Household,Tissue,3,410,0.19,996.3,178.03,Card
ORD02629,2023-07-31,7,July,31,DMart-Nashik-3,Nashik,Dairy,Juice,3,172,0.24,392.16,59.74,Card
ORD02630,2023-04-24,4,April,17,DMart-Thane-1,Thane,Beverages,Toothpaste,1,422,0.25,316.5,88.41,Cash
ORD02631,2023-07-22,7,July,29,DMart-Pune-2,Pune,Household,Soap,3,144,0.08,397.44,85.71,UPI
ORD02632,2023-10-22,10,October,42,DMart-Nashik-2,Nashik,Personal Care,Shampoo,1,155,0.16,130.2,32.79,UPI
ORD02633,2023-03-16,3,March,11,DMart-Thane-1,Thane,Groceries,Soap,3,323,0.16,813.96,149.79,Wallet
ORD02634,2023-04-22,4,April,16,DMart-Mumbai-2,Mumbai,Household,Tissue,3,318,0.03,925.38,138.65,Cash
ORD02635,2023-10-20,10,October,42,DMart-Nashik-1,Nashik,Dairy,Tea,2,51,0.03,98.94,26.92,Cash
ORD02636,2023-09-03,9,September,35,DMart-Thane-2,Thane,Beverages,Chips,5,480,0.11,2136.0,295.93,Wallet
ORD02637,2023-07-09,7,July,27,DMart-Mumbai-3,Mumbai,Personal Care,Chips,5,429,0.04,2059.2,559.75,Cash
ORD02638,2023-05-06,5,May,18,DMart-Pune-2,Pune,Groceries,Rice,3,174,0.18,428.04,79.86,Wallet
ORD02639,2023-02-02,2,February,5,DMart-Mumbai-3,Mumbai,Household,Milk,5,134,0.01,663.3,175.5,Card
ORD02640,2023-02-24,2,February,8,DMart-Nashik-2,Nashik,Groceries,Milk,4,124,0.1,446.4,121.28,Card
ORD02641,2023-09-28,9,September,39,DMart-Nashik-2,Nashik,Dairy,Water,5,189,0.1,850.5,191.87,Wallet
ORD02642,2023-01-02,1,January,1,DMart-Pune-1,Pune,Personal Care,Tissue,1,432,0.29,306.72,65.86,Cash
ORD02643,2023-05-14,5,May,19,DMart-Nagpur-1,Nagpur,Household,Biscuits,2,172,0.08,316.48,75.69,Wallet
ORD02644,2023-04-24,4,April,17,DMart-Nashik-3,Nashik,Groceries,Sugar,5,134,0.17,556.1,96.87,UPI
ORD02645,2023-06-01,6,June,22,DMart-Thane-3,Thane,Dairy,Bread,4,444,0.05,1687.2,483.48,UPI
ORD02646,2023-01-18,1,January,3,DMart-Nagpur-1,Nagpur,Dairy,Soap,4,178,0.09,647.92,88.52,UPI
ORD02647,2023-12-02,12,December,48,DMart-Thane-1,Thane,Groceries,Oil,2,174,0.21,274.92,52.28,Wallet
ORD02648,2023-09-16,9,September,37,DMart-Nashik-3,Nashik,Household,Water,1,445,0.01,440.55,92.71,Card
ORD02649,2023-12-30,12,December,52,DMart-Mumbai-1,Mumbai,Household,Milk,3,460,0.12,1214.4,304.39,UPI
ORD02650,2023-12-01,12,December,48,DMart-Pune-1,Pune,Personal Care,Sugar,3,244,0.02,717.36,138.57,Cash
ORD02651,2023-06-04,6,June,22,DMart-Nashik-1,Nashik,Beverages,Eggs,2,49,0.07,91.14,18.89,Card
ORD02652,2023-01-25,1,January,4,DMart-Nagpur-1,Nagpur,Dairy,Bread,5,437,0.19,1769.85,511.25,Wallet
ORD02653,2023-06-23,6,June,25,DMart-Nashik-3,Nashik,Personal Care,Bread,3,404,0.23,933.24,256.11,UPI
ORD02654,2023-04-12,4,April,15,DMart-Mumbai-1,Mumbai,Dairy,Eggs,2,286,0.19,463.32,119.83,UPI
ORD02655,2023-01-09,1,January,2,DMart-Nashik-3,Nashik,Beverages,Milk,5,225,0.03,1091.25,156.16,Cash
ORD02656,2023-04-28,4,April,17,DMart-Mumbai-2,Mumbai,Dairy,Rice,3,121,0.13,315.81,61.17,Cash
ORD02657,2023-12-10,12,December,49,DMart-Mumbai-3,Mumbai,Personal Care,Juice,1,206,0.14,177.16,48.04,Wallet
ORD02658,2023-11-09,11,November,45,DMart-Pune-3,Pune,Beverages,Biscuits,1,147,0.05,139.65,21.73,UPI
ORD02659,2023-01-29,1,January,4,DMart-Nashik-1,Nashik,Dairy,Sugar,2,486,0.23,748.44,161.92,Card
ORD02660,2023-09-07,9,September,36,DMart-Nashik-1,Nashik,Dairy,Bread,2,34,0.08,62.56,15.22,UPI
ORD02661,2023-01-24,1,January,4,DMart-Nashik-1,Nashik,Household,Milk,4,171,0.02,670.32,193.93,Cash
ORD02662,2023-02-16,2,February,7,DMart-Pune-3,Pune,Dairy,Tea,2,103,0.09,187.46,20.7,Cash
ORD02663,2023-08-13,8,August,32,DMart-Mumbai-2,Mumbai,Beverages,Juice,5,358,0.14,1539.4,378.58,Wallet
ORD02664,2023-11-25,11,November,47,DMart-Nashik-1,Nashik,Beverages,Coffee,3,442,0.13,1153.62,139.79,UPI
ORD02665,2023-05-16,5,May,20,DMart-Nashik-3,Nashik,Personal Care,Wheat,5,204,0.07,948.6,196.71,Wallet
ORD02666,2023-03-20,3,March,12,DMart-Mumbai-3,Mumbai,Dairy,Coffee,5,193,0.27,704.45,201.63,UPI
ORD02667,2023-06-12,6,June,24,DMart-Nagpur-3,Nagpur,Household,Wheat,3,420,0.12,1108.8,198.3,Card
ORD02668,2023-12-31,12,December,52,DMart-Pune-1,Pune,Household,Shampoo,2,391,0.3,547.4,81.83,UPI
ORD02669,2023-08-20,8,August,33,DMart-Mumbai-1,Mumbai,Dairy,Sugar,2,71,0.02,139.16,16.31,Cash
ORD02670,2023-09-29,9,September,39,DMart-Thane-3,Thane,Household,Tea,2,41,0.22,63.96,10.83,Wallet
ORD02671,2023-11-11,11,November,45,DMart-Pune-2,Pune,Groceries,Wheat,1,252,0.27,183.96,48.73,Cash
ORD02672,2023-11-19,11,November,46,DMart-Thane-1,Thane,Household,Soap,3,97,0.03,282.27,61.41,Card
ORD02673,2023-12-22,12,December,51,DMart-Nashik-1,Nashik,Dairy,Biscuits,3,326,0.23,753.06,208.71,Cash
ORD02674,2023-09-10,9,September,36,DMart-Nagpur-1,Nagpur,Dairy,Oil,2,109,0.28,156.96,31.15,Card
ORD02675,2023-05-08,5,May,19,DMart-Nashik-2,Nashik,Household,Soap,2,252,0.05,478.8,49.94,Card
ORD02676,2023-03-18,3,March,11,DMart-Thane-2,Thane,Groceries,Milk,2,212,0.12,373.12,87.99,Card
ORD02677,2023-10-30,10,October,44,DMart-Thane-3,Thane,Dairy,Water,2,485,0.23,746.9,184.62,UPI
ORD02678,2023-04-14,4,April,15,DMart-Mumbai-1,Mumbai,Beverages,Toothpaste,4,174,0.28,501.12,140.8,Card
ORD02679,2023-09-15,9,September,37,DMart-Mumbai-1,Mumbai,Personal Care,Detergent,5,280,0.18,1148.0,326.59,Card
ORD02680,2023-08-26,8,August,34,DMart-Nashik-1,Nashik,Dairy,Rice,3,25,0.19,60.75,14.37,Card
ORD02681,2023-02-06,2,February,6,DMart-Thane-3,Thane,Dairy,Chips,4,423,0.15,1438.2,217.85,UPI
ORD02682,2023-07-23,7,July,29,DMart-Pune-1,Pune,Dairy,Juice,5,101,0.23,388.85,63.5,Card
ORD02683,2023-04-05,4,April,14,DMart-Nashik-3,Nashik,Personal Care,Tea,3,262,0.25,589.5,79.05,Card
ORD02684,2023-10-18,10,October,42,DMart-Nagpur-3,Nagpur,Groceries,Milk,1,234,0.28,168.48,30.31,Cash
ORD02685,2023-03-14,3,March,11,DMart-Mumbai-3,Mumbai,Groceries,Milk,3,354,0.18,870.84,213.38,UPI
ORD02686,2023-10-31,10,October,44,DMart-Nashik-3,Nashik,Groceries,Toothpaste,3,56,0.29,119.28,32.56,Wallet
ORD02687,2023-04-22,4,April,16,DMart-Thane-3,Thane,Dairy,Wheat,3,322,0.1,869.4,218.65,Wallet
ORD02688,2023-04-30,4,April,17,DMart-Nashik-2,Nashik,Dairy,Juice,2,257,0.2,411.2,74.72,Card
ORD02689,2023-12-07,12,December,49,DMart-Pune-2,Pune,Groceries,Bread,4,240,0.02,940.8,157.16,Cash
ORD02690,2023-11-27,11,November,48,DMart-Pune-1,Pune,Beverages,Tissue,2,69,0.06,129.72,31.75,Cash
ORD02691,2023-01-23,1,January,4,DMart-Mumbai-2,Mumbai,Household,Shampoo,2,293,0.22,457.08,123.92,Cash
ORD02692,2023-04-01,4,April,13,DMart-Thane-3,Thane,Groceries,Milk,2,444,0.25,666.0,76.76,Card
ORD02693,2023-09-19,9,September,38,DMart-Nagpur-1,Nagpur,Beverages,Oil,2,295,0.27,430.7,80.58,Wallet
ORD02694,2023-07-25,7,July,30,DMart-Pune-2,Pune,Groceries,Toothpaste,5,73,0.03,354.05,72.99,Cash
ORD02695,2023-07-19,7,July,29,DMart-Mumbai-1,Mumbai,Beverages,Toothpaste,2,404,0.26,597.92,159.86,Cash
ORD02696,2023-07-18,7,July,29,DMart-Nagpur-2,Nagpur,Household,Bread,5,495,0.29,1757.25,503.43,Wallet
ORD02697,2023-05-06,5,May,18,DMart-Nashik-2,Nashik,Household,Chips,4,187,0.2,598.4,107.92,Wallet
ORD02698,2023-06-09,6,June,23,DMart-Mumbai-3,Mumbai,Household,Oil,2,242,0.06,454.96,72.45,Cash
ORD02699,2023-11-09,11,November,45,DMart-Mumbai-3,Mumbai,Personal Care,Milk,2,434,0.05,824.6,94.85,Cash
ORD02700,2023-06-06,6,June,23,DMart-Pune-1,Pune,Groceries,Sugar,2,165,0.19,267.3,40.25,Cash
ORD02701,2023-05-25,5,May,21,DMart-Nashik-2,Nashik,Household,Coffee,5,489,0.24,1858.2,506.13,Cash
ORD02702,2023-02-16,2,February,7,DMart-Thane-1,Thane,Household,Coffee,2,248,0.26,367.04,92.52,Card
ORD02703,2023-10-22,10,October,42,DMart-Mumbai-2,Mumbai,Groceries,Detergent,2,353,0.16,593.04,142.13,Cash
ORD02704,2023-01-30,1,January,5,DMart-Thane-3,Thane,Personal Care,Soap,4,236,0.0,944.0,233.64,UPI
ORD02705,2023-12-28,12,December,52,DMart-Mumbai-3,Mumbai,Groceries,Rice,3,22,0.29,46.86,6.53,Card
ORD02706,2023-04-10,4,April,15,DMart-Mumbai-1,Mumbai,Personal Care,Tissue,1,116,0.0,116.0,19.06,Card
ORD02707,2023-04-02,4,April,13,DMart-Thane-3,Thane,Dairy,Shampoo,5,473,0.28,1702.8,250.29,Cash
ORD02708,2023-07-01,7,July,26,DMart-Mumbai-3,Mumbai,Dairy,Tissue,4,493,0.26,1459.28,382.42,Cash
ORD02709,2023-01-31,1,January,5,DMart-Nashik-1,Nashik,Personal Care,Tea,4,293,0.05,1113.4,294.52,Wallet
ORD02710,2023-05-05,5,May,18,DMart-Nashik-2,Nashik,Dairy,Soap,5,452,0.28,1627.2,230.02,Wallet
ORD02711,2023-12-11,12,December,50,DMart-Mumbai-2,Mumbai,Dairy,Eggs,4,437,0.13,1520.76,425.85,Card
ORD02712,2023-11-22,11,November,47,DMart-Mumbai-2,Mumbai,Household,Oil,4,487,0.05,1850.6,332.24,UPI
ORD02713,2023-08-11,8,August,32,DMart-Pune-1,Pune,Beverages,Tissue,1,417,0.0,417.0,122.86,UPI
ORD02714,2023-12-06,12,December,49,DMart-Mumbai-2,Mumbai,Dairy,Detergent,2,122,0.22,190.32,42.2,UPI
ORD02715,2023-06-28,6,June,26,DMart-Nagpur-3,Nagpur,Personal Care,Bread,5,397,0.23,1528.45,414.56,Wallet
ORD02716,2023-06-16,6,June,24,DMart-Thane-2,Thane,Personal Care,Rice,4,478,0.15,1625.2,287.87,Cash
ORD02717,2023-08-05,8,August,31,DMart-Nagpur-3,Nagpur,Household,Biscuits,1,105,0.2,84.0,23.5,Cash
ORD02718,2023-12-01,12,December,48,DMart-Thane-1,Thane,Dairy,Shampoo,1,414,0.19,335.34,42.08,Wallet
ORD02719,2023-07-29,7,July,30,DMart-Thane-1,Thane,Personal Care,Oil,5,490,0.22,1911.0,233.4,Wallet
ORD02720,2023-10-24,10,October,43,DMart-Mumbai-3,Mumbai,Dairy,Tissue,3,297,0.11,792.99,184.09,Cash
ORD02721,2023-03-19,3,March,11,DMart-Mumbai-3,Mumbai,Personal Care,Water,4,208,0.17,690.56,122.16,Card
ORD02722,2023-10-22,10,October,42,DMart-Nagpur-3,Nagpur,Dairy,Oil,4,185,0.06,695.6,112.42,UPI
ORD02723,2023-06-25,6,June,25,DMart-Thane-2,Thane,Dairy,Chips,3,328,0.21,777.36,145.39,Cash
ORD02724,2023-08-16,8,August,33,DMart-Thane-2,Thane,Dairy,Toothpaste,5,316,0.0,1580.0,298.64,Wallet
ORD02725,2023-03-15,3,March,11,DMart-Thane-1,Thane,Personal Care,Juice,3,322,0.02,946.68,239.41,Wallet
ORD02726,2023-09-06,9,September,36,DMart-Pune-2,Pune,Household,Rice,5,21,0.25,78.75,17.25,Wallet
ORD02727,2023-05-11,5,May,19,DMart-Nagpur-1,Nagpur,Beverages,Tissue,5,371,0.27,1354.15,290.05,Card
ORD02728,2023-02-08,2,February,6,DMart-Pune-2,Pune,Dairy,Detergent,5,430,0.25,1612.5,323.81,Cash
ORD02729,2023-07-30,7,July,30,DMart-Pune-3,Pune,Dairy,Tea,4,167,0.16,561.12,162.02,UPI
ORD02730,2023-07-24,7,July,30,DMart-Nagpur-3,Nagpur,Household,Tissue,4,74,0.09,269.36,68.76,Cash
ORD02731,2023-05-16,5,May,20,DMart-Nagpur-3,Nagpur,Beverages,Toothpaste,5,25,0.05,118.75,27.62,Wallet
ORD02732,2023-01-06,1,January,1,DMart-Nagpur-2,Nagpur,Dairy,Chips,1,80,0.05,76.0,13.66,Cash
ORD02733,2023-07-23,7,July,29,DMart-Nashik-2,Nashik,Beverages,Water,5,303,0.28,1090.8,122.43,UPI
ORD02734,2023-05-19,5,May,20,DMart-Mumbai-1,Mumbai,Beverages,Tissue,5,203,0.03,984.55,250.11,UPI
ORD02735,2023-12-07,12,December,49,DMart-Nagpur-3,Nagpur,Beverages,Wheat,3,267,0.21,632.79,166.4,UPI
ORD02736,2023-11-13,11,November,46,DMart-Nashik-2,Nashik,Beverages,Coffee,1,446,0.17,370.18,62.76,UPI
ORD02737,2023-01-08,1,January,1,DMart-Mumbai-1,Mumbai,Personal Care,Milk,3,423,0.29,900.99,92.39,UPI
ORD02738,2023-01-24,1,January,4,DMart-Nashik-2,Nashik,Personal Care,Biscuits,4,409,0.03,1586.92,346.64,Card
ORD02739,2023-11-27,11,November,48,DMart-Nagpur-3,Nagpur,Groceries,Eggs,3,486,0.12,1283.04,203.43,Card
ORD02740,2023-10-17,10,October,42,DMart-Mumbai-1,Mumbai,Personal Care,Eggs,3,297,0.13,775.17,147.1,Wallet
ORD02741,2023-01-10,1,January,2,DMart-Nashik-1,Nashik,Household,Oil,2,261,0.13,454.14,125.18,Cash
ORD02742,2023-01-16,1,January,3,DMart-Mumbai-1,Mumbai,Dairy,Oil,3,238,0.28,514.08,122.14,UPI
ORD02743,2023-05-19,5,May,20,DMart-Mumbai-1,Mumbai,Beverages,Toothpaste,2,149,0.19,241.38,52.88,Wallet
ORD02744,2023-09-05,9,September,36,DMart-Nashik-2,Nashik,Beverages,Shampoo,5,236,0.28,849.6,242.84,Card
ORD02745,2023-03-26,3,March,12,DMart-Mumbai-2,Mumbai,Groceries,Toothpaste,2,213,0.25,319.5,81.67,Card
ORD02746,2023-06-26,6,June,26,DMart-Mumbai-3,Mumbai,Personal Care,Juice,3,90,0.29,191.7,35.48,UPI
ORD02747,2023-04-03,4,April,14,DMart-Thane-2,Thane,Household,Oil,3,24,0.07,66.96,9.58,Card
ORD02748,2023-08-14,8,August,33,DMart-Pune-2,Pune,Beverages,Rice,3,275,0.15,701.25,196.46,Card
ORD02749,2023-12-17,12,December,50,DMart-Mumbai-3,Mumbai,Beverages,Chips,2,325,0.19,526.5,98.67,Cash
ORD02750,2023-04-29,4,April,17,DMart-Mumbai-3,Mumbai,Dairy,Tissue,1,180,0.15,153.0,40.71,Card
ORD02751,2023-06-20,6,June,25,DMart-Nashik-3,Nashik,Dairy,Biscuits,2,72,0.22,112.32,29.85,Cash
ORD02752,2023-01-02,1,January,1,DMart-Nashik-2,Nashik,Personal Care,Soap,2,85,0.3,119.0,14.08,Cash
ORD02753,2023-08-30,8,August,35,DMart-Nashik-1,Nashik,Dairy,Soap,4,344,0.15,1169.6,153.7,Card
ORD02754,2023-10-02,10,October,40,DMart-Thane-2,Thane,Dairy,Tissue,3,336,0.17,836.64,137.37,Card
ORD02755,2023-10-11,10,October,41,DMart-Thane-2,Thane,Dairy,Chips,5,112,0.21,442.4,71.25,Card
ORD02756,2023-03-13,3,March,11,DMart-Pune-3,Pune,Groceries,Chips,1,227,0.16,190.68,31.56,Cash
ORD02757,2023-08-18,8,August,33,DMart-Mumbai-1,Mumbai,Groceries,Sugar,1,192,0.16,161.28,43.6,Card
ORD02758,2023-06-07,6,June,23,DMart-Pune-1,Pune,Beverages,Sugar,4,249,0.09,906.36,139.44,Card
ORD02759,2023-11-23,11,November,47,DMart-Nagpur-3,Nagpur,Beverages,Eggs,2,415,0.09,755.3,141.75,Card
ORD02760,2023-02-27,2,February,9,DMart-Thane-1,Thane,Groceries,Tea,5,202,0.09,919.1,221.01,Wallet
ORD02761,2023-04-13,4,April,15,DMart-Pune-1,Pune,Beverages,Shampoo,5,453,0.06,2129.1,228.52,Wallet
ORD02762,2023-09-19,9,September,38,DMart-Nagpur-1,Nagpur,Groceries,Tissue,2,133,0.03,258.02,53.14,Cash
ORD02763,2023-02-05,2,February,5,DMart-Mumbai-3,Mumbai,Dairy,Eggs,5,442,0.29,1569.1,345.48,Wallet
ORD02764,2023-01-20,1,January,3,DMart-Nashik-3,Nashik,Personal Care,Detergent,5,279,0.28,1004.4,135.61,Cash
ORD02765,2023-06-30,6,June,26,DMart-Nashik-2,Nashik,Personal Care,Bread,4,298,0.06,1120.48,114.21,Wallet
ORD02766,2023-04-05,4,April,14,DMart-Pune-2,Pune,Groceries,Chips,2,180,0.03,349.2,66.01,Wallet
ORD02767,2023-06-17,6,June,24,DMart-Nashik-1,Nashik,Beverages,Eggs,2,393,0.15,668.1,175.33,Cash
ORD02768,2023-02-21,2,February,8,DMart-Nagpur-2,Nagpur,Household,Detergent,1,462,0.11,411.18,76.06,UPI
ORD02769,2023-05-30,5,May,22,DMart-Thane-3,Thane,Personal Care,Shampoo,1,274,0.23,210.98,41.32,Wallet
ORD02770,2023-03-25,3,March,12,DMart-Nashik-2,Nashik,Household,Water,1,497,0.09,452.27,65.53,Wallet
ORD02771,2023-03-11,3,March,10,DMart-Pune-3,Pune,Personal Care,Shampoo,4,342,0.08,1258.56,370.44,Cash
ORD02772,2023-11-09,11,November,45,DMart-Pune-3,Pune,Groceries,Rice,1,77,0.17,63.91,14.0,Wallet
ORD02773,2023-04-27,4,April,17,DMart-Thane-3,Thane,Household,Rice,2,483,0.26,714.84,204.6,Card
ORD02774,2023-03-25,3,March,12,DMart-Pune-2,Pune,Groceries,Oil,5,296,0.13,1287.6,299.64,Card
ORD02775,2023-03-29,3,March,13,DMart-Thane-1,Thane,Personal Care,Toothpaste,5,161,0.24,611.8,124.4,Wallet
ORD02776,2023-10-26,10,October,43,DMart-Nashik-2,Nashik,Personal Care,Biscuits,5,107,0.29,379.85,104.6,Wallet
ORD02777,2023-06-18,6,June,24,DMart-Thane-1,Thane,Household,Biscuits,5,84,0.23,323.4,39.53,Cash
ORD02778,2023-04-02,4,April,13,DMart-Thane-1,Thane,Groceries,Milk,5,245,0.14,1053.5,259.4,Cash
ORD02779,2023-03-12,3,March,10,DMart-Nashik-2,Nashik,Household,Toothpaste,2,296,0.2,473.6,104.99,Wallet
ORD02780,2023-02-11,2,February,6,DMart-Pune-2,Pune,Groceries,Tea,3,494,0.24,1126.32,243.42,Card
ORD02781,2023-06-18,6,June,24,DMart-Nashik-2,Nashik,Beverages,Oil,2,426,0.13,741.24,147.71,UPI
ORD02782,2023-09-25,9,September,39,DMart-Thane-2,Thane,Household,Water,1,73,0.05,69.35,17.01,Cash
ORD02783,2023-04-18,4,April,16,DMart-Nashik-1,Nashik,Household,Detergent,4,194,0.27,566.48,117.42,Cash
ORD02784,2023-10-23,10,October,43,DMart-Nashik-3,Nashik,Household,Soap,5,271,0.02,1327.9,205.85,Card
ORD02785,2023-10-23,10,October,43,DMart-Nashik-2,Nashik,Groceries,Rice,5,397,0.21,1568.15,444.39,UPI
ORD02786,2023-02-23,2,February,8,DMart-Nagpur-3,Nagpur,Personal Care,Tea,1,315,0.11,280.35,45.73,Wallet
ORD02787,2023-08-05,8,August,31,DMart-Thane-2,Thane,Dairy,Eggs,3,441,0.02,1296.54,292.5,Card
ORD02788,2023-09-16,9,September,37,DMart-Nashik-1,Nashik,Groceries,Tissue,4,406,0.3,1136.8,283.97,Card
ORD02789,2023-04-10,4,April,15,DMart-Nashik-1,Nashik,Personal Care,Milk,1,30,0.03,29.1,6.26,Cash
ORD02790,2023-01-06,1,January,1,DMart-Thane-2,Thane,Household,Soap,5,84,0.15,357.0,57.65,Card
ORD02791,2023-06-28,6,June,26,DMart-Thane-3,Thane,Dairy,Oil,4,390,0.01,1544.4,331.73,Card
ORD02792,2023-10-01,10,October,39,DMart-Mumbai-1,Mumbai,Household,Oil,1,387,0.01,383.13,60.03,UPI
ORD02793,2023-06-03,6,June,22,DMart-Nashik-3,Nashik,Personal Care,Eggs,4,125,0.02,490.0,137.77,Wallet
ORD02794,2023-04-16,4,April,15,DMart-Pune-3,Pune,Personal Care,Water,4,91,0.02,356.72,51.16,Wallet
ORD02795,2023-10-18,10,October,42,DMart-Thane-3,Thane,Dairy,Soap,2,200,0.25,300.0,67.12,Cash
ORD02796,2023-11-17,11,November,46,DMart-Pune-2,Pune,Household,Chips,4,184,0.02,721.28,125.03,Wallet
ORD02797,2023-12-07,12,December,49,DMart-Nagpur-1,Nagpur,Groceries,Soap,3,353,0.27,773.07,136.96,UPI
ORD02798,2023-10-27,10,October,43,DMart-Mumbai-2,Mumbai,Household,Coffee,3,115,0.11,307.05,79.21,Cash
ORD02799,2023-07-14,7,July,28,DMart-Nashik-2,Nashik,Dairy,Toothpaste,5,221,0.01,1093.95,253.8,UPI
ORD02800,2023-08-30,8,August,35,DMart-Thane-1,Thane,Dairy,Coffee,1,253,0.27,184.69,24.32,Wallet
ORD02801,2023-11-29,11,November,48,DMart-Mumbai-3,Mumbai,Personal Care,Water,3,22,0.29,46.86,7.02,Cash
ORD02802,2023-07-13,7,July,28,DMart-Mumbai-2,Mumbai,Beverages,Shampoo,4,55,0.02,215.6,23.07,Wallet
ORD02803,2023-06-15,6,June,24,DMart-Mumbai-1,Mumbai,Beverages,Eggs,3,294,0.13,767.34,203.84,Card
ORD02804,2023-03-05,3,March,9,DMart-Nagpur-2,Nagpur,Dairy,Wheat,5,362,0.17,1502.3,150.6,UPI
ORD02805,2023-01-05,1,January,1,DMart-Nashik-3,Nashik,Dairy,Shampoo,4,269,0.06,1011.44,186.55,Cash
ORD02806,2023-05-15,5,May,20,DMart-Pune-1,Pune,Beverages,Shampoo,1,252,0.16,211.68,53.13,Card
ORD02807,2023-04-19,4,April,16,DMart-Nagpur-2,Nagpur,Household,Rice,5,230,0.25,862.5,94.0,Wallet
ORD02808,2023-05-14,5,May,19,DMart-Nashik-2,Nashik,Household,Rice,2,108,0.16,181.44,37.62,Card
ORD02809,2023-11-11,11,November,45,DMart-Pune-3,Pune,Personal Care,Detergent,3,411,0.27,900.09,147.6,Cash
ORD02810,2023-12-28,12,December,52,DMart-Mumbai-2,Mumbai,Beverages,Soap,4,295,0.04,1132.8,304.92,Wallet
ORD02811,2023-05-17,5,May,20,DMart-Nagpur-3,Nagpur,Groceries,Eggs,4,348,0.25,1044.0,219.82,Cash
ORD02812,2023-02-24,2,February,8,DMart-Pune-1,Pune,Beverages,Water,1,417,0.06,391.98,63.11,Cash
ORD02813,2023-09-17,9,September,37,DMart-Pune-3,Pune,Dairy,Coffee,4,300,0.14,1032.0,237.75,UPI
ORD02814,2023-04-30,4,April,17,DMart-Pune-2,Pune,Personal Care,Eggs,4,165,0.14,567.6,58.34,Cash
ORD02815,2023-04-30,4,April,17,DMart-Pune-3,Pune,Household,Rice,5,26,0.29,92.3,11.31,UPI
ORD02816,2023-09-20,9,September,38,DMart-Pune-3,Pune,Groceries,Juice,5,115,0.04,552.0,98.91,Card
ORD02817,2023-03-27,3,March,13,DMart-Nashik-3,Nashik,Beverages,Wheat,2,54,0.27,78.84,21.6,Cash
ORD02818,2023-11-09,11,November,45,DMart-Nashik-1,Nashik,Beverages,Wheat,4,250,0.04,960.0,97.41,Card
ORD02819,2023-02-03,2,February,5,DMart-Thane-3,Thane,Groceries,Rice,4,382,0.22,1191.84,260.19,Card
ORD02820,2023-02-21,2,February,8,DMart-Nagpur-3,Nagpur,Dairy,Eggs,3,158,0.24,360.24,53.33,Cash
ORD02821,2023-01-31,1,January,5,DMart-Mumbai-3,Mumbai,Household,Coffee,1,178,0.3,124.6,28.27,UPI
ORD02822,2023-05-22,5,May,21,DMart-Nagpur-2,Nagpur,Personal Care,Tissue,5,34,0.23,130.9,32.34,UPI
ORD02823,2023-07-19,7,July,29,DMart-Mumbai-2,Mumbai,Household,Shampoo,2,228,0.05,433.2,58.69,Wallet
ORD02824,2023-06-02,6,June,22,DMart-Thane-3,Thane,Dairy,Milk,1,168,0.08,154.56,41.19,UPI
ORD02825,2023-03-30,3,March,13,DMart-Mumbai-1,Mumbai,Groceries,Juice,5,75,0.26,277.5,62.26,UPI
ORD02826,2023-06-06,6,June,23,DMart-Mumbai-1,Mumbai,Household,Water,1,240,0.22,187.2,33.0,Wallet
ORD02827,2023-01-07,1,January,1,DMart-Mumbai-1,Mumbai,Household,Milk,4,224,0.22,698.88,161.13,UPI
ORD02828,2023-01-18,1,January,3,DMart-Nagpur-1,Nagpur,Household,Wheat,2,191,0.12,336.16,93.67,UPI
ORD02829,2023-02-05,2,February,5,DMart-Pune-3,Pune,Dairy,Biscuits,5,229,0.18,938.9,99.74,Wallet
ORD02830,2023-09-01,9,September,35,DMart-Pune-3,Pune,Groceries,Chips,1,50,0.15,42.5,6.32,Cash
ORD02831,2023-01-14,1,January,2,DMart-Nashik-1,Nashik,Dairy,Tea,4,335,0.02,1313.2,181.09,Cash
ORD02832,2023-12-02,12,December,48,DMart-Nashik-2,Nashik,Dairy,Tea,1,102,0.03,98.94,13.93,Wallet
ORD02833,2023-10-17,10,October,42,DMart-Mumbai-3,Mumbai,Household,Wheat,1,261,0.2,208.8,37.16,UPI
ORD02834,2023-03-03,3,March,9,DMart-Mumbai-2,Mumbai,Beverages,Rice,3,181,0.23,418.11,75.89,Wallet
ORD02835,2023-02-26,2,February,8,DMart-Nagpur-2,Nagpur,Household,Bread,1,433,0.15,368.05,98.21,Card
ORD02836,2023-06-06,6,June,23,DMart-Pune-2,Pune,Personal Care,Soap,2,47,0.26,69.56,10.09,Card
ORD02837,2023-03-09,3,March,10,DMart-Mumbai-3,Mumbai,Beverages,Bread,1,93,0.2,74.4,13.35,Card
ORD02838,2023-04-03,4,April,14,DMart-Nashik-3,Nashik,Household,Eggs,1,158,0.04,151.68,44.12,Cash
ORD02839,2023-10-26,10,October,43,DMart-Nashik-3,Nashik,Beverages,Shampoo,4,399,0.25,1197.0,321.41,UPI
ORD02840,2023-07-12,7,July,28,DMart-Pune-3,Pune,Dairy,Rice,2,365,0.13,635.1,145.0,Card
ORD02841,2023-02-18,2,February,7,DMart-Thane-1,Thane,Dairy,Soap,4,260,0.02,1019.2,234.73,Card
ORD02842,2023-10-13,10,October,41,DMart-Thane-1,Thane,Dairy,Rice,3,158,0.26,350.76,83.62,Card
ORD02843,2023-02-27,2,February,9,DMart-Mumbai-2,Mumbai,Groceries,Water,1,87,0.03,84.39,18.14,Card
ORD02844,2023-10-02,10,October,40,DMart-Nashik-1,Nashik,Dairy,Sugar,4,432,0.17,1434.24,396.09,Card
ORD02845,2023-11-07,11,November,45,DMart-Nashik-3,Nashik,Personal Care,Tissue,4,150,0.17,498.0,92.42,Wallet
ORD02846,2023-03-06,3,March,10,DMart-Nagpur-3,Nagpur,Personal Care,Eggs,1,214,0.29,151.94,15.49,Card
ORD02847,2023-06-09,6,June,23,DMart-Nashik-2,Nashik,Beverages,Tea,5,32,0.23,123.2,18.0,Cash
ORD02848,2023-10-17,10,October,42,DMart-Thane-1,Thane,Household,Oil,4,36,0.09,131.04,29.35,UPI
ORD02849,2023-02-13,2,February,7,DMart-Thane-3,Thane,Beverages,Juice,1,42,0.12,36.96,7.92,UPI
ORD02850,2023-07-21,7,July,29,DMart-Pune-2,Pune,Dairy,Milk,3,422,0.07,1177.38,183.34,Wallet
ORD02851,2023-05-19,5,May,20,DMart-Nagpur-3,Nagpur,Groceries,Tea,2,278,0.03,539.32,78.09,Wallet
ORD02852,2023-06-13,6,June,24,DMart-Mumbai-3,Mumbai,Personal Care,Shampoo,2,115,0.22,179.4,48.64,Cash
ORD02853,2023-03-27,3,March,13,DMart-Nashik-3,Nashik,Personal Care,Eggs,2,371,0.27,541.66,55.74,Card
ORD02854,2023-01-01,1,January,52,DMart-Nagpur-3,Nagpur,Dairy,Eggs,1,21,0.0,21.0,2.18,Wallet
ORD02855,2023-05-08,5,May,19,DMart-Mumbai-1,Mumbai,Personal Care,Toothpaste,2,252,0.18,413.28,50.52,Cash
ORD02856,2023-09-22,9,September,38,DMart-Mumbai-2,Mumbai,Household,Detergent,5,413,0.02,2023.7,251.47,Wallet
ORD02857,2023-01-02,1,January,1,DMart-Thane-3,Thane,Household,Rice,1,458,0.12,403.04,86.07,UPI
ORD02858,2023-05-01,5,May,18,DMart-Thane-2,Thane,Personal Care,Milk,4,123,0.23,378.84,100.9,Wallet
ORD02859,2023-11-13,11,November,46,DMart-Pune-2,Pune,Personal Care,Wheat,5,24,0.25,90.0,22.19,Cash
ORD02860,2023-10-08,10,October,40,DMart-Mumbai-1,Mumbai,Personal Care,Juice,4,152,0.07,565.44,61.14,Card
ORD02861,2023-12-17,12,December,50,DMart-Nashik-2,Nashik,Dairy,Soap,1,242,0.28,174.24,20.8,UPI
ORD02862,2023-08-17,8,August,33,DMart-Thane-1,Thane,Groceries,Sugar,1,287,0.1,258.3,30.61,Card
ORD02863,2023-12-22,12,December,51,DMart-Nashik-1,Nashik,Beverages,Shampoo,2,276,0.24,419.52,90.06,Card
ORD02864,2023-03-18,3,March,11,DMart-Mumbai-1,Mumbai,Dairy,Rice,3,345,0.25,776.25,209.26,Cash
ORD02865,2023-07-05,7,July,27,DMart-Mumbai-1,Mumbai,Beverages,Eggs,2,410,0.08,754.4,137.73,Wallet
ORD02866,2023-06-14,6,June,24,DMart-Nashik-3,Nashik,Household,Water,5,330,0.08,1518.0,237.84,Card
ORD02867,2023-07-27,7,July,30,DMart-Mumbai-3,Mumbai,Personal Care,Juice,1,95,0.03,92.15,10.29,Card
ORD02868,2023-11-26,11,November,47,DMart-Nagpur-3,Nagpur,Dairy,Rice,5,381,0.29,1352.55,160.03,UPI
ORD02869,2023-03-12,3,March,10,DMart-Mumbai-1,Mumbai,Household,Soap,5,248,0.29,880.4,223.1,UPI
ORD02870,2023-07-20,7,July,29,DMart-Nagpur-2,Nagpur,Groceries,Milk,3,291,0.16,733.32,203.46,Card
ORD02871,2023-12-19,12,December,51,DMart-Thane-2,Thane,Dairy,Chips,2,259,0.25,388.5,109.77,UPI
ORD02872,2023-07-30,7,July,30,DMart-Mumbai-1,Mumbai,Dairy,Toothpaste,2,496,0.11,882.88,264.11,Cash
ORD02873,2023-05-31,5,May,22,DMart-Mumbai-3,Mumbai,Dairy,Sugar,1,337,0.24,256.12,54.3,Card
ORD02874,2023-02-24,2,February,8,DMart-Mumbai-3,Mumbai,Groceries,Tissue,4,371,0.3,1038.8,118.31,Card
ORD02875,2023-06-27,6,June,26,DMart-Mumbai-1,Mumbai,Beverages,Rice,4,360,0.03,1396.8,386.46,Wallet
ORD02876,2023-11-05,11,November,44,DMart-Mumbai-1,Mumbai,Dairy,Bread,3,48,0.13,125.28,22.76,Cash
ORD02877,2023-03-07,3,March,10,DMart-Mumbai-2,Mumbai,Dairy,Tissue,2,287,0.14,493.64,57.92,UPI
ORD02878,2023-04-13,4,April,15,DMart-Mumbai-3,Mumbai,Household,Milk,4,396,0.02,1552.32,264.16,Cash
ORD02879,2023-12-02,12,December,48,DMart-Nagpur-1,Nagpur,Household,Shampoo,3,386,0.0,1158.0,231.08,Wallet
ORD02880,2023-06-16,6,June,24,DMart-Nashik-3,Nashik,Beverages,Soap,4,179,0.23,551.32,60.2,Card
ORD02881,2023-12-02,12,December,48,DMart-Pune-2,Pune,Dairy,Bread,4,245,0.07,911.4,246.47,Wallet
ORD02882,2023-01-13,1,January,2,DMart-Nagpur-2,Nagpur,Household,Oil,3,65,0.07,181.35,18.38,UPI
ORD02883,2023-06-08,6,June,23,DMart-Nagpur-1,Nagpur,Dairy,Coffee,2,152,0.11,270.56,57.27,Cash
ORD02884,2023-09-09,9,September,36,DMart-Mumbai-2,Mumbai,Household,Juice,2,106,0.3,148.4,24.27,UPI
ORD02885,2023-08-23,8,August,34,DMart-Nagpur-1,Nagpur,Personal Care,Bread,1,251,0.16,210.84,37.61,Wallet
ORD02886,2023-06-29,6,June,26,DMart-Nashik-3,Nashik,Dairy,Water,2,458,0.08,842.72,250.05,Wallet
ORD02887,2023-07-29,7,July,30,DMart-Nagpur-2,Nagpur,Personal Care,Tissue,3,281,0.25,632.25,142.07,Wallet
ORD02888,2023-02-11,2,February,6,DMart-Nagpur-1,Nagpur,Household,Bread,2,50,0.11,89.0,9.17,Cash
ORD02889,2023-09-19,9,September,38,DMart-Mumbai-3,Mumbai,Household,Toothpaste,4,309,0.09,1124.76,331.48,UPI
ORD02890,2023-06-10,6,June,23,DMart-Nashik-3,Nashik,Dairy,Shampoo,1,177,0.09,161.07,39.5,Wallet
ORD02891,2023-10-08,10,October,40,DMart-Nagpur-1,Nagpur,Groceries,Milk,1,97,0.1,87.3,22.53,Card
ORD02892,2023-11-06,11,November,45,DMart-Mumbai-1,Mumbai,Dairy,Biscuits,3,202,0.18,496.92,127.77,Wallet
ORD02893,2023-12-04,12,December,49,DMart-Thane-2,Thane,Beverages,Shampoo,1,349,0.24,265.24,33.09,Wallet
ORD02894,2023-04-11,4,April,15,DMart-Mumbai-1,Mumbai,Household,Tissue,5,61,0.04,292.8,56.43,Wallet
ORD02895,2023-04-30,4,April,17,DMart-Nashik-2,Nashik,Dairy,Toothpaste,5,192,0.25,720.0,113.4,UPI
ORD02896,2023-02-03,2,February,5,DMart-Mumbai-1,Mumbai,Household,Detergent,5,161,0.25,603.75,111.06,Wallet
ORD02897,2023-07-27,7,July,30,DMart-Mumbai-1,Mumbai,Groceries,Shampoo,1,197,0.26,145.78,17.52,UPI
ORD02898,2023-02-16,2,February,7,DMart-Mumbai-2,Mumbai,Beverages,Bread,2,179,0.21,282.82,70.69,UPI
ORD02899,2023-05-07,5,May,18,DMart-Thane-3,Thane,Groceries,Rice,4,382,0.01,1512.72,245.35,Wallet
ORD02900,2023-01-03,1,January,1,DMart-Nashik-2,Nashik,Personal Care,Soap,1,92,0.22,71.76,17.65,Wallet
ORD02901,2023-01-28,1,January,4,DMart-Thane-1,Thane,Dairy,Wheat,1,103,0.22,80.34,11.27,Wallet
ORD02902,2023-10-09,10,October,41,DMart-Pune-1,Pune,Groceries,Wheat,3,65,0.01,193.05,55.54,Card
ORD02903,2023-09-01,9,September,35,DMart-Nashik-2,Nashik,Dairy,Oil,4,74,0.23,227.92,27.3,Wallet
ORD02904,2023-11-30,11,November,48,DMart-Nagpur-1,Nagpur,Personal Care,Tissue,1,43,0.28,30.96,7.0,UPI
ORD02905,2023-07-01,7,July,26,DMart-Nashik-2,Nashik,Household,Wheat,1,152,0.18,124.64,28.62,Wallet
ORD02906,2023-09-26,9,September,39,DMart-Pune-1,Pune,Beverages,Chips,1,491,0.2,392.8,48.74,Wallet
ORD02907,2023-06-24,6,June,25,DMart-Nagpur-2,Nagpur,Beverages,Soap,2,291,0.22,453.96,56.23,UPI
ORD02908,2023-10-13,10,October,41,DMart-Nagpur-2,Nagpur,Personal Care,Detergent,1,287,0.15,243.95,31.11,Cash
ORD02909,2023-04-27,4,April,17,DMart-Thane-3,Thane,Groceries,Tea,1,232,0.13,201.84,21.29,Cash
ORD02910,2023-11-12,11,November,45,DMart-Nashik-1,Nashik,Dairy,Coffee,2,86,0.21,135.88,29.78,Wallet
ORD02911,2023-05-09,5,May,19,DMart-Pune-3,Pune,Personal Care,Coffee,1,416,0.17,345.28,48.2,UPI
ORD02912,2023-01-21,1,January,3,DMart-Mumbai-3,Mumbai,Personal Care,Tea,1,306,0.28,220.32,61.82,Card
ORD02913,2023-10-08,10,October,40,DMart-Nagpur-3,Nagpur,Household,Rice,3,207,0.14,534.06,146.03,Cash
ORD02914,2023-01-08,1,January,1,DMart-Mumbai-3,Mumbai,Beverages,Bread,3,362,0.06,1020.84,265.09,UPI
ORD02915,2023-07-22,7,July,29,DMart-Nashik-1,Nashik,Dairy,Bread,1,442,0.12,388.96,84.41,Wallet
ORD02916,2023-11-05,11,November,44,DMart-Nagpur-2,Nagpur,Household,Water,4,200,0.08,736.0,132.25,Cash
ORD02917,2023-07-19,7,July,29,DMart-Pune-1,Pune,Beverages,Tea,4,53,0.19,171.72,40.87,Card
ORD02918,2023-12-23,12,December,51,DMart-Nagpur-1,Nagpur,Groceries,Milk,1,184,0.23,141.68,17.44,Card
ORD02919,2023-03-16,3,March,11,DMart-Pune-1,Pune,Groceries,Water,4,22,0.29,62.48,6.37,Card
ORD02920,2023-01-24,1,January,4,DMart-Thane-3,Thane,Beverages,Detergent,2,477,0.09,868.14,234.14,Cash
ORD02921,2023-11-14,11,November,46,DMart-Pune-2,Pune,Dairy,Tissue,2,315,0.09,573.3,119.46,Cash
ORD02922,2023-04-23,4,April,16,DMart-Nashik-1,Nashik,Groceries,Rice,1,174,0.23,133.98,24.79,Cash
ORD02923,2023-01-08,1,January,1,DMart-Mumbai-2,Mumbai,Dairy,Chips,2,43,0.03,83.42,14.49,Wallet
ORD02924,2023-09-01,9,September,35,DMart-Pune-1,Pune,Household,Biscuits,3,218,0.12,575.52,139.61,UPI
ORD02925,2023-12-08,12,December,49,DMart-Pune-3,Pune,Dairy,Chips,5,178,0.02,872.2,103.53,Cash
ORD02926,2023-03-02,3,March,9,DMart-Nagpur-2,Nagpur,Personal Care,Shampoo,3,235,0.24,535.8,160.06,Wallet
ORD02927,2023-03-04,3,March,9,DMart-Nashik-1,Nashik,Personal Care,Chips,5,146,0.1,657.0,107.87,Cash
ORD02928,2023-03-12,3,March,10,DMart-Nashik-1,Nashik,Groceries,Tissue,4,483,0.29,1371.72,272.34,Cash
ORD02929,2023-03-10,3,March,10,DMart-Pune-3,Pune,Household,Soap,5,210,0.15,892.5,179.69,Card
ORD02930,2023-05-13,5,May,19,DMart-Thane-1,Thane,Personal Care,Milk,1,457,0.24,347.32,81.37,Wallet
ORD02931,2023-03-24,3,March,12,DMart-Nagpur-1,Nagpur,Personal Care,Soap,2,29,0.09,52.78,13.58,Card
ORD02932,2023-05-24,5,May,21,DMart-Nagpur-2,Nagpur,Personal Care,Juice,2,259,0.01,512.82,88.01,Cash
ORD02933,2023-01-14,1,January,2,DMart-Nagpur-1,Nagpur,Dairy,Tea,5,51,0.14,219.3,27.3,Card
ORD02934,2023-11-30,11,November,48,DMart-Mumbai-1,Mumbai,Household,Coffee,2,348,0.15,591.6,137.79,UPI
ORD02935,2023-02-20,2,February,8,DMart-Mumbai-3,Mumbai,Beverages,Coffee,2,177,0.16,297.36,30.68,Wallet
ORD02936,2023-06-01,6,June,22,DMart-Mumbai-3,Mumbai,Beverages,Sugar,3,277,0.22,648.18,124.32,Wallet
ORD02937,2023-01-26,1,January,4,DMart-Nagpur-1,Nagpur,Household,Bread,3,108,0.08,298.08,75.75,Wallet
ORD02938,2023-03-17,3,March,11,DMart-Mumbai-1,Mumbai,Dairy,Tea,5,304,0.26,1124.8,180.03,Wallet
ORD02939,2023-08-02,8,August,31,DMart-Nagpur-1,Nagpur,Beverages,Juice,1,89,0.14,76.54,17.65,UPI
ORD02940,2023-03-15,3,March,11,DMart-Thane-3,Thane,Groceries,Coffee,2,460,0.3,644.0,107.97,Wallet
ORD02941,2023-09-01,9,September,35,DMart-Nagpur-3,Nagpur,Dairy,Juice,5,203,0.04,974.4,139.9,Wallet
ORD02942,2023-09-16,9,September,37,DMart-Mumbai-1,Mumbai,Household,Coffee,4,46,0.28,132.48,31.05,Card
ORD02943,2023-09-22,9,September,38,DMart-Pune-3,Pune,Personal Care,Detergent,2,322,0.05,611.8,68.22,Card
ORD02944,2023-05-01,5,May,18,DMart-Nashik-2,Nashik,Groceries,Shampoo,1,197,0.21,155.63,31.9,UPI
ORD02945,2023-08-31,8,August,35,DMart-Thane-1,Thane,Household,Eggs,1,234,0.3,163.8,46.02,Wallet
ORD02946,2023-08-08,8,August,32,DMart-Pune-3,Pune,Groceries,Shampoo,2,180,0.21,284.4,65.77,Wallet
ORD02947,2023-08-19,8,August,33,DMart-Thane-3,Thane,Personal Care,Wheat,5,276,0.28,993.6,191.44,Card
ORD02948,2023-06-26,6,June,26,DMart-Mumbai-1,Mumbai,Dairy,Shampoo,1,243,0.18,199.26,48.0,UPI
ORD02949,2023-09-27,9,September,39,DMart-Nagpur-1,Nagpur,Dairy,Shampoo,2,452,0.15,768.4,109.12,UPI
ORD02950,2023-08-22,8,August,34,DMart-Mumbai-3,Mumbai,Dairy,Eggs,2,50,0.05,95.0,27.43,Wallet
ORD02951,2023-02-22,2,February,8,DMart-Nashik-3,Nashik,Groceries,Oil,4,447,0.26,1323.12,230.49,Wallet
ORD02952,2023-08-07,8,August,32,DMart-Pune-2,Pune,Personal Care,Oil,4,74,0.05,281.2,31.34,UPI
ORD02953,2023-11-12,11,November,45,DMart-Nagpur-1,Nagpur,Beverages,Tissue,3,78,0.08,215.28,57.57,UPI
ORD02954,2023-01-17,1,January,3,DMart-Pune-1,Pune,Dairy,Biscuits,4,73,0.3,204.4,44.09,UPI
ORD02955,2023-04-06,4,April,14,DMart-Nashik-1,Nashik,Dairy,Rice,4,402,0.3,1125.6,334.07,Cash
ORD02956,2023-02-18,2,February,7,DMart-Mumbai-2,Mumbai,Dairy,Shampoo,4,367,0.08,1350.56,268.88,Cash
ORD02957,2023-08-05,8,August,31,DMart-Nashik-3,Nashik,Groceries,Tissue,1,464,0.14,399.04,76.98,Cash
ORD02958,2023-04-21,4,April,16,DMart-Mumbai-1,Mumbai,Personal Care,Sugar,2,493,0.14,847.96,235.24,Card
ORD02959,2023-12-17,12,December,50,DMart-Nagpur-1,Nagpur,Groceries,Rice,5,169,0.06,794.3,112.58,Wallet
ORD02960,2023-04-04,4,April,14,DMart-Nashik-2,Nashik,Beverages,Shampoo,5,212,0.07,985.8,266.72,Wallet
ORD02961,2023-03-23,3,March,12,DMart-Nagpur-3,Nagpur,Personal Care,Shampoo,2,241,0.29,342.22,72.22,UPI
ORD02962,2023-10-16,10,October,42,DMart-Nashik-3,Nashik,Personal Care,Wheat,3,407,0.08,1123.32,126.01,Card
ORD02963,2023-11-12,11,November,45,DMart-Pune-1,Pune,Beverages,Tissue,5,75,0.07,348.75,86.36,UPI
ORD02964,2023-08-25,8,August,34,DMart-Nashik-3,Nashik,Personal Care,Bread,5,112,0.27,408.8,47.99,Cash
ORD02965,2023-07-18,7,July,29,DMart-Thane-1,Thane,Beverages,Soap,1,353,0.09,321.23,94.76,Wallet
ORD02966,2023-01-31,1,January,5,DMart-Pune-3,Pune,Personal Care,Milk,4,387,0.14,1331.28,238.33,UPI
ORD02967,2023-08-21,8,August,34,DMart-Thane-1,Thane,Household,Bread,3,349,0.11,931.83,275.31,Wallet
ORD02968,2023-05-16,5,May,20,DMart-Nagpur-1,Nagpur,Groceries,Biscuits,1,251,0.16,210.84,57.31,Card
ORD02969,2023-01-02,1,January,1,DMart-Mumbai-3,Mumbai,Personal Care,Juice,4,206,0.27,601.52,164.94,Cash
ORD02970,2023-10-07,10,October,40,DMart-Mumbai-3,Mumbai,Groceries,Rice,2,309,0.19,500.58,54.71,Cash
ORD02971,2023-07-10,7,July,28,DMart-Thane-1,Thane,Dairy,Toothpaste,1,337,0.08,310.04,47.07,Cash
ORD02972,2023-10-27,10,October,43,DMart-Pune-1,Pune,Dairy,Soap,2,480,0.11,854.4,248.99,UPI
ORD02973,2023-03-30,3,March,13,DMart-Nashik-1,Nashik,Dairy,Rice,3,145,0.02,426.3,46.1,Card
ORD02974,2023-11-30,11,November,48,DMart-Thane-3,Thane,Beverages,Chips,1,456,0.03,442.32,98.92,UPI
ORD02975,2023-06-22,6,June,25,DMart-Thane-1,Thane,Beverages,Toothpaste,1,427,0.07,397.11,107.64,Card
ORD02976,2023-12-22,12,December,51,DMart-Pune-2,Pune,Household,Eggs,2,119,0.06,223.72,61.53,UPI
ORD02977,2023-07-21,7,July,29,DMart-Mumbai-1,Mumbai,Household,Bread,2,238,0.0,476.0,124.89,Card
ORD02978,2023-10-16,10,October,42,DMart-Pune-2,Pune,Dairy,Tissue,2,82,0.26,121.36,35.58,Card
ORD02979,2023-02-16,2,February,7,DMart-Thane-1,Thane,Household,Bread,4,49,0.24,148.96,24.83,Wallet
ORD02980,2023-06-10,6,June,23,DMart-Nagpur-1,Nagpur,Groceries,Milk,2,80,0.07,148.8,43.66,UPI
ORD02981,2023-02-08,2,February,6,DMart-Mumbai-2,Mumbai,Personal Care,Coffee,5,178,0.11,792.1,123.23,Cash
ORD02982,2023-07-16,7,July,28,DMart-Pune-1,Pune,Household,Bread,3,416,0.2,998.4,118.39,Wallet
ORD02983,2023-06-25,6,June,25,DMart-Thane-3,Thane,Household,Oil,2,87,0.12,153.12,28.98,UPI
ORD02984,2023-02-21,2,February,8,DMart-Nashik-2,Nashik,Beverages,Coffee,4,138,0.04,529.92,153.06,Card
ORD02985,2023-08-31,8,August,35,DMart-Pune-2,Pune,Dairy,Chips,5,361,0.2,1444.0,409.46,Wallet
ORD02986,2023-02-22,2,February,8,DMart-Nashik-1,Nashik,Groceries,Milk,5,475,0.13,2066.25,256.41,UPI
ORD02987,2023-01-14,1,January,2,DMart-Nagpur-3,Nagpur,Household,Rice,2,323,0.21,510.34,126.75,Card
ORD02988,2023-06-11,6,June,23,DMart-Mumbai-2,Mumbai,Beverages,Milk,2,51,0.05,96.9,23.36,Card
ORD02989,2023-12-20,12,December,51,DMart-Pune-1,Pune,Beverages,Soap,1,201,0.1,180.9,21.49,UPI
ORD02990,2023-02-21,2,February,8,DMart-Nagpur-2,Nagpur,Beverages,Oil,1,141,0.16,118.44,32.01,Wallet
ORD02991,2023-11-23,11,November,47,DMart-Thane-3,Thane,Beverages,Milk,5,258,0.04,1238.4,216.56,Card
ORD02992,2023-03-09,3,March,10,DMart-Pune-2,Pune,Groceries,Milk,5,276,0.07,1283.4,310.12,Card
ORD02993,2023-12-25,12,December,52,DMart-Mumbai-1,Mumbai,Groceries,Tissue,2,322,0.23,495.88,141.59,Card
ORD02994,2023-10-05,10,October,40,DMart-Nashik-2,Nashik,Personal Care,Coffee,4,41,0.15,139.4,31.62,UPI
ORD02995,2023-04-17,4,April,16,DMart-Mumbai-2,Mumbai,Dairy,Soap,5,321,0.17,1332.15,247.78,Card
ORD02996,2023-11-13,11,November,46,DMart-Pune-2,Pune,Dairy,Wheat,4,194,0.22,605.28,126.25,Wallet
ORD02997,2023-05-21,5,May,20,DMart-Thane-3,Thane,Household,Wheat,5,190,0.25,712.5,183.03,UPI
ORD02998,2023-10-05,10,October,40,DMart-Mumbai-3,Mumbai,Beverages,Bread,4,378,0.22,1179.36,305.16,Wallet
ORD02999,2023-03-30,3,March,13,DMart-Thane-1,Thane,Household,Rice,4,156,0.15,530.4,66.33,UPI
ORD03000,2023-07-05,7,July,27,DMart-Nashik-1,Nashik,Dairy,Toothpaste,3,461,0.23,1064.91,185.98,Wallet
ORD03001,2023-03-28,3,March,13,DMart-Nashik-1,Nashik,Dairy,Tissue,2,108,0.27,157.68,26.82,Cash
ORD03002,2023-10-01,10,October,39,DMart-Pune-2,Pune,Beverages,Bread,4,393,0.05,1493.4,375.42,Wallet
ORD03003,2023-03-30,3,March,13,DMart-Mumbai-3,Mumbai,Personal Care,Tissue,5,116,0.24,440.8,66.29,Cash
ORD03004,2023-02-16,2,February,7,DMart-Thane-1,Thane,Dairy,Bread,3,145,0.02,426.3,67.14,UPI
ORD03005,2023-11-01,11,November,44,DMart-Thane-3,Thane,Groceries,Rice,4,330,0.12,1161.6,155.71,Wallet
ORD03006,2023-01-21,1,January,3,DMart-Nashik-3,Nashik,Personal Care,Milk,1,224,0.08,206.08,58.47,Card
ORD03007,2023-01-27,1,January,4,DMart-Pune-2,Pune,Personal Care,Biscuits,2,119,0.02,233.24,45.59,Cash
ORD03008,2023-01-10,1,January,2,DMart-Thane-1,Thane,Household,Soap,1,58,0.23,44.66,11.26,UPI
ORD03009,2023-05-06,5,May,18,DMart-Pune-2,Pune,Dairy,Biscuits,5,295,0.05,1401.25,177.81,Wallet
ORD03010,2023-02-17,2,February,7,DMart-Mumbai-1,Mumbai,Household,Sugar,4,133,0.27,388.36,39.29,Wallet
ORD03011,2023-01-11,1,January,2,DMart-Nagpur-1,Nagpur,Dairy,Detergent,4,256,0.21,808.96,86.93,Card
ORD03012,2023-07-24,7,July,30,DMart-Nashik-2,Nashik,Personal Care,Oil,1,445,0.15,378.25,111.63,UPI
ORD03013,2023-07-20,7,July,29,DMart-Mumbai-1,Mumbai,Dairy,Toothpaste,5,382,0.22,1489.8,428.88,Cash
ORD03014,2023-10-21,10,October,42,DMart-Mumbai-2,Mumbai,Dairy,Chips,2,257,0.06,483.16,74.54,Wallet
ORD03015,2023-08-06,8,August,31,DMart-Nashik-3,Nashik,Dairy,Milk,1,364,0.06,342.16,101.49,UPI
ORD03016,2023-07-30,7,July,30,DMart-Mumbai-2,Mumbai,Groceries,Oil,5,349,0.08,1605.4,251.44,Wallet
ORD03017,2023-06-03,6,June,22,DMart-Nashik-3,Nashik,Dairy,Milk,1,386,0.12,339.68,57.68,Card
ORD03018,2023-03-01,3,March,9,DMart-Nagpur-1,Nagpur,Personal Care,Eggs,4,111,0.15,377.4,87.44,Card
ORD03019,2023-09-02,9,September,35,DMart-Pune-2,Pune,Groceries,Juice,2,236,0.25,354.0,53.17,UPI
ORD03020,2023-11-16,11,November,46,DMart-Pune-3,Pune,Beverages,Wheat,4,470,0.25,1410.0,160.59,Card
ORD03021,2023-02-21,2,February,8,DMart-Nagpur-2,Nagpur,Household,Detergent,1,245,0.02,240.1,64.15,UPI
ORD03022,2023-03-30,3,March,13,DMart-Nagpur-2,Nagpur,Dairy,Toothpaste,2,41,0.09,74.62,15.82,Card
ORD03023,2023-05-17,5,May,20,DMart-Pune-3,Pune,Groceries,Shampoo,4,413,0.05,1569.4,225.69,Wallet
ORD03024,2023-06-21,6,June,25,DMart-Thane-1,Thane,Household,Eggs,4,441,0.18,1446.48,218.57,Cash
ORD03025,2023-03-26,3,March,12,DMart-Nagpur-1,Nagpur,Beverages,Biscuits,5,415,0.11,1846.75,459.97,UPI
ORD03026,2023-08-03,8,August,31,DMart-Pune-1,Pune,Household,Tissue,3,41,0.22,95.94,18.57,Wallet
ORD03027,2023-12-28,12,December,52,DMart-Pune-3,Pune,Groceries,Shampoo,1,354,0.3,247.8,24.94,UPI
ORD03028,2023-09-14,9,September,37,DMart-Thane-3,Thane,Beverages,Chips,3,266,0.05,758.1,89.66,Card
ORD03029,2023-05-01,5,May,18,DMart-Thane-1,Thane,Household,Chips,1,328,0.26,242.72,63.01,UPI
ORD03030,2023-09-02,9,September,35,DMart-Nashik-2,Nashik,Groceries,Tissue,4,154,0.01,609.84,98.15,Wallet
ORD03031,2023-02-18,2,February,7,DMart-Pune-2,Pune,Dairy,Toothpaste,5,253,0.3,885.5,249.1,Card
ORD03032,2023-04-19,4,April,16,DMart-Nagpur-2,Nagpur,Groceries,Tea,4,222,0.02,870.24,181.4,Card
ORD03033,2023-08-01,8,August,31,DMart-Nagpur-1,Nagpur,Personal Care,Shampoo,4,454,0.04,1743.36,411.24,UPI
ORD03034,2023-07-26,7,July,30,DMart-Nagpur-3,Nagpur,Groceries,Tissue,3,208,0.28,449.28,107.29,Card
ORD03035,2023-09-22,9,September,38,DMart-Mumbai-3,Mumbai,Groceries,Wheat,4,96,0.15,326.4,92.99,Cash
ORD03036,2023-01-06,1,January,1,DMart-Nashik-2,Nashik,Beverages,Detergent,1,191,0.22,148.98,28.44,Wallet
ORD03037,2023-01-11,1,January,2,DMart-Mumbai-1,Mumbai,Dairy,Toothpaste,4,206,0.24,626.24,173.13,Card
ORD03038,2023-01-19,1,January,3,DMart-Nagpur-3,Nagpur,Dairy,Soap,3,247,0.29,526.11,97.31,UPI
ORD03039,2023-04-19,4,April,16,DMart-Nashik-2,Nashik,Personal Care,Rice,4,267,0.21,843.72,119.98,Wallet
ORD03040,2023-08-30,8,August,35,DMart-Nagpur-1,Nagpur,Household,Oil,2,497,0.05,944.3,233.22,Wallet
ORD03041,2023-09-01,9,September,35,DMart-Nagpur-3,Nagpur,Groceries,Shampoo,1,334,0.24,253.84,51.37,Wallet
ORD03042,2023-06-18,6,June,24,DMart-Nashik-2,Nashik,Household,Eggs,3,409,0.21,969.33,212.83,Cash
ORD03043,2023-07-18,7,July,29,DMart-Nashik-2,Nashik,Dairy,Coffee,4,313,0.06,1176.88,189.4,UPI
ORD03044,2023-12-23,12,December,51,DMart-Nagpur-1,Nagpur,Household,Detergent,5,464,0.24,1763.2,346.14,Cash
ORD03045,2023-06-11,6,June,23,DMart-Nashik-2,Nashik,Groceries,Chips,3,452,0.18,1111.92,141.89,Cash
ORD03046,2023-12-22,12,December,51,DMart-Nashik-1,Nashik,Groceries,Tea,5,154,0.13,669.9,169.48,Cash
ORD03047,2023-10-07,10,October,40,DMart-Nashik-2,Nashik,Personal Care,Water,4,35,0.12,123.2,17.39,Cash
ORD03048,2023-02-05,2,February,5,DMart-Nashik-1,Nashik,Dairy,Water,1,315,0.15,267.75,37.04,UPI
ORD03049,2023-09-18,9,September,38,DMart-Mumbai-2,Mumbai,Household,Sugar,5,437,0.29,1551.35,204.7,UPI
ORD03050,2023-08-03,8,August,31,DMart-Thane-3,Thane,Dairy,Chips,2,415,0.14,713.8,84.29,Cash
ORD03051,2023-10-01,10,October,39,DMart-Pune-2,Pune,Beverages,Juice,3,332,0.05,946.2,171.3,UPI
ORD03052,2023-01-16,1,January,3,DMart-Nashik-1,Nashik,Household,Eggs,2,294,0.28,423.36,49.71,UPI
ORD03053,2023-06-17,6,June,24,DMart-Nashik-1,Nashik,Household,Toothpaste,1,374,0.03,362.78,56.76,Wallet
ORD03054,2023-08-19,8,August,33,DMart-Nashik-2,Nashik,Personal Care,Rice,2,326,0.02,638.96,142.73,Wallet
ORD03055,2023-04-08,4,April,14,DMart-Pune-2,Pune,Beverages,Rice,5,152,0.16,638.4,84.58,UPI
ORD03056,2023-10-15,10,October,41,DMart-Mumbai-3,Mumbai,Beverages,Detergent,2,357,0.25,535.5,59.37,Cash
ORD03057,2023-08-27,8,August,34,DMart-Mumbai-1,Mumbai,Groceries,Tissue,4,232,0.16,779.52,212.03,Wallet
ORD03058,2023-11-21,11,November,47,DMart-Nashik-3,Nashik,Beverages,Water,2,359,0.21,567.22,69.64,Cash
ORD03059,2023-02-22,2,February,8,DMart-Mumbai-3,Mumbai,Beverages,Water,5,471,0.29,1672.05,408.89,Cash
ORD03060,2023-06-18,6,June,24,DMart-Nashik-3,Nashik,Dairy,Rice,1,249,0.03,241.53,47.14,UPI
ORD03061,2023-07-31,7,July,31,DMart-Thane-2,Thane,Groceries,Toothpaste,1,248,0.06,233.12,24.76,Cash
ORD03062,2023-09-23,9,September,38,DMart-Thane-1,Thane,Personal Care,Sugar,4,101,0.04,387.84,79.79,Wallet
ORD03063,2023-10-09,10,October,41,DMart-Nashik-1,Nashik,Beverages,Bread,3,446,0.26,990.12,203.29,Cash
ORD03064,2023-12-05,12,December,49,DMart-Pune-3,Pune,Personal Care,Rice,5,95,0.16,399.0,92.55,UPI
ORD03065,2023-11-25,11,November,47,DMart-Nagpur-1,Nagpur,Beverages,Tea,1,65,0.13,56.55,11.76,Cash
ORD03066,2023-11-04,11,November,44,DMart-Mumbai-1,Mumbai,Groceries,Water,4,107,0.12,376.64,67.19,Cash
ORD03067,2023-09-29,9,September,39,DMart-Thane-2,Thane,Groceries,Milk,5,142,0.03,688.7,131.72,UPI
ORD03068,2023-08-04,8,August,31,DMart-Thane-1,Thane,Beverages,Eggs,3,163,0.06,459.66,75.94,Wallet
ORD03069,2023-11-19,11,November,46,DMart-Nagpur-2,Nagpur,Beverages,Bread,5,191,0.21,754.45,199.37,Cash
ORD03070,2023-02-11,2,February,6,DMart-Thane-2,Thane,Groceries,Bread,3,396,0.25,891.0,207.05,UPI
ORD03071,2023-06-02,6,June,22,DMart-Mumbai-2,Mumbai,Beverages,Bread,4,130,0.19,421.2,43.68,UPI
ORD03072,2023-04-25,4,April,17,DMart-Pune-2,Pune,Beverages,Tea,1,147,0.05,139.65,29.36,Wallet
ORD03073,2023-07-27,7,July,30,DMart-Mumbai-1,Mumbai,Dairy,Wheat,4,332,0.2,1062.4,267.95,UPI
ORD03074,2023-05-31,5,May,22,DMart-Thane-3,Thane,Personal Care,Soap,2,182,0.27,265.72,67.22,Card
ORD03075,2023-01-22,1,January,3,DMart-Mumbai-2,Mumbai,Beverages,Biscuits,4,133,0.08,489.44,98.01,Wallet
ORD03076,2023-07-08,7,July,27,DMart-Nashik-2,Nashik,Groceries,Shampoo,4,144,0.26,426.24,102.44,UPI
ORD03077,2023-03-02,3,March,9,DMart-Pune-2,Pune,Household,Biscuits,4,251,0.07,933.72,190.06,Wallet
ORD03078,2023-07-30,7,July,30,DMart-Nagpur-1,Nagpur,Dairy,Milk,2,85,0.13,147.9,15.93,Wallet
ORD03079,2023-11-06,11,November,45,DMart-Thane-1,Thane,Personal Care,Detergent,5,165,0.02,808.5,101.77,Card
ORD03080,2023-10-18,10,October,42,DMart-Thane-1,Thane,Dairy,Coffee,1,89,0.3,62.3,9.43,Wallet
ORD03081,2023-04-05,4,April,14,DMart-Nagpur-1,Nagpur,Personal Care,Bread,5,308,0.04,1478.4,151.12,Wallet
ORD03082,2023-02-07,2,February,6,DMart-Pune-3,Pune,Household,Tea,4,318,0.05,1208.4,166.55,Wallet
ORD03083,2023-11-09,11,November,45,DMart-Nagpur-3,Nagpur,Household,Milk,5,488,0.25,1830.0,531.19,UPI
ORD03084,2023-04-21,4,April,16,DMart-Nagpur-3,Nagpur,Household,Chips,4,396,0.27,1156.32,340.54,Wallet
ORD03085,2023-12-30,12,December,52,DMart-Nagpur-1,Nagpur,Personal Care,Coffee,2,332,0.11,590.96,167.4,Cash
ORD03086,2023-06-04,6,June,22,DMart-Nashik-2,Nashik,Dairy,Oil,5,150,0.05,712.5,78.21,Card
ORD03087,2023-11-08,11,November,45,DMart-Pune-1,Pune,Groceries,Soap,2,187,0.19,302.94,62.28,Cash
ORD03088,2023-03-21,3,March,12,DMart-Pune-2,Pune,Personal Care,Milk,1,25,0.0,25.0,6.98,Card
ORD03089,2023-01-26,1,January,4,DMart-Mumbai-2,Mumbai,Personal Care,Tea,5,95,0.23,365.75,91.22,Card
ORD03090,2023-11-30,11,November,48,DMart-Mumbai-2,Mumbai,Groceries,Soap,3,465,0.23,1074.15,308.45,UPI
ORD03091,2023-06-03,6,June,22,DMart-Pune-3,Pune,Groceries,Oil,5,124,0.25,465.0,99.97,UPI
ORD03092,2023-11-22,11,November,47,DMart-Nagpur-1,Nagpur,Personal Care,Tissue,1,87,0.18,71.34,15.88,Card
ORD03093,2023-12-10,12,December,49,DMart-Pune-3,Pune,Beverages,Water,2,101,0.09,183.82,51.79,UPI
ORD03094,2023-01-29,1,January,4,DMart-Thane-1,Thane,Dairy,Detergent,3,139,0.26,308.58,45.18,Wallet
ORD03095,2023-08-07,8,August,32,DMart-Nagpur-3,Nagpur,Household,Juice,1,429,0.19,347.49,100.3,Wallet
ORD03096,2023-03-06,3,March,10,DMart-Nashik-3,Nashik,Groceries,Tissue,3,352,0.12,929.28,192.17,Cash
ORD03097,2023-02-13,2,February,7,DMart-Nagpur-1,Nagpur,Beverages,Coffee,1,145,0.14,124.7,27.83,Cash
ORD03098,2023-09-27,9,September,39,DMart-Thane-2,Thane,Household,Juice,4,190,0.04,729.6,183.52,Card
ORD03099,2023-01-04,1,January,1,DMart-Thane-3,Thane,Dairy,Toothpaste,3,427,0.15,1088.85,164.99,UPI
ORD03100,2023-06-12,6,June,24,DMart-Pune-3,Pune,Groceries,Soap,2,356,0.15,605.2,140.46,Wallet
ORD03101,2023-02-19,2,February,7,DMart-Mumbai-3,Mumbai,Groceries,Rice,4,274,0.15,931.6,129.76,Cash
ORD03102,2023-09-12,9,September,37,DMart-Nashik-1,Nashik,Groceries,Biscuits,4,135,0.02,529.2,133.1,UPI
ORD03103,2023-01-24,1,January,4,DMart-Thane-1,Thane,Beverages,Milk,5,446,0.23,1717.1,458.75,Cash
ORD03104,2023-10-30,10,October,44,DMart-Pune-1,Pune,Household,Eggs,2,267,0.06,501.96,96.34,Card
ORD03105,2023-04-05,4,April,14,DMart-Mumbai-1,Mumbai,Beverages,Toothpaste,4,160,0.09,582.4,122.3,Card
ORD03106,2023-09-10,9,September,36,DMart-Nashik-1,Nashik,Groceries,Juice,5,247,0.13,1074.45,293.54,UPI
ORD03107,2023-06-11,6,June,23,DMart-Nashik-1,Nashik,Groceries,Sugar,4,374,0.13,1301.52,213.8,Cash
ORD03108,2023-08-30,8,August,35,DMart-Pune-1,Pune,Household,Wheat,3,456,0.02,1340.64,263.66,UPI
ORD03109,2023-10-03,10,October,40,DMart-Pune-2,Pune,Groceries,Biscuits,3,157,0.12,414.48,57.41,Cash
ORD03110,2023-11-06,11,November,45,DMart-Pune-3,Pune,Household,Sugar,3,426,0.16,1073.52,107.66,Cash
ORD03111,2023-02-18,2,February,7,DMart-Nagpur-1,Nagpur,Personal Care,Chips,3,153,0.22,358.02,93.14,Card
ORD03112,2023-05-08,5,May,19,DMart-Mumbai-1,Mumbai,Personal Care,Oil,4,44,0.26,130.24,25.34,Card
ORD03113,2023-01-06,1,January,1,DMart-Mumbai-2,Mumbai,Groceries,Soap,3,387,0.1,1044.9,291.06,Card
ORD03114,2023-01-10,1,January,2,DMart-Nashik-1,Nashik,Household,Soap,5,492,0.04,2361.6,320.33,Cash
ORD03115,2023-12-15,12,December,50,DMart-Thane-3,Thane,Household,Eggs,4,215,0.24,653.6,86.32,Cash
ORD03116,2023-05-03,5,May,18,DMart-Pune-2,Pune,Beverages,Detergent,5,488,0.17,2025.2,364.27,Cash
ORD03117,2023-12-04,12,December,49,DMart-Mumbai-3,Mumbai,Household,Tea,1,296,0.04,284.16,50.68,Card
ORD03118,2023-02-16,2,February,7,DMart-Nashik-2,Nashik,Beverages,Water,4,374,0.22,1166.88,256.79,UPI
ORD03119,2023-05-02,5,May,18,DMart-Thane-1,Thane,Personal Care,Chips,2,87,0.01,172.26,49.35,Wallet
ORD03120,2023-06-03,6,June,22,DMart-Nashik-1,Nashik,Groceries,Shampoo,5,277,0.28,997.2,110.37,Wallet
ORD03121,2023-09-07,9,September,36,DMart-Mumbai-1,Mumbai,Household,Wheat,5,388,0.17,1610.2,316.55,UPI
ORD03122,2023-01-22,1,January,3,DMart-Thane-3,Thane,Household,Oil,5,378,0.02,1852.2,385.57,Card
ORD03123,2023-04-24,4,April,17,DMart-Mumbai-2,Mumbai,Groceries,Sugar,2,122,0.25,183.0,32.57,Cash
ORD03124,2023-06-21,6,June,25,DMart-Mumbai-3,Mumbai,Beverages,Tissue,3,303,0.17,754.47,82.55,Wallet
ORD03125,2023-05-04,5,May,18,DMart-Pune-2,Pune,Groceries,Bread,5,77,0.2,308.0,55.64,Wallet
ORD03126,2023-12-17,12,December,50,DMart-Nagpur-2,Nagpur,Dairy,Bread,3,29,0.07,80.91,17.81,Cash
ORD03127,2023-09-01,9,September,35,DMart-Thane-3,Thane,Beverages,Coffee,3,206,0.09,562.38,110.25,Cash
ORD03128,2023-09-30,9,September,39,DMart-Nagpur-1,Nagpur,Dairy,Milk,4,60,0.24,182.4,20.56,Cash
ORD03129,2023-11-13,11,November,46,DMart-Nagpur-2,Nagpur,Dairy,Chips,3,315,0.13,822.15,226.32,Wallet
ORD03130,2023-07-28,7,July,30,DMart-Thane-1,Thane,Personal Care,Milk,2,112,0.1,201.6,48.51,Wallet
ORD03131,2023-01-02,1,January,1,DMart-Thane-3,Thane,Dairy,Biscuits,2,26,0.23,40.04,7.08,Card
ORD03132,2023-01-09,1,January,2,DMart-Pune-1,Pune,Beverages,Milk,5,268,0.29,951.4,180.47,Wallet
ORD03133,2023-09-22,9,September,38,DMart-Nagpur-1,Nagpur,Groceries,Water,1,189,0.12,166.32,24.5,Wallet
ORD03134,2023-05-03,5,May,18,DMart-Nashik-3,Nashik,Groceries,Juice,1,209,0.04,200.64,49.39,Cash
ORD03135,2023-11-28,11,November,48,DMart-Mumbai-2,Mumbai,Beverages,Juice,1,448,0.19,362.88,75.84,Cash
ORD03136,2023-04-21,4,April,16,DMart-Pune-1,Pune,Household,Wheat,2,80,0.01,158.4,41.36,Cash
ORD03137,2023-03-15,3,March,11,DMart-Thane-3,Thane,Dairy,Biscuits,5,31,0.08,142.6,23.93,UPI
ORD03138,2023-08-24,8,August,34,DMart-Mumbai-2,Mumbai,Household,Biscuits,5,259,0.11,1152.55,168.56,UPI
ORD03139,2023-07-20,7,July,29,DMart-Nashik-2,Nashik,Groceries,Wheat,5,339,0.13,1474.65,160.15,Wallet
ORD03140,2023-06-28,6,June,26,DMart-Thane-2,Thane,Beverages,Coffee,3,358,0.08,988.08,259.14,UPI
ORD03141,2023-01-23,1,January,4,DMart-Thane-3,Thane,Beverages,Chips,5,402,0.3,1407.0,310.94,Card
ORD03142,2023-06-18,6,June,24,DMart-Nagpur-3,Nagpur,Household,Soap,1,66,0.17,54.78,5.66,Cash
ORD03143,2023-10-08,10,October,40,DMart-Nashik-3,Nashik,Beverages,Water,3,342,0.16,861.84,122.62,Card
ORD03144,2023-06-19,6,June,25,DMart-Pune-3,Pune,Personal Care,Water,2,100,0.19,162.0,41.93,UPI
ORD03145,2023-03-05,3,March,9,DMart-Nagpur-1,Nagpur,Household,Coffee,1,273,0.1,245.7,58.94,Cash
ORD03146,2023-05-01,5,May,18,DMart-Nagpur-3,Nagpur,Groceries,Juice,4,435,0.26,1287.6,164.69,Wallet
ORD03147,2023-01-16,1,January,3,DMart-Nashik-1,Nashik,Groceries,Tea,4,171,0.27,499.32,113.88,Wallet
ORD03148,2023-07-27,7,July,30,DMart-Pune-3,Pune,Dairy,Rice,3,120,0.25,270.0,80.69,Card
ORD03149,2023-01-14,1,January,2,DMart-Thane-2,Thane,Beverages,Sugar,1,121,0.02,118.58,22.32,Cash
ORD03150,2023-08-05,8,August,31,DMart-Nagpur-2,Nagpur,Groceries,Coffee,4,181,0.01,716.76,121.4,Cash
ORD03151,2023-07-11,7,July,28,DMart-Thane-1,Thane,Dairy,Milk,3,150,0.02,441.0,62.55,Card
ORD03152,2023-06-07,6,June,23,DMart-Pune-2,Pune,Household,Tea,1,155,0.22,120.9,21.17,Card
ORD03153,2023-04-20,4,April,16,DMart-Thane-3,Thane,Beverages,Oil,4,375,0.18,1230.0,136.39,Wallet
ORD03154,2023-03-05,3,March,9,DMart-Thane-3,Thane,Household,Sugar,5,346,0.17,1435.9,257.85,Card
ORD03155,2023-07-27,7,July,30,DMart-Pune-1,Pune,Personal Care,Eggs,4,189,0.28,544.32,67.83,UPI
ORD03156,2023-06-15,6,June,24,DMart-Mumbai-1,Mumbai,Beverages,Coffee,5,341,0.14,1466.3,262.76,Card
ORD03157,2023-12-18,12,December,51,DMart-Thane-3,Thane,Groceries,Tea,2,415,0.07,771.9,230.62,Wallet
ORD03158,2023-08-31,8,August,35,DMart-Thane-2,Thane,Household,Sugar,2,155,0.27,226.3,22.9,Cash
ORD03159,2023-10-16,10,October,42,DMart-Pune-1,Pune,Dairy,Bread,5,33,0.11,146.85,27.39,UPI
ORD03160,2023-04-08,4,April,14,DMart-Mumbai-3,Mumbai,Household,Milk,4,377,0.06,1417.52,364.62,UPI
ORD03161,2023-10-17,10,October,42,DMart-Nashik-3,Nashik,Beverages,Water,1,152,0.05,144.4,39.52,UPI
ORD03162,2023-06-14,6,June,24,DMart-Nagpur-2,Nagpur,Dairy,Soap,4,437,0.29,1241.08,323.65,Wallet
ORD03163,2023-11-13,11,November,46,DMart-Thane-1,Thane,Beverages,Bread,4,104,0.15,353.6,100.31,UPI
ORD03164,2023-04-25,4,April,17,DMart-Thane-2,Thane,Beverages,Tissue,2,353,0.01,698.94,89.0,UPI
ORD03165,2023-01-12,1,January,2,DMart-Pune-1,Pune,Beverages,Oil,1,372,0.02,364.56,67.32,UPI
ORD03166,2023-03-31,3,March,13,DMart-Nagpur-2,Nagpur,Beverages,Detergent,2,170,0.06,319.6,93.42,Cash
ORD03167,2023-11-06,11,November,45,DMart-Nagpur-2,Nagpur,Dairy,Detergent,5,475,0.0,2375.0,617.36,Card
ORD03168,2023-06-14,6,June,24,DMart-Nashik-3,Nashik,Beverages,Sugar,3,451,0.22,1055.34,177.74,Wallet
ORD03169,2023-01-30,1,January,5,DMart-Mumbai-2,Mumbai,Beverages,Tea,5,243,0.22,947.7,210.27,UPI
ORD03170,2023-10-10,10,October,41,DMart-Nashik-1,Nashik,Groceries,Soap,1,35,0.22,27.3,7.27,Card
ORD03171,2023-05-06,5,May,18,DMart-Mumbai-3,Mumbai,Dairy,Eggs,4,114,0.2,364.8,89.35,UPI
ORD03172,2023-09-10,9,September,36,DMart-Nagpur-1,Nagpur,Personal Care,Tea,2,259,0.06,486.92,140.16,Cash
ORD03173,2023-07-23,7,July,29,DMart-Nagpur-2,Nagpur,Beverages,Water,4,393,0.0,1572.0,448.18,Cash
ORD03174,2023-04-17,4,April,16,DMart-Pune-3,Pune,Beverages,Tissue,2,46,0.12,80.96,21.01,Card
ORD03175,2023-03-28,3,March,13,DMart-Mumbai-1,Mumbai,Beverages,Detergent,3,89,0.02,261.66,64.26,Wallet
ORD03176,2023-12-29,12,December,52,DMart-Thane-2,Thane,Groceries,Toothpaste,4,87,0.08,320.16,33.2,Wallet
ORD03177,2023-08-31,8,August,35,DMart-Pune-3,Pune,Household,Biscuits,4,105,0.14,361.2,66.48,Cash
ORD03178,2023-08-09,8,August,32,DMart-Pune-1,Pune,Groceries,Bread,1,451,0.07,419.43,101.22,Card
ORD03179,2023-11-21,11,November,47,DMart-Pune-2,Pune,Beverages,Water,1,230,0.09,209.3,44.94,Card
ORD03180,2023-11-01,11,November,44,DMart-Thane-1,Thane,Household,Coffee,1,126,0.16,105.84,30.17,Wallet
ORD03181,2023-10-22,10,October,42,DMart-Thane-1,Thane,Beverages,Tissue,5,451,0.25,1691.25,195.3,Wallet
ORD03182,2023-01-18,1,January,3,DMart-Thane-2,Thane,Beverages,Chips,3,27,0.19,65.61,15.78,UPI
ORD03183,2023-03-15,3,March,11,DMart-Pune-1,Pune,Personal Care,Juice,2,171,0.04,328.32,41.49,Card
ORD03184,2023-07-15,7,July,28,DMart-Thane-3,Thane,Dairy,Oil,2,71,0.22,110.76,23.22,Cash
ORD03185,2023-12-05,12,December,49,DMart-Pune-1,Pune,Beverages,Oil,3,335,0.17,834.15,239.03,Card
ORD03186,2023-01-09,1,January,2,DMart-Nashik-3,Nashik,Groceries,Rice,4,113,0.13,393.24,97.63,UPI
ORD03187,2023-03-12,3,March,10,DMart-Mumbai-3,Mumbai,Household,Eggs,3,291,0.3,611.1,121.94,UPI
ORD03188,2023-06-24,6,June,25,DMart-Nashik-2,Nashik,Personal Care,Water,5,402,0.22,1567.8,310.96,UPI
ORD03189,2023-03-07,3,March,10,DMart-Pune-3,Pune,Personal Care,Eggs,5,289,0.2,1156.0,227.29,Card
ORD03190,2023-02-04,2,February,5,DMart-Thane-3,Thane,Household,Water,4,45,0.22,140.4,16.2,UPI
ORD03191,2023-12-24,12,December,51,DMart-Thane-3,Thane,Household,Shampoo,3,348,0.12,918.72,148.09,Card
ORD03192,2023-07-20,7,July,29,DMart-Pune-2,Pune,Beverages,Rice,4,283,0.21,894.28,168.81,Wallet
ORD03193,2023-04-09,4,April,14,DMart-Mumbai-3,Mumbai,Dairy,Tissue,5,21,0.27,76.65,21.74,UPI
ORD03194,2023-07-22,7,July,29,DMart-Mumbai-3,Mumbai,Groceries,Oil,5,449,0.01,2222.55,477.37,Wallet
ORD03195,2023-02-12,2,February,6,DMart-Pune-3,Pune,Personal Care,Water,1,87,0.03,84.39,15.51,Card
ORD03196,2023-08-19,8,August,33,DMart-Nagpur-3,Nagpur,Personal Care,Detergent,3,162,0.15,413.1,96.29,Wallet
ORD03197,2023-06-15,6,June,24,DMart-Mumbai-3,Mumbai,Beverages,Chips,4,474,0.11,1687.44,202.45,Card
ORD03198,2023-08-29,8,August,35,DMart-Nagpur-2,Nagpur,Beverages,Juice,1,22,0.01,21.78,3.86,Card
ORD03199,2023-09-24,9,September,38,DMart-Pune-3,Pune,Household,Juice,2,458,0.09,833.56,197.27,Cash
ORD03200,2023-08-01,8,August,31,DMart-Nashik-3,Nashik,Beverages,Water,3,150,0.03,436.5,57.09,Card
ORD03201,2023-06-04,6,June,22,DMart-Nashik-3,Nashik,Groceries,Shampoo,5,414,0.18,1697.4,377.37,Card
ORD03202,2023-01-03,1,January,1,DMart-Nagpur-1,Nagpur,Dairy,Milk,5,123,0.13,535.05,151.11,Cash
ORD03203,2023-09-20,9,September,38,DMart-Mumbai-2,Mumbai,Beverages,Soap,4,440,0.27,1284.8,139.25,Wallet
ORD03204,2023-01-11,1,January,2,DMart-Nashik-1,Nashik,Personal Care,Soap,1,119,0.28,85.68,19.23,Card
ORD03205,2023-03-20,3,March,12,DMart-Nashik-1,Nashik,Household,Eggs,4,349,0.01,1382.04,186.12,Card
ORD03206,2023-01-25,1,January,4,DMart-Thane-1,Thane,Household,Tissue,5,396,0.07,1841.4,195.33,Card
ORD03207,2023-02-05,2,February,5,DMart-Nagpur-1,Nagpur,Beverages,Eggs,5,362,0.0,1810.0,392.37,Cash
ORD03208,2023-11-07,11,November,45,DMart-Nashik-2,Nashik,Household,Coffee,5,268,0.28,964.8,190.45,Card
ORD03209,2023-06-22,6,June,25,DMart-Thane-1,Thane,Household,Milk,1,157,0.06,147.58,25.46,Card
ORD03210,2023-09-27,9,September,39,DMart-Nashik-1,Nashik,Beverages,Rice,1,182,0.14,156.52,22.06,Wallet
ORD03211,2023-12-20,12,December,51,DMart-Thane-2,Thane,Beverages,Coffee,1,280,0.18,229.6,37.74,UPI
ORD03212,2023-10-21,10,October,42,DMart-Nashik-1,Nashik,Groceries,Shampoo,3,474,0.18,1166.04,309.79,Cash
ORD03213,2023-03-13,3,March,11,DMart-Thane-2,Thane,Groceries,Juice,5,106,0.08,487.6,75.12,Cash
ORD03214,2023-04-30,4,April,17,DMart-Mumbai-3,Mumbai,Beverages,Sugar,5,486,0.19,1968.3,580.63,Card
ORD03215,2023-09-24,9,September,38,DMart-Pune-2,Pune,Household,Shampoo,1,450,0.14,387.0,53.5,UPI
ORD03216,2023-01-21,1,January,3,DMart-Pune-2,Pune,Groceries,Soap,4,308,0.21,973.28,186.84,Wallet
ORD03217,2023-08-24,8,August,34,DMart-Nagpur-3,Nagpur,Household,Biscuits,1,207,0.21,163.53,26.45,Wallet
ORD03218,2023-05-17,5,May,20,DMart-Thane-3,Thane,Dairy,Detergent,1,123,0.16,103.32,21.12,UPI
ORD03219,2023-11-07,11,November,45,DMart-Pune-2,Pune,Household,Chips,4,467,0.22,1457.04,295.58,Cash
ORD03220,2023-10-20,10,October,42,DMart-Nagpur-1,Nagpur,Dairy,Juice,2,145,0.05,275.5,81.06,Cash
ORD03221,2023-11-26,11,November,47,DMart-Nagpur-2,Nagpur,Household,Biscuits,5,212,0.24,805.6,125.67,Wallet
ORD03222,2023-09-04,9,September,36,DMart-Pune-1,Pune,Household,Toothpaste,1,127,0.27,92.71,27.48,Cash
ORD03223,2023-07-16,7,July,28,DMart-Thane-2,Thane,Dairy,Water,5,451,0.06,2119.7,490.58,Cash
ORD03224,2023-07-10,7,July,28,DMart-Mumbai-3,Mumbai,Household,Sugar,1,492,0.14,423.12,88.08,Card
ORD03225,2023-03-17,3,March,11,DMart-Thane-1,Thane,Beverages,Water,3,440,0.18,1082.4,175.87,Cash
ORD03226,2023-08-04,8,August,31,DMart-Thane-2,Thane,Dairy,Milk,4,88,0.23,271.04,34.93,Wallet
ORD03227,2023-03-02,3,March,9,DMart-Nashik-3,Nashik,Household,Tea,5,277,0.0,1385.0,410.15,UPI
ORD03228,2023-04-27,4,April,17,DMart-Nashik-1,Nashik,Household,Coffee,1,48,0.22,37.44,9.83,Wallet
ORD03229,2023-06-11,6,June,23,DMart-Nagpur-3,Nagpur,Household,Shampoo,4,341,0.01,1350.36,316.28,Card
ORD03230,2023-08-27,8,August,34,DMart-Nagpur-2,Nagpur,Household,Tea,3,185,0.02,543.9,122.61,Wallet
ORD03231,2023-09-12,9,September,37,DMart-Nashik-2,Nashik,Beverages,Chips,5,123,0.16,516.6,59.66,Cash
ORD03232,2023-08-20,8,August,33,DMart-Pune-3,Pune,Personal Care,Eggs,1,283,0.11,251.87,54.56,Wallet
ORD03233,2023-11-05,11,November,44,DMart-Thane-1,Thane,Household,Wheat,3,317,0.11,846.39,170.96,Wallet
ORD03234,2023-03-27,3,March,13,DMart-Nagpur-2,Nagpur,Household,Water,5,127,0.08,584.2,122.74,Wallet
ORD03235,2023-04-16,4,April,15,DMart-Nagpur-2,Nagpur,Groceries,Detergent,2,460,0.3,644.0,66.58,Wallet
ORD03236,2023-02-10,2,February,6,DMart-Mumbai-2,Mumbai,Dairy,Milk,4,323,0.21,1020.68,124.27,Cash
ORD03237,2023-11-20,11,November,47,DMart-Thane-1,Thane,Groceries,Chips,5,300,0.03,1455.0,190.51,Wallet
ORD03238,2023-12-02,12,December,48,DMart-Thane-2,Thane,Household,Oil,2,412,0.26,609.76,159.56,Wallet
ORD03239,2023-01-04,1,January,1,DMart-Mumbai-1,Mumbai,Personal Care,Water,5,386,0.01,1910.7,524.71,Wallet
ORD03240,2023-10-28,10,October,43,DMart-Nagpur-1,Nagpur,Dairy,Milk,2,266,0.18,436.24,92.03,UPI
ORD03241,2023-04-25,4,April,17,DMart-Nashik-3,Nashik,Household,Shampoo,4,359,0.21,1134.44,182.37,Wallet
ORD03242,2023-01-24,1,January,4,DMart-Nagpur-3,Nagpur,Beverages,Soap,4,42,0.15,142.8,23.64,Wallet
ORD03243,2023-09-23,9,September,38,DMart-Nashik-1,Nashik,Dairy,Soap,3,193,0.22,451.62,85.45,Wallet
ORD03244,2023-08-15,8,August,33,DMart-Nashik-3,Nashik,Groceries,Soap,2,412,0.26,609.76,159.2,UPI
ORD03245,2023-02-21,2,February,8,DMart-Pune-3,Pune,Beverages,Chips,1,194,0.21,153.26,41.2,Wallet
ORD03246,2023-12-13,12,December,50,DMart-Thane-1,Thane,Beverages,Wheat,1,85,0.16,71.4,13.97,UPI
ORD03247,2023-09-22,9,September,38,DMart-Nagpur-3,Nagpur,Beverages,Shampoo,1,154,0.09,140.14,24.32,UPI
ORD03248,2023-02-23,2,February,8,DMart-Mumbai-1,Mumbai,Beverages,Sugar,3,52,0.28,112.32,22.09,Cash
ORD03249,2023-03-20,3,March,12,DMart-Nagpur-2,Nagpur,Beverages,Soap,1,455,0.06,427.7,77.04,Cash
ORD03250,2023-06-16,6,June,24,DMart-Thane-2,Thane,Household,Water,1,328,0.23,252.56,27.15,Wallet
ORD03251,2023-08-19,8,August,33,DMart-Pune-2,Pune,Household,Tea,2,47,0.07,87.42,19.91,Card
ORD03252,2023-07-02,7,July,26,DMart-Thane-1,Thane,Household,Juice,3,169,0.13,441.09,130.24,Card
ORD03253,2023-01-13,1,January,2,DMart-Mumbai-1,Mumbai,Personal Care,Soap,4,391,0.3,1094.8,174.77,Cash
ORD03254,2023-08-10,8,August,32,DMart-Nagpur-2,Nagpur,Dairy,Eggs,3,333,0.15,849.15,122.04,UPI
ORD03255,2023-03-02,3,March,9,DMart-Mumbai-3,Mumbai,Household,Biscuits,3,275,0.14,709.5,171.19,UPI
ORD03256,2023-12-06,12,December,49,DMart-Nashik-1,Nashik,Dairy,Tea,5,73,0.12,321.2,93.9,UPI
ORD03257,2023-12-30,12,December,52,DMart-Nashik-3,Nashik,Dairy,Wheat,1,309,0.1,278.1,58.91,Card
ORD03258,2023-11-25,11,November,47,DMart-Nashik-2,Nashik,Dairy,Bread,2,136,0.09,247.52,29.23,Card
ORD03259,2023-02-05,2,February,5,DMart-Nagpur-1,Nagpur,Beverages,Tissue,3,340,0.17,846.6,126.56,Wallet
ORD03260,2023-01-13,1,January,2,DMart-Nagpur-2,Nagpur,Dairy,Tea,3,173,0.25,389.25,68.84,Card
ORD03261,2023-07-19,7,July,29,DMart-Thane-2,Thane,Groceries,Bread,5,196,0.11,872.2,182.25,Cash
ORD03262,2023-11-18,11,November,46,DMart-Nagpur-2,Nagpur,Beverages,Coffee,5,399,0.03,1935.15,357.88,Cash
ORD03263,2023-06-22,6,June,25,DMart-Mumbai-2,Mumbai,Dairy,Rice,2,479,0.02,938.84,190.33,Wallet
ORD03264,2023-10-17,10,October,42,DMart-Pune-1,Pune,Groceries,Tissue,3,350,0.28,756.0,226.56,Card
ORD03265,2023-05-21,5,May,20,DMart-Nashik-2,Nashik,Personal Care,Coffee,1,377,0.22,294.06,64.15,UPI
ORD03266,2023-12-22,12,December,51,DMart-Thane-1,Thane,Personal Care,Coffee,1,167,0.23,128.59,38.48,UPI
ORD03267,2023-10-02,10,October,40,DMart-Mumbai-1,Mumbai,Beverages,Water,2,360,0.06,676.8,172.0,UPI
ORD03268,2023-08-06,8,August,31,DMart-Mumbai-3,Mumbai,Groceries,Biscuits,5,314,0.12,1381.6,333.54,Cash
ORD03269,2023-10-13,10,October,41,DMart-Thane-3,Thane,Personal Care,Eggs,4,213,0.14,732.72,91.31,Wallet
ORD03270,2023-08-01,8,August,31,DMart-Thane-3,Thane,Personal Care,Juice,1,59,0.04,56.64,16.96,Wallet
ORD03271,2023-05-04,5,May,18,DMart-Nashik-2,Nashik,Dairy,Shampoo,1,435,0.04,417.6,108.03,UPI
ORD03272,2023-03-10,3,March,10,DMart-Nashik-3,Nashik,Beverages,Soap,5,334,0.17,1386.1,149.59,UPI
ORD03273,2023-08-13,8,August,32,DMart-Thane-3,Thane,Household,Juice,4,133,0.15,452.2,77.61,Cash
ORD03274,2023-02-18,2,February,7,DMart-Pune-2,Pune,Personal Care,Coffee,1,334,0.1,300.6,39.06,Card
ORD03275,2023-07-26,7,July,30,DMart-Pune-1,Pune,Beverages,Oil,1,170,0.19,137.7,18.29,Card
ORD03276,2023-02-02,2,February,5,DMart-Nashik-3,Nashik,Beverages,Tea,4,455,0.29,1292.2,222.39,Card
ORD03277,2023-03-13,3,March,11,DMart-Nashik-1,Nashik,Groceries,Water,5,76,0.12,334.4,49.91,UPI
ORD03278,2023-07-14,7,July,28,DMart-Thane-3,Thane,Groceries,Eggs,5,310,0.25,1162.5,290.73,Wallet
ORD03279,2023-11-10,11,November,45,DMart-Thane-2,Thane,Beverages,Chips,2,318,0.2,508.8,69.47,Wallet
ORD03280,2023-07-12,7,July,28,DMart-Nashik-3,Nashik,Groceries,Shampoo,5,172,0.01,851.4,89.62,Card
ORD03281,2023-01-02,1,January,1,DMart-Pune-1,Pune,Beverages,Bread,1,195,0.23,150.15,36.7,Card
ORD03282,2023-05-28,5,May,21,DMart-Nashik-3,Nashik,Household,Shampoo,4,224,0.04,860.16,117.08,UPI
ORD03283,2023-10-21,10,October,42,DMart-Pune-2,Pune,Beverages,Rice,2,260,0.3,364.0,53.39,Card
ORD03284,2023-05-22,5,May,21,DMart-Pune-1,Pune,Groceries,Water,4,211,0.09,768.04,165.94,UPI
ORD03285,2023-07-03,7,July,27,DMart-Nagpur-2,Nagpur,Groceries,Sugar,5,153,0.14,657.9,135.0,Card
ORD03286,2023-04-20,4,April,16,DMart-Pune-3,Pune,Dairy,Sugar,1,467,0.09,424.97,43.68,Card
ORD03287,2023-05-05,5,May,18,DMart-Pune-1,Pune,Personal Care,Tea,4,353,0.13,1228.44,146.13,Cash
ORD03288,2023-12-24,12,December,51,DMart-Thane-3,Thane,Beverages,Detergent,1,277,0.01,274.23,32.9,Wallet
ORD03289,2023-05-05,5,May,18,DMart-Mumbai-2,Mumbai,Beverages,Sugar,5,125,0.02,612.5,101.01,Card
ORD03290,2023-04-28,4,April,17,DMart-Nashik-1,Nashik,Personal Care,Juice,4,293,0.05,1113.4,251.92,Cash
ORD03291,2023-09-06,9,September,36,DMart-Thane-2,Thane,Groceries,Tissue,4,300,0.03,1164.0,126.95,Wallet
ORD03292,2023-11-20,11,November,47,DMart-Nagpur-2,Nagpur,Beverages,Detergent,3,236,0.04,679.68,112.92,Cash
ORD03293,2023-07-28,7,July,30,DMart-Pune-1,Pune,Groceries,Tissue,4,93,0.26,275.28,59.36,UPI
ORD03294,2023-02-06,2,February,6,DMart-Mumbai-1,Mumbai,Beverages,Biscuits,2,111,0.0,222.0,40.15,UPI
ORD03295,2023-04-10,4,April,15,DMart-Thane-2,Thane,Dairy,Wheat,4,277,0.27,808.84,135.12,Card
ORD03296,2023-12-23,12,December,51,DMart-Mumbai-2,Mumbai,Beverages,Rice,2,488,0.05,927.2,146.18,Cash
ORD03297,2023-05-29,5,May,22,DMart-Pune-3,Pune,Groceries,Milk,4,226,0.15,768.4,82.48,Cash
ORD03298,2023-05-12,5,May,19,DMart-Nashik-2,Nashik,Household,Chips,2,309,0.0,618.0,73.6,Wallet
ORD03299,2023-08-06,8,August,31,DMart-Nashik-2,Nashik,Dairy,Soap,5,454,0.04,2179.2,274.02,UPI
ORD03300,2023-05-23,5,May,21,DMart-Mumbai-3,Mumbai,Groceries,Wheat,2,183,0.27,267.18,78.94,UPI
ORD03301,2023-12-07,12,December,49,DMart-Mumbai-2,Mumbai,Groceries,Bread,4,210,0.04,806.4,186.28,Cash
ORD03302,2023-02-08,2,February,6,DMart-Thane-1,Thane,Dairy,Oil,5,151,0.09,687.05,97.43,Cash
ORD03303,2023-04-09,4,April,14,DMart-Mumbai-2,Mumbai,Dairy,Soap,2,206,0.16,346.08,60.83,UPI
ORD03304,2023-03-23,3,March,12,DMart-Thane-2,Thane,Household,Soap,3,150,0.26,333.0,90.57,Card
ORD03305,2023-06-20,6,June,25,DMart-Nashik-1,Nashik,Dairy,Milk,2,175,0.16,294.0,52.9,Card
ORD03306,2023-11-09,11,November,45,DMart-Nagpur-3,Nagpur,Personal Care,Tea,1,426,0.05,404.7,61.81,Wallet
ORD03307,2023-08-08,8,August,32,DMart-Pune-3,Pune,Beverages,Eggs,1,109,0.23,83.93,21.99,UPI
ORD03308,2023-08-12,8,August,32,DMart-Nagpur-3,Nagpur,Personal Care,Tea,2,340,0.08,625.6,145.37,Card
ORD03309,2023-04-01,4,April,13,DMart-Pune-3,Pune,Dairy,Coffee,4,202,0.26,597.92,152.4,UPI
ORD03310,2023-07-16,7,July,28,DMart-Pune-2,Pune,Beverages,Water,3,436,0.18,1072.56,288.96,Wallet
ORD03311,2023-07-19,7,July,29,DMart-Mumbai-1,Mumbai,Beverages,Bread,2,423,0.27,617.58,140.76,Wallet
ORD03312,2023-08-02,8,August,31,DMart-Pune-1,Pune,Groceries,Toothpaste,4,156,0.25,468.0,139.71,UPI
ORD03313,2023-07-27,7,July,30,DMart-Pune-2,Pune,Dairy,Biscuits,4,167,0.24,507.68,151.54,Wallet
ORD03314,2023-08-11,8,August,32,DMart-Thane-3,Thane,Dairy,Chips,2,193,0.17,320.38,69.24,Wallet
ORD03315,2023-03-07,3,March,10,DMart-Nashik-3,Nashik,Beverages,Tissue,2,402,0.04,771.84,121.89,Wallet
ORD03316,2023-09-10,9,September,36,DMart-Thane-2,Thane,Beverages,Milk,3,72,0.15,183.6,21.36,Wallet
ORD03317,2023-11-27,11,November,48,DMart-Pune-2,Pune,Dairy,Juice,5,401,0.29,1423.55,206.3,UPI
ORD03318,2023-12-04,12,December,49,DMart-Pune-1,Pune,Personal Care,Toothpaste,3,300,0.16,756.0,188.86,Cash
ORD03319,2023-07-31,7,July,31,DMart-Nagpur-2,Nagpur,Personal Care,Oil,5,394,0.04,1891.2,301.09,UPI
ORD03320,2023-11-12,11,November,45,DMart-Thane-2,Thane,Groceries,Tissue,1,232,0.11,206.48,56.18,Cash
ORD03321,2023-02-21,2,February,8,DMart-Mumbai-1,Mumbai,Household,Water,2,355,0.22,553.8,106.54,UPI
ORD03322,2023-01-12,1,January,2,DMart-Thane-3,Thane,Dairy,Coffee,2,262,0.12,461.12,51.55,UPI
ORD03323,2023-01-03,1,January,1,DMart-Nagpur-3,Nagpur,Beverages,Oil,5,294,0.13,1278.9,336.23,Cash
ORD03324,2023-10-12,10,October,41,DMart-Mumbai-3,Mumbai,Personal Care,Milk,3,394,0.18,969.24,137.25,Cash
ORD03325,2023-05-27,5,May,21,DMart-Nagpur-1,Nagpur,Dairy,Water,3,323,0.25,726.75,185.07,UPI
ORD03326,2023-06-15,6,June,24,DMart-Nagpur-1,Nagpur,Dairy,Shampoo,5,403,0.26,1491.1,337.83,Card
ORD03327,2023-06-26,6,June,26,DMart-Mumbai-3,Mumbai,Dairy,Water,2,489,0.19,792.18,96.47,Card
ORD03328,2023-01-06,1,January,1,DMart-Thane-2,Thane,Personal Care,Eggs,5,440,0.08,2024.0,407.08,Cash
ORD03329,2023-12-08,12,December,49,DMart-Thane-3,Thane,Dairy,Oil,4,348,0.22,1085.76,306.41,Card
ORD03330,2023-10-18,10,October,42,DMart-Mumbai-1,Mumbai,Groceries,Tea,4,337,0.14,1159.28,345.37,Wallet
ORD03331,2023-12-16,12,December,50,DMart-Mumbai-1,Mumbai,Dairy,Tissue,3,131,0.07,365.49,80.41,Cash
ORD03332,2023-07-19,7,July,29,DMart-Nashik-1,Nashik,Dairy,Oil,5,199,0.0,995.0,122.1,UPI
ORD03333,2023-10-18,10,October,42,DMart-Pune-2,Pune,Household,Shampoo,1,37,0.06,34.78,5.05,Card
ORD03334,2023-04-21,4,April,16,DMart-Thane-2,Thane,Personal Care,Coffee,4,446,0.21,1409.36,366.46,Card
ORD03335,2023-10-01,10,October,39,DMart-Pune-2,Pune,Beverages,Oil,5,43,0.17,178.45,46.3,Cash
ORD03336,2023-02-01,2,February,5,DMart-Pune-2,Pune,Personal Care,Sugar,5,272,0.06,1278.4,137.48,Cash
ORD03337,2023-02-23,2,February,8,DMart-Thane-2,Thane,Groceries,Water,5,164,0.2,656.0,158.8,Cash
ORD03338,2023-01-13,1,January,2,DMart-Mumbai-3,Mumbai,Beverages,Wheat,2,355,0.28,511.2,144.35,Wallet
ORD03339,2023-08-02,8,August,31,DMart-Mumbai-2,Mumbai,Personal Care,Oil,5,488,0.01,2415.6,602.93,Cash
ORD03340,2023-05-07,5,May,18,DMart-Thane-3,Thane,Dairy,Toothpaste,2,82,0.08,150.88,30.23,Card
ORD03341,2023-06-04,6,June,22,DMart-Pune-1,Pune,Beverages,Tissue,2,474,0.01,938.52,133.18,Cash
ORD03342,2023-08-06,8,August,31,DMart-Nashik-3,Nashik,Personal Care,Wheat,1,309,0.15,262.65,70.25,Cash
ORD03343,2023-04-16,4,April,15,DMart-Mumbai-2,Mumbai,Personal Care,Tissue,1,50,0.1,45.0,11.58,Cash
ORD03344,2023-09-11,9,September,37,DMart-Thane-1,Thane,Dairy,Oil,2,468,0.25,702.0,169.24,Card
ORD03345,2023-01-09,1,January,2,DMart-Mumbai-3,Mumbai,Beverages,Milk,4,483,0.21,1526.28,417.42,Cash
ORD03346,2023-05-29,5,May,22,DMart-Pune-2,Pune,Groceries,Sugar,5,87,0.14,374.1,101.09,Card
ORD03347,2023-03-11,3,March,10,DMart-Nagpur-2,Nagpur,Groceries,Coffee,5,415,0.06,1950.5,573.35,Card
ORD03348,2023-09-09,9,September,36,DMart-Pune-1,Pune,Beverages,Water,4,460,0.06,1729.6,382.31,Cash
ORD03349,2023-01-20,1,January,3,DMart-Mumbai-2,Mumbai,Beverages,Coffee,1,334,0.21,263.86,78.41,Card
ORD03350,2023-03-28,3,March,13,DMart-Mumbai-2,Mumbai,Dairy,Soap,3,80,0.09,218.4,60.15,UPI
ORD03351,2023-02-12,2,February,6,DMart-Nagpur-1,Nagpur,Dairy,Chips,1,189,0.13,164.43,36.07,UPI
ORD03352,2023-07-18,7,July,29,DMart-Mumbai-3,Mumbai,Personal Care,Sugar,3,300,0.26,666.0,112.47,Card
ORD03353,2023-03-31,3,March,13,DMart-Pune-3,Pune,Beverages,Coffee,1,477,0.0,477.0,60.95,Card
ORD03354,2023-09-07,9,September,36,DMart-Pune-2,Pune,Personal Care,Sugar,5,318,0.19,1287.9,310.33,Card
ORD03355,2023-08-07,8,August,32,DMart-Thane-1,Thane,Household,Water,5,164,0.18,672.4,199.3,UPI
ORD03356,2023-01-30,1,January,5,DMart-Pune-3,Pune,Beverages,Rice,5,74,0.2,296.0,71.08,Wallet
ORD03357,2023-08-20,8,August,33,DMart-Pune-2,Pune,Personal Care,Biscuits,3,126,0.11,336.42,86.01,UPI
ORD03358,2023-04-05,4,April,14,DMart-Nashik-1,Nashik,Groceries,Tea,2,253,0.12,445.28,80.53,Card
ORD03359,2023-07-27,7,July,30,DMart-Mumbai-1,Mumbai,Groceries,Biscuits,4,152,0.27,443.84,45.09,Cash
ORD03360,2023-02-12,2,February,6,DMart-Nagpur-1,Nagpur,Beverages,Toothpaste,2,76,0.0,152.0,45.2,Wallet
ORD03361,2023-04-03,4,April,14,DMart-Mumbai-2,Mumbai,Groceries,Shampoo,5,423,0.14,1818.9,464.92,Cash
ORD03362,2023-01-02,1,January,1,DMart-Nashik-1,Nashik,Personal Care,Juice,5,297,0.01,1470.15,344.7,Cash
ORD03363,2023-09-06,9,September,36,DMart-Pune-1,Pune,Household,Milk,1,92,0.15,78.2,14.2,Cash
ORD03364,2023-03-04,3,March,9,DMart-Mumbai-3,Mumbai,Dairy,Biscuits,2,91,0.04,174.72,36.77,UPI
ORD03365,2023-10-12,10,October,41,DMart-Nashik-2,Nashik,Beverages,Milk,5,26,0.08,119.6,23.23,UPI
ORD03366,2023-09-27,9,September,39,DMart-Mumbai-1,Mumbai,Beverages,Eggs,5,330,0.19,1336.5,213.08,Card
ORD03367,2023-02-17,2,February,7,DMart-Pune-1,Pune,Household,Wheat,4,157,0.19,508.68,132.51,Card
ORD03368,2023-02-22,2,February,8,DMart-Nashik-1,Nashik,Dairy,Oil,1,197,0.26,145.78,39.45,Card
ORD03369,2023-04-10,4,April,15,DMart-Nagpur-3,Nagpur,Personal Care,Chips,2,494,0.05,938.6,237.68,UPI
ORD03370,2023-01-04,1,January,1,DMart-Mumbai-1,Mumbai,Beverages,Juice,3,80,0.3,168.0,33.24,Wallet
ORD03371,2023-09-26,9,September,39,DMart-Mumbai-1,Mumbai,Groceries,Soap,5,85,0.0,425.0,114.88,Card
ORD03372,2023-02-22,2,February,8,DMart-Nashik-2,Nashik,Beverages,Toothpaste,3,144,0.02,423.36,94.26,UPI
ORD03373,2023-09-19,9,September,38,DMart-Nagpur-2,Nagpur,Beverages,Oil,4,167,0.17,554.44,100.91,Card
ORD03374,2023-11-18,11,November,46,DMart-Thane-2,Thane,Household,Milk,2,38,0.02,74.48,17.0,UPI
ORD03375,2023-01-12,1,January,2,DMart-Nagpur-3,Nagpur,Dairy,Water,3,407,0.15,1037.85,307.48,Cash
ORD03376,2023-12-11,12,December,50,DMart-Mumbai-3,Mumbai,Personal Care,Soap,5,305,0.24,1159.0,142.65,Cash
ORD03377,2023-04-24,4,April,17,DMart-Thane-1,Thane,Beverages,Tea,2,496,0.26,734.08,179.19,Cash
ORD03378,2023-06-13,6,June,24,DMart-Pune-3,Pune,Household,Chips,3,185,0.29,394.05,78.26,Card
ORD03379,2023-12-24,12,December,51,DMart-Thane-3,Thane,Household,Rice,3,408,0.05,1162.8,250.21,Cash
ORD03380,2023-08-03,8,August,31,DMart-Nashik-3,Nashik,Household,Juice,1,346,0.22,269.88,43.07,UPI
ORD03381,2023-09-24,9,September,38,DMart-Nagpur-1,Nagpur,Personal Care,Tissue,4,27,0.02,105.84,25.99,Card
ORD03382,2023-08-04,8,August,31,DMart-Nagpur-2,Nagpur,Dairy,Tea,4,139,0.24,422.56,65.36,Cash
ORD03383,2023-02-12,2,February,6,DMart-Pune-1,Pune,Beverages,Water,4,93,0.13,323.64,38.4,Wallet
ORD03384,2023-12-06,12,December,49,DMart-Mumbai-3,Mumbai,Groceries,Tissue,5,173,0.28,622.8,131.02,Card
ORD03385,2023-04-23,4,April,16,DMart-Thane-1,Thane,Household,Rice,2,163,0.15,277.1,67.77,UPI
ORD03386,2023-11-24,11,November,47,DMart-Nagpur-2,Nagpur,Beverages,Water,3,157,0.14,405.06,103.2,UPI
ORD03387,2023-06-15,6,June,24,DMart-Nashik-3,Nashik,Household,Rice,2,164,0.07,305.04,75.89,Card
ORD03388,2023-03-31,3,March,13,DMart-Mumbai-2,Mumbai,Beverages,Eggs,1,282,0.24,214.32,22.8,Wallet
ORD03389,2023-12-30,12,December,52,DMart-Nashik-2,Nashik,Beverages,Milk,3,76,0.1,205.2,30.64,Wallet
ORD03390,2023-11-04,11,November,44,DMart-Nashik-2,Nashik,Beverages,Oil,3,293,0.1,791.1,151.66,Cash
ORD03391,2023-07-16,7,July,28,DMart-Mumbai-3,Mumbai,Personal Care,Bread,4,308,0.0,1232.0,163.15,Card
ORD03392,2023-08-20,8,August,33,DMart-Thane-1,Thane,Dairy,Wheat,2,410,0.07,762.6,176.49,Card
ORD03393,2023-12-12,12,December,50,DMart-Thane-2,Thane,Beverages,Toothpaste,2,112,0.27,163.52,19.05,UPI
ORD03394,2023-09-26,9,September,39,DMart-Mumbai-3,Mumbai,Dairy,Water,3,43,0.0,129.0,36.42,Wallet
ORD03395,2023-07-20,7,July,29,DMart-Nagpur-2,Nagpur,Household,Bread,1,327,0.14,281.22,37.0,Card
ORD03396,2023-03-22,3,March,12,DMart-Nagpur-3,Nagpur,Dairy,Milk,3,33,0.02,97.02,17.6,UPI
ORD03397,2023-03-03,3,March,9,DMart-Thane-1,Thane,Dairy,Biscuits,2,322,0.28,463.68,84.03,UPI
ORD03398,2023-09-01,9,September,35,DMart-Mumbai-1,Mumbai,Personal Care,Rice,2,133,0.26,196.84,33.66,UPI
ORD03399,2023-03-04,3,March,9,DMart-Nashik-1,Nashik,Household,Soap,5,100,0.01,495.0,79.4,Card
ORD03400,2023-01-04,1,January,1,DMart-Mumbai-1,Mumbai,Dairy,Bread,4,43,0.03,166.84,39.09,Cash
ORD03401,2023-10-23,10,October,43,DMart-Thane-1,Thane,Dairy,Soap,3,128,0.19,311.04,45.14,Wallet
ORD03402,2023-02-13,2,February,7,DMart-Thane-2,Thane,Groceries,Wheat,1,49,0.05,46.55,11.25,Card
ORD03403,2023-08-09,8,August,32,DMart-Thane-3,Thane,Personal Care,Oil,2,94,0.26,139.12,23.39,Card
ORD03404,2023-12-25,12,December,52,DMart-Pune-2,Pune,Groceries,Coffee,3,283,0.11,755.61,222.12,Cash
ORD03405,2023-08-19,8,August,33,DMart-Thane-3,Thane,Dairy,Milk,3,20,0.25,45.0,11.52,UPI
ORD03406,2023-03-11,3,March,10,DMart-Nagpur-3,Nagpur,Groceries,Soap,4,217,0.14,746.48,211.41,Cash
ORD03407,2023-05-26,5,May,21,DMart-Pune-1,Pune,Personal Care,Chips,4,168,0.23,517.44,81.54,Wallet
ORD03408,2023-01-07,1,January,1,DMart-Thane-3,Thane,Household,Oil,3,171,0.06,482.22,113.58,Cash
ORD03409,2023-02-11,2,February,6,DMart-Mumbai-1,Mumbai,Personal Care,Tea,4,239,0.22,745.68,138.4,Card
ORD03410,2023-04-01,4,April,13,DMart-Mumbai-3,Mumbai,Personal Care,Coffee,2,54,0.0,108.0,27.73,Cash
ORD03411,2023-12-25,12,December,52,DMart-Nashik-1,Nashik,Personal Care,Chips,1,300,0.13,261.0,60.67,Cash
ORD03412,2023-03-21,3,March,12,DMart-Nagpur-3,Nagpur,Dairy,Milk,1,55,0.12,48.4,9.47,Wallet
ORD03413,2023-01-13,1,January,2,DMart-Mumbai-3,Mumbai,Personal Care,Water,4,343,0.06,1289.68,215.45,UPI
ORD03414,2023-04-12,4,April,15,DMart-Nashik-2,Nashik,Groceries,Coffee,3,296,0.18,728.16,95.43,UPI
ORD03415,2023-07-13,7,July,28,DMart-Nashik-3,Nashik,Beverages,Detergent,5,351,0.11,1561.95,285.55,Wallet
ORD03416,2023-02-12,2,February,6,DMart-Mumbai-1,Mumbai,Beverages,Sugar,2,453,0.19,733.86,119.12,Cash
ORD03417,2023-01-15,1,January,2,DMart-Thane-1,Thane,Personal Care,Soap,3,445,0.24,1014.6,285.78,UPI
ORD03418,2023-05-05,5,May,18,DMart-Thane-2,Thane,Dairy,Sugar,3,93,0.13,242.73,41.0,Wallet
ORD03419,2023-07-14,7,July,28,DMart-Nagpur-2,Nagpur,Dairy,Eggs,5,265,0.22,1033.5,156.65,UPI
ORD03420,2023-12-16,12,December,50,DMart-Pune-3,Pune,Personal Care,Coffee,5,195,0.02,955.5,264.17,UPI
ORD03421,2023-09-26,9,September,39,DMart-Nashik-2,Nashik,Groceries,Milk,1,68,0.24,51.68,8.01,Cash
ORD03422,2023-07-18,7,July,29,DMart-Nagpur-1,Nagpur,Dairy,Biscuits,4,378,0.12,1330.56,210.98,Wallet
ORD03423,2023-04-23,4,April,16,DMart-Pune-2,Pune,Groceries,Biscuits,2,432,0.15,734.4,100.33,Card
ORD03424,2023-06-26,6,June,26,DMart-Nashik-3,Nashik,Dairy,Soap,3,270,0.21,639.9,114.19,Wallet
ORD03425,2023-11-11,11,November,45,DMart-Thane-1,Thane,Personal Care,Coffee,5,153,0.14,657.9,133.07,Wallet
ORD03426,2023-03-23,3,March,12,DMart-Nashik-2,Nashik,Beverages,Bread,5,436,0.09,1983.8,479.35,Cash
ORD03427,2023-01-12,1,January,2,DMart-Nagpur-1,Nagpur,Personal Care,Toothpaste,2,340,0.1,612.0,61.91,UPI
ORD03428,2023-10-18,10,October,42,DMart-Mumbai-2,Mumbai,Beverages,Juice,5,216,0.29,766.8,127.87,UPI
ORD03429,2023-12-11,12,December,50,DMart-Nagpur-1,Nagpur,Personal Care,Wheat,2,412,0.24,626.24,118.65,Wallet
ORD03430,2023-04-02,4,April,13,DMart-Nashik-1,Nashik,Beverages,Soap,1,379,0.19,306.99,57.77,UPI
ORD03431,2023-05-12,5,May,19,DMart-Nagpur-1,Nagpur,Dairy,Shampoo,2,57,0.18,93.48,11.41,Card
ORD03432,2023-01-03,1,January,1,DMart-Nagpur-2,Nagpur,Dairy,Bread,2,423,0.09,769.86,214.48,Cash
ORD03433,2023-05-27,5,May,21,DMart-Mumbai-3,Mumbai,Personal Care,Biscuits,5,390,0.14,1677.0,455.46,Card
ORD03434,2023-03-01,3,March,9,DMart-Pune-1,Pune,Beverages,Detergent,1,377,0.14,324.22,33.99,UPI
ORD03435,2023-02-17,2,February,7,DMart-Nagpur-2,Nagpur,Personal Care,Toothpaste,2,304,0.24,462.08,68.67,UPI
ORD03436,2023-12-22,12,December,51,DMart-Nashik-3,Nashik,Household,Wheat,3,377,0.1,1017.9,114.83,Wallet
ORD03437,2023-09-07,9,September,36,DMart-Pune-1,Pune,Personal Care,Water,4,26,0.06,97.76,17.73,UPI
ORD03438,2023-09-24,9,September,38,DMart-Nashik-3,Nashik,Dairy,Juice,1,22,0.02,21.56,6.42,UPI
ORD03439,2023-01-14,1,January,2,DMart-Nagpur-1,Nagpur,Household,Wheat,5,169,0.29,599.95,92.2,Card
ORD03440,2023-10-06,10,October,40,DMart-Thane-2,Thane,Dairy,Eggs,2,405,0.13,704.7,190.14,Wallet
ORD03441,2023-01-12,1,January,2,DMart-Thane-3,Thane,Dairy,Detergent,5,500,0.19,2025.0,366.72,Cash
ORD03442,2023-12-24,12,December,51,DMart-Thane-1,Thane,Personal Care,Eggs,3,24,0.2,57.6,13.56,Card
ORD03443,2023-08-11,8,August,32,DMart-Thane-1,Thane,Groceries,Milk,3,307,0.29,653.91,120.23,Cash
ORD03444,2023-02-28,2,February,9,DMart-Mumbai-2,Mumbai,Dairy,Eggs,5,153,0.11,680.85,172.06,UPI
ORD03445,2023-07-11,7,July,28,DMart-Nagpur-1,Nagpur,Groceries,Wheat,1,59,0.28,42.48,7.07,Cash
ORD03446,2023-09-01,9,September,35,DMart-Pune-1,Pune,Household,Biscuits,1,386,0.17,320.38,88.28,Cash
ORD03447,2023-05-27,5,May,21,DMart-Mumbai-2,Mumbai,Groceries,Shampoo,3,51,0.01,151.47,23.39,Card
ORD03448,2023-07-27,7,July,30,DMart-Pune-3,Pune,Household,Water,1,194,0.21,153.26,21.87,UPI
ORD03449,2023-09-25,9,September,39,DMart-Pune-3,Pune,Beverages,Oil,2,283,0.15,481.1,77.97,Card
ORD03450,2023-09-16,9,September,37,DMart-Nashik-3,Nashik,Dairy,Wheat,5,41,0.2,164.0,16.79,Wallet
ORD03451,2023-09-22,9,September,38,DMart-Nashik-2,Nashik,Personal Care,Chips,4,164,0.03,636.32,125.62,Wallet
ORD03452,2023-10-09,10,October,41,DMart-Nagpur-2,Nagpur,Groceries,Shampoo,5,66,0.01,326.7,42.78,Cash
ORD03453,2023-07-27,7,July,30,DMart-Nagpur-1,Nagpur,Household,Detergent,2,350,0.15,595.0,143.01,Cash
ORD03454,2023-02-24,2,February,8,DMart-Nagpur-3,Nagpur,Household,Biscuits,4,495,0.13,1722.6,510.22,Wallet
ORD03455,2023-02-27,2,February,9,DMart-Nagpur-2,Nagpur,Household,Sugar,4,312,0.26,923.52,245.95,Card
ORD03456,2023-10-24,10,October,43,DMart-Nagpur-2,Nagpur,Dairy,Detergent,2,359,0.05,682.1,124.66,Cash
ORD03457,2023-06-14,6,June,24,DMart-Pune-3,Pune,Beverages,Rice,2,294,0.11,523.32,72.18,Cash
ORD03458,2023-10-29,10,October,43,DMart-Pune-3,Pune,Personal Care,Biscuits,4,187,0.22,583.44,75.84,UPI
ORD03459,2023-07-06,7,July,27,DMart-Mumbai-3,Mumbai,Dairy,Soap,5,316,0.24,1200.8,302.86,Card
ORD03460,2023-03-23,3,March,12,DMart-Nashik-1,Nashik,Personal Care,Water,2,357,0.03,692.58,134.1,Wallet
ORD03461,2023-06-21,6,June,25,DMart-Nashik-3,Nashik,Groceries,Tissue,3,54,0.17,134.46,35.35,Wallet
ORD03462,2023-08-08,8,August,32,DMart-Nashik-1,Nashik,Personal Care,Tissue,2,329,0.0,658.0,173.03,UPI
ORD03463,2023-01-04,1,January,1,DMart-Nagpur-2,Nagpur,Household,Milk,2,194,0.05,368.6,103.28,UPI
ORD03464,2023-09-03,9,September,35,DMart-Pune-2,Pune,Personal Care,Water,5,323,0.25,1211.25,277.95,Card
ORD03465,2023-02-05,2,February,5,DMart-Pune-3,Pune,Groceries,Biscuits,3,104,0.04,299.52,82.36,Card
ORD03466,2023-08-07,8,August,32,DMart-Nashik-3,Nashik,Dairy,Oil,5,22,0.14,94.6,24.94,Cash
ORD03467,2023-10-02,10,October,40,DMart-Nashik-2,Nashik,Dairy,Coffee,1,473,0.2,378.4,72.4,UPI
ORD03468,2023-10-12,10,October,41,DMart-Thane-3,Thane,Personal Care,Bread,4,426,0.15,1448.4,276.9,Cash
ORD03469,2023-03-03,3,March,9,DMart-Nagpur-2,Nagpur,Beverages,Detergent,3,91,0.04,262.08,62.55,Wallet
ORD03470,2023-04-12,4,April,15,DMart-Mumbai-3,Mumbai,Household,Rice,1,51,0.14,43.86,12.35,Cash
ORD03471,2023-01-25,1,January,4,DMart-Nagpur-2,Nagpur,Beverages,Milk,2,92,0.09,167.44,39.35,UPI
ORD03472,2023-12-14,12,December,50,DMart-Thane-2,Thane,Beverages,Wheat,4,398,0.27,1162.16,307.19,Wallet
ORD03473,2023-08-29,8,August,35,DMart-Thane-1,Thane,Household,Oil,4,447,0.29,1269.48,157.49,Wallet
ORD03474,2023-02-25,2,February,8,DMart-Nagpur-1,Nagpur,Beverages,Water,5,383,0.13,1666.05,283.18,Wallet
ORD03475,2023-08-22,8,August,34,DMart-Nagpur-1,Nagpur,Beverages,Juice,5,40,0.19,162.0,39.64,UPI
ORD03476,2023-04-10,4,April,15,DMart-Mumbai-3,Mumbai,Beverages,Toothpaste,1,28,0.19,22.68,5.5,UPI
ORD03477,2023-05-25,5,May,21,DMart-Thane-1,Thane,Personal Care,Milk,3,369,0.06,1040.58,266.46,UPI
ORD03478,2023-12-22,12,December,51,DMart-Pune-2,Pune,Dairy,Bread,1,448,0.18,367.36,42.32,UPI
ORD03479,2023-11-16,11,November,46,DMart-Thane-2,Thane,Personal Care,Rice,3,30,0.22,70.2,11.01,UPI
ORD03480,2023-08-04,8,August,31,DMart-Mumbai-2,Mumbai,Groceries,Wheat,4,191,0.25,573.0,130.71,Cash
ORD03481,2023-06-18,6,June,24,DMart-Nashik-3,Nashik,Groceries,Wheat,1,42,0.12,36.96,8.94,UPI
ORD03482,2023-08-03,8,August,31,DMart-Nagpur-3,Nagpur,Groceries,Rice,1,278,0.04,266.88,48.11,UPI
ORD03483,2023-12-09,12,December,49,DMart-Nagpur-3,Nagpur,Personal Care,Shampoo,3,485,0.19,1178.55,225.27,UPI
ORD03484,2023-04-23,4,April,16,DMart-Nagpur-2,Nagpur,Beverages,Chips,5,279,0.22,1088.1,153.86,Cash
ORD03485,2023-11-04,11,November,44,DMart-Mumbai-2,Mumbai,Groceries,Bread,5,165,0.12,726.0,141.13,Card
ORD03486,2023-07-16,7,July,28,DMart-Pune-2,Pune,Household,Soap,4,493,0.2,1577.6,279.97,UPI
ORD03487,2023-03-21,3,March,12,DMart-Thane-2,Thane,Dairy,Rice,4,66,0.22,205.92,26.3,Wallet
ORD03488,2023-08-05,8,August,31,DMart-Nagpur-3,Nagpur,Dairy,Biscuits,5,418,0.04,2006.4,325.19,Card
ORD03489,2023-05-16,5,May,20,DMart-Nashik-1,Nashik,Personal Care,Bread,2,362,0.09,658.84,66.23,Cash
ORD03490,2023-12-19,12,December,51,DMart-Pune-2,Pune,Groceries,Milk,4,299,0.21,944.84,103.86,Wallet
ORD03491,2023-01-09,1,January,2,DMart-Pune-2,Pune,Groceries,Chips,1,321,0.17,266.43,67.44,UPI
ORD03492,2023-03-15,3,March,11,DMart-Thane-2,Thane,Groceries,Coffee,2,225,0.23,346.5,38.6,UPI
ORD03493,2023-05-01,5,May,18,DMart-Nashik-1,Nashik,Personal Care,Chips,2,452,0.12,795.52,174.74,UPI
ORD03494,2023-01-07,1,January,1,DMart-Nashik-2,Nashik,Groceries,Sugar,1,49,0.18,40.18,4.44,UPI
ORD03495,2023-02-03,2,February,5,DMart-Pune-2,Pune,Personal Care,Tissue,1,286,0.23,220.22,22.18,Cash
ORD03496,2023-03-30,3,March,13,DMart-Nashik-3,Nashik,Dairy,Detergent,3,191,0.02,561.54,93.79,UPI
ORD03497,2023-11-16,11,November,46,DMart-Thane-3,Thane,Household,Wheat,2,398,0.01,788.04,224.35,UPI
ORD03498,2023-11-21,11,November,47,DMart-Nagpur-1,Nagpur,Personal Care,Tea,1,237,0.07,220.41,56.0,UPI
ORD03499,2023-10-01,10,October,39,DMart-Thane-2,Thane,Household,Rice,1,423,0.04,406.08,120.61,Wallet
ORD03500,2023-09-24,9,September,38,DMart-Nashik-3,Nashik,Beverages,Sugar,5,456,0.09,2074.8,531.07,Card
ORD03501,2023-08-23,8,August,34,DMart-Nashik-2,Nashik,Beverages,Rice,2,486,0.02,952.56,284.53,Cash
ORD03502,2023-01-19,1,January,3,DMart-Nagpur-1,Nagpur,Household,Biscuits,2,128,0.0,256.0,69.74,Wallet
ORD03503,2023-04-14,4,April,15,DMart-Thane-1,Thane,Household,Tea,3,277,0.04,797.76,94.88,Cash
ORD03504,2023-06-07,6,June,23,DMart-Thane-3,Thane,Personal Care,Milk,2,330,0.15,561.0,168.15,Card
ORD03505,2023-11-28,11,November,48,DMart-Nashik-2,Nashik,Groceries,Rice,4,227,0.13,789.96,154.66,Cash
ORD03506,2023-09-18,9,September,38,DMart-Nashik-1,Nashik,Personal Care,Coffee,2,223,0.21,352.34,72.64,UPI
ORD03507,2023-07-29,7,July,30,DMart-Pune-3,Pune,Personal Care,Soap,5,298,0.28,1072.8,249.92,Cash
ORD03508,2023-02-14,2,February,7,DMart-Mumbai-3,Mumbai,Dairy,Water,4,255,0.05,969.0,211.65,Wallet
ORD03509,2023-08-10,8,August,32,DMart-Thane-3,Thane,Personal Care,Juice,5,283,0.0,1415.0,302.77,UPI
ORD03510,2023-08-18,8,August,33,DMart-Nashik-3,Nashik,Groceries,Water,3,222,0.05,632.7,86.97,Cash
ORD03511,2023-08-26,8,August,34,DMart-Nagpur-3,Nagpur,Household,Toothpaste,2,318,0.25,477.0,78.04,Cash
ORD03512,2023-03-11,3,March,10,DMart-Nagpur-1,Nagpur,Beverages,Chips,4,338,0.15,1149.2,221.76,Card
ORD03513,2023-11-05,11,November,44,DMart-Nashik-3,Nashik,Personal Care,Coffee,1,171,0.17,141.93,38.0,Card
ORD03514,2023-09-30,9,September,39,DMart-Nashik-3,Nashik,Beverages,Rice,1,35,0.29,24.85,6.02,Card
ORD03515,2023-03-05,3,March,9,DMart-Thane-1,Thane,Groceries,Tea,4,476,0.1,1713.6,336.84,UPI
ORD03516,2023-10-20,10,October,42,DMart-Nashik-1,Nashik,Dairy,Sugar,3,322,0.27,705.18,126.44,Cash
ORD03517,2023-10-01,10,October,39,DMart-Nagpur-3,Nagpur,Personal Care,Tissue,1,61,0.26,45.14,13.33,Wallet
ORD03518,2023-01-21,1,January,3,DMart-Mumbai-3,Mumbai,Beverages,Wheat,1,416,0.0,416.0,101.37,Card
ORD03519,2023-05-19,5,May,20,DMart-Pune-3,Pune,Household,Bread,5,248,0.26,917.6,254.91,Wallet
ORD03520,2023-01-26,1,January,4,DMart-Mumbai-2,Mumbai,Groceries,Soap,2,416,0.18,682.24,94.99,Cash
ORD03521,2023-03-18,3,March,11,DMart-Mumbai-1,Mumbai,Groceries,Chips,5,52,0.12,228.8,61.12,Wallet
ORD03522,2023-05-21,5,May,20,DMart-Thane-1,Thane,Household,Bread,1,406,0.12,357.28,83.0,Card
ORD03523,2023-03-18,3,March,11,DMart-Nashik-2,Nashik,Dairy,Bread,2,136,0.13,236.64,52.28,Cash
ORD03524,2023-11-21,11,November,47,DMart-Nashik-1,Nashik,Groceries,Tissue,2,216,0.28,311.04,33.71,Wallet
ORD03525,2023-11-24,11,November,47,DMart-Nagpur-1,Nagpur,Groceries,Eggs,3,89,0.25,200.25,26.94,Wallet
ORD03526,2023-03-13,3,March,11,DMart-Nashik-1,Nashik,Household,Shampoo,3,251,0.07,700.29,135.8,Card
ORD03527,2023-01-13,1,January,2,DMart-Pune-2,Pune,Personal Care,Chips,1,472,0.25,354.0,80.85,Card
ORD03528,2023-07-20,7,July,29,DMart-Nagpur-1,Nagpur,Personal Care,Biscuits,4,367,0.08,1350.56,148.48,Wallet
ORD03529,2023-04-17,4,April,16,DMart-Thane-3,Thane,Beverages,Biscuits,3,149,0.07,415.71,62.72,Cash
ORD03530,2023-05-24,5,May,21,DMart-Nagpur-1,Nagpur,Personal Care,Water,5,478,0.17,1983.7,461.27,Card
ORD03531,2023-09-21,9,September,38,DMart-Thane-3,Thane,Beverages,Eggs,2,279,0.25,418.5,66.68,UPI
ORD03532,2023-12-05,12,December,49,DMart-Nagpur-2,Nagpur,Household,Biscuits,2,239,0.27,348.94,63.96,UPI
ORD03533,2023-08-11,8,August,32,DMart-Nashik-2,Nashik,Beverages,Water,3,285,0.07,795.15,104.05,Wallet
ORD03534,2023-08-31,8,August,35,DMart-Thane-1,Thane,Household,Biscuits,1,261,0.29,185.31,37.35,Card
ORD03535,2023-05-05,5,May,18,DMart-Nashik-2,Nashik,Personal Care,Bread,5,414,0.17,1718.1,246.87,Card
ORD03536,2023-06-03,6,June,22,DMart-Pune-3,Pune,Personal Care,Soap,3,325,0.27,711.75,147.41,Cash
ORD03537,2023-06-06,6,June,23,DMart-Pune-2,Pune,Groceries,Chips,1,204,0.19,165.24,22.3,Wallet
ORD03538,2023-08-26,8,August,34,DMart-Nashik-3,Nashik,Groceries,Bread,4,46,0.06,172.96,26.99,UPI
ORD03539,2023-10-18,10,October,42,DMart-Nashik-3,Nashik,Personal Care,Wheat,2,248,0.29,352.16,87.22,UPI
ORD03540,2023-10-30,10,October,44,DMart-Thane-2,Thane,Beverages,Chips,3,345,0.21,817.65,184.61,Cash
ORD03541,2023-05-04,5,May,18,DMart-Pune-3,Pune,Groceries,Tissue,4,52,0.04,199.68,33.35,Cash
ORD03542,2023-07-01,7,July,26,DMart-Mumbai-1,Mumbai,Dairy,Wheat,1,372,0.09,338.52,101.05,UPI
ORD03543,2023-10-15,10,October,41,DMart-Mumbai-3,Mumbai,Beverages,Oil,3,127,0.07,354.33,98.13,Wallet
ORD03544,2023-11-02,11,November,44,DMart-Nashik-2,Nashik,Dairy,Shampoo,2,442,0.24,671.84,133.22,Card
ORD03545,2023-04-07,4,April,14,DMart-Thane-1,Thane,Groceries,Sugar,2,77,0.07,143.22,33.14,Cash
ORD03546,2023-05-21,5,May,20,DMart-Pune-2,Pune,Personal Care,Bread,2,203,0.28,292.32,56.17,UPI
ORD03547,2023-10-10,10,October,41,DMart-Mumbai-2,Mumbai,Personal Care,Juice,2,483,0.25,724.5,169.22,Cash
ORD03548,2023-09-26,9,September,39,DMart-Thane-2,Thane,Personal Care,Biscuits,5,134,0.06,629.8,132.76,Card
ORD03549,2023-06-28,6,June,26,DMart-Mumbai-1,Mumbai,Beverages,Toothpaste,3,61,0.2,146.4,36.79,Cash
ORD03550,2023-10-27,10,October,43,DMart-Nashik-3,Nashik,Beverages,Soap,1,68,0.15,57.8,13.47,Card
ORD03551,2023-06-26,6,June,26,DMart-Mumbai-1,Mumbai,Beverages,Biscuits,2,406,0.22,633.36,120.81,Wallet
ORD03552,2023-03-11,3,March,10,DMart-Pune-1,Pune,Dairy,Coffee,1,298,0.13,259.26,49.55,Wallet
ORD03553,2023-05-09,5,May,19,DMart-Pune-3,Pune,Groceries,Water,2,451,0.27,658.46,77.29,Wallet
ORD03554,2023-07-11,7,July,28,DMart-Mumbai-3,Mumbai,Dairy,Juice,4,409,0.08,1505.12,416.31,Wallet
ORD03555,2023-01-15,1,January,2,DMart-Thane-2,Thane,Beverages,Detergent,1,289,0.16,242.76,71.65,Wallet
ORD03556,2023-07-20,7,July,29,DMart-Thane-1,Thane,Groceries,Bread,5,321,0.29,1139.55,127.45,UPI
ORD03557,2023-02-12,2,February,6,DMart-Pune-3,Pune,Dairy,Juice,2,30,0.29,42.6,9.53,Cash
ORD03558,2023-08-12,8,August,32,DMart-Thane-3,Thane,Groceries,Coffee,3,179,0.01,531.63,128.9,UPI
ORD03559,2023-03-06,3,March,10,DMart-Nashik-1,Nashik,Personal Care,Juice,1,136,0.3,95.2,12.82,UPI
ORD03560,2023-05-24,5,May,21,DMart-Pune-2,Pune,Household,Soap,5,490,0.16,2058.0,599.81,Card
ORD03561,2023-02-16,2,February,7,DMart-Pune-1,Pune,Dairy,Toothpaste,2,49,0.11,87.22,19.32,Wallet
ORD03562,2023-06-02,6,June,22,DMart-Thane-3,Thane,Groceries,Biscuits,2,459,0.17,761.94,102.97,UPI
ORD03563,2023-02-24,2,February,8,DMart-Nagpur-2,Nagpur,Beverages,Soap,4,87,0.11,309.72,78.49,Wallet
ORD03564,2023-08-27,8,August,34,DMart-Pune-2,Pune,Household,Bread,1,332,0.03,322.04,78.47,Cash
ORD03565,2023-05-27,5,May,21,DMart-Pune-1,Pune,Dairy,Shampoo,1,478,0.16,401.52,108.48,Card
ORD03566,2023-05-08,5,May,19,DMart-Nashik-3,Nashik,Household,Juice,2,210,0.29,298.2,77.27,Cash
ORD03567,2023-12-18,12,December,51,DMart-Mumbai-2,Mumbai,Household,Bread,4,267,0.03,1035.96,244.11,Card
ORD03568,2023-01-09,1,January,2,DMart-Nashik-3,Nashik,Dairy,Juice,5,369,0.03,1789.65,518.54,Wallet
ORD03569,2023-11-06,11,November,45,DMart-Nagpur-2,Nagpur,Personal Care,Milk,3,482,0.25,1084.5,122.38,UPI
ORD03570,2023-03-24,3,March,12,DMart-Mumbai-2,Mumbai,Groceries,Detergent,4,451,0.04,1731.84,410.55,Cash
ORD03571,2023-09-15,9,September,37,DMart-Thane-1,Thane,Dairy,Coffee,5,439,0.04,2107.2,276.77,UPI
ORD03572,2023-07-23,7,July,29,DMart-Nashik-1,Nashik,Beverages,Sugar,2,246,0.21,388.68,74.67,Wallet
ORD03573,2023-02-28,2,February,9,DMart-Nagpur-2,Nagpur,Beverages,Rice,5,90,0.16,378.0,89.39,Cash
ORD03574,2023-08-15,8,August,33,DMart-Thane-3,Thane,Beverages,Toothpaste,5,455,0.23,1751.75,391.95,Cash
ORD03575,2023-07-11,7,July,28,DMart-Nashik-1,Nashik,Groceries,Eggs,3,150,0.1,405.0,44.64,UPI
ORD03576,2023-01-04,1,January,1,DMart-Nagpur-3,Nagpur,Personal Care,Milk,5,400,0.07,1860.0,394.49,Cash
ORD03577,2023-04-20,4,April,16,DMart-Nagpur-3,Nagpur,Beverages,Toothpaste,1,470,0.05,446.5,97.73,Wallet
ORD03578,2023-08-20,8,August,33,DMart-Nashik-1,Nashik,Groceries,Water,1,141,0.08,129.72,13.19,UPI
ORD03579,2023-05-20,5,May,20,DMart-Nagpur-3,Nagpur,Personal Care,Juice,3,367,0.09,1001.91,225.52,UPI
ORD03580,2023-05-03,5,May,18,DMart-Pune-1,Pune,Household,Juice,1,278,0.01,275.22,31.68,UPI
ORD03581,2023-08-17,8,August,33,DMart-Pune-2,Pune,Groceries,Bread,3,44,0.03,128.04,19.04,Wallet
ORD03582,2023-01-31,1,January,5,DMart-Pune-1,Pune,Household,Oil,2,178,0.04,341.76,34.38,UPI
ORD03583,2023-07-05,7,July,27,DMart-Thane-3,Thane,Dairy,Soap,5,36,0.23,138.6,19.32,Cash
ORD03584,2023-12-11,12,December,50,DMart-Mumbai-1,Mumbai,Household,Water,4,82,0.07,305.04,55.84,UPI
ORD03585,2023-10-03,10,October,40,DMart-Thane-3,Thane,Personal Care,Sugar,4,145,0.19,469.8,48.17,Card
ORD03586,2023-11-28,11,November,48,DMart-Pune-3,Pune,Personal Care,Coffee,2,266,0.01,526.68,57.17,UPI
ORD03587,2023-02-11,2,February,6,DMart-Mumbai-1,Mumbai,Groceries,Shampoo,1,419,0.3,293.3,57.13,Wallet
ORD03588,2023-02-28,2,February,9,DMart-Mumbai-1,Mumbai,Dairy,Juice,5,157,0.11,698.65,191.62,Card
ORD03589,2023-02-23,2,February,8,DMart-Nashik-1,Nashik,Dairy,Bread,1,254,0.16,213.36,37.18,Cash
ORD03590,2023-10-27,10,October,43,DMart-Pune-3,Pune,Household,Sugar,3,155,0.11,413.85,62.87,Wallet
ORD03591,2023-11-07,11,November,45,DMart-Nashik-2,Nashik,Dairy,Coffee,4,335,0.11,1192.6,199.98,Cash
ORD03592,2023-11-04,11,November,44,DMart-Nagpur-2,Nagpur,Personal Care,Bread,4,239,0.02,936.88,137.97,Cash
ORD03593,2023-12-19,12,December,51,DMart-Thane-1,Thane,Household,Detergent,2,232,0.27,338.72,62.71,Card
ORD03594,2023-07-25,7,July,30,DMart-Nashik-3,Nashik,Dairy,Oil,4,399,0.24,1212.96,322.45,Wallet
ORD03595,2023-10-06,10,October,40,DMart-Mumbai-2,Mumbai,Groceries,Soap,3,210,0.15,535.5,75.77,UPI
ORD03596,2023-10-06,10,October,40,DMart-Mumbai-3,Mumbai,Personal Care,Detergent,3,402,0.26,892.44,266.44,UPI
ORD03597,2023-04-22,4,April,16,DMart-Nashik-3,Nashik,Personal Care,Toothpaste,3,55,0.09,150.15,38.66,Wallet
ORD03598,2023-04-01,4,April,13,DMart-Thane-2,Thane,Personal Care,Coffee,2,124,0.0,248.0,39.52,Cash
ORD03599,2023-02-06,2,February,6,DMart-Thane-2,Thane,Personal Care,Tea,1,418,0.21,330.22,52.72,Cash
ORD03600,2023-07-11,7,July,28,DMart-Nagpur-3,Nagpur,Beverages,Bread,2,281,0.03,545.14,120.04,Wallet
ORD03601,2023-04-17,4,April,16,DMart-Pune-3,Pune,Beverages,Juice,1,265,0.26,196.1,29.42,Wallet
ORD03602,2023-10-03,10,October,40,DMart-Nagpur-1,Nagpur,Household,Water,4,281,0.29,798.04,83.29,UPI
ORD03603,2023-01-02,1,January,1,DMart-Nashik-3,Nashik,Beverages,Rice,2,297,0.15,504.9,119.45,UPI
ORD03604,2023-07-25,7,July,30,DMart-Thane-3,Thane,Groceries,Soap,3,411,0.18,1011.06,298.37,UPI
ORD03605,2023-12-28,12,December,52,DMart-Pune-1,Pune,Dairy,Oil,1,267,0.12,234.96,39.0,Card
ORD03606,2023-02-02,2,February,5,DMart-Mumbai-3,Mumbai,Beverages,Wheat,4,45,0.23,138.6,39.82,Cash
ORD03607,2023-02-11,2,February,6,DMart-Nagpur-2,Nagpur,Personal Care,Tissue,2,107,0.16,179.76,23.62,Cash
ORD03608,2023-09-23,9,September,38,DMart-Thane-1,Thane,Groceries,Eggs,5,64,0.03,310.4,58.75,Wallet
ORD03609,2023-11-30,11,November,48,DMart-Nashik-1,Nashik,Personal Care,Wheat,4,191,0.16,641.76,142.83,Card
ORD03610,2023-10-23,10,October,43,DMart-Mumbai-1,Mumbai,Beverages,Coffee,5,317,0.14,1363.1,306.5,Card
ORD03611,2023-03-24,3,March,12,DMart-Nashik-2,Nashik,Groceries,Milk,1,271,0.03,262.87,40.96,Wallet
ORD03612,2023-06-21,6,June,25,DMart-Thane-2,Thane,Beverages,Juice,1,284,0.17,235.72,52.79,Cash
ORD03613,2023-01-05,1,January,1,DMart-Nashik-2,Nashik,Groceries,Juice,2,272,0.2,435.2,113.22,Card
ORD03614,2023-07-28,7,July,30,DMart-Thane-1,Thane,Groceries,Soap,2,228,0.26,337.44,40.1,Wallet
ORD03615,2023-07-07,7,July,27,DMart-Nagpur-1,Nagpur,Personal Care,Biscuits,2,438,0.23,674.52,184.38,Cash
ORD03616,2023-08-03,8,August,31,DMart-Nagpur-3,Nagpur,Household,Toothpaste,2,230,0.15,391.0,110.56,Cash
ORD03617,2023-02-15,2,February,7,DMart-Thane-1,Thane,Household,Eggs,5,456,0.2,1824.0,394.26,Cash
ORD03618,2023-07-20,7,July,29,DMart-Thane-2,Thane,Dairy,Detergent,1,377,0.03,365.69,92.42,Cash
ORD03619,2023-09-13,9,September,37,DMart-Thane-3,Thane,Personal Care,Sugar,3,272,0.06,767.04,198.72,UPI
ORD03620,2023-02-28,2,February,9,DMart-Nashik-1,Nashik,Dairy,Water,2,430,0.13,748.2,212.63,UPI
ORD03621,2023-02-09,2,February,6,DMart-Mumbai-1,Mumbai,Household,Coffee,5,460,0.1,2070.0,317.85,Cash
ORD03622,2023-06-08,6,June,23,DMart-Pune-2,Pune,Dairy,Wheat,2,263,0.19,426.06,73.05,Card
ORD03623,2023-09-22,9,September,38,DMart-Nashik-2,Nashik,Household,Chips,3,135,0.22,315.9,58.19,UPI
ORD03624,2023-12-15,12,December,50,DMart-Thane-3,Thane,Groceries,Tissue,4,98,0.27,286.16,44.55,UPI
ORD03625,2023-11-06,11,November,45,DMart-Pune-3,Pune,Dairy,Milk,3,486,0.24,1108.08,323.8,Cash
ORD03626,2023-08-13,8,August,32,DMart-Pune-3,Pune,Groceries,Shampoo,5,446,0.22,1739.4,431.29,Cash
ORD03627,2023-11-19,11,November,46,DMart-Nashik-3,Nashik,Personal Care,Shampoo,4,464,0.28,1336.32,181.61,Cash
ORD03628,2023-12-27,12,December,52,DMart-Nagpur-1,Nagpur,Dairy,Bread,1,227,0.03,220.19,52.68,UPI
ORD03629,2023-10-20,10,October,42,DMart-Nashik-1,Nashik,Beverages,Shampoo,1,152,0.26,112.48,15.93,Card
ORD03630,2023-06-12,6,June,24,DMart-Thane-1,Thane,Groceries,Soap,4,180,0.06,676.8,172.72,UPI
ORD03631,2023-01-05,1,January,1,DMart-Nashik-1,Nashik,Household,Coffee,5,224,0.21,884.8,218.88,Cash
ORD03632,2023-11-30,11,November,48,DMart-Thane-2,Thane,Beverages,Juice,5,205,0.17,850.75,164.16,Card
ORD03633,2023-01-17,1,January,3,DMart-Nagpur-2,Nagpur,Household,Tissue,2,329,0.22,513.24,62.37,UPI
ORD03634,2023-06-18,6,June,24,DMart-Pune-1,Pune,Personal Care,Sugar,5,225,0.02,1102.5,124.92,UPI
ORD03635,2023-11-15,11,November,46,DMart-Thane-3,Thane,Dairy,Coffee,4,498,0.14,1713.12,181.17,UPI
ORD03636,2023-03-03,3,March,9,DMart-Mumbai-3,Mumbai,Dairy,Coffee,3,381,0.0,1143.0,275.77,Card
ORD03637,2023-03-09,3,March,10,DMart-Nagpur-3,Nagpur,Dairy,Bread,3,396,0.03,1152.36,273.88,UPI
ORD03638,2023-02-01,2,February,5,DMart-Nashik-3,Nashik,Dairy,Juice,2,114,0.13,198.36,32.24,Cash
ORD03639,2023-02-18,2,February,7,DMart-Pune-2,Pune,Groceries,Tissue,3,352,0.09,960.96,147.69,Card
ORD03640,2023-03-21,3,March,12,DMart-Nashik-1,Nashik,Dairy,Rice,3,374,0.07,1043.46,273.08,Card
ORD03641,2023-01-04,1,January,1,DMart-Mumbai-2,Mumbai,Personal Care,Toothpaste,3,230,0.22,538.2,150.1,Cash
ORD03642,2023-12-09,12,December,49,DMart-Pune-2,Pune,Personal Care,Detergent,1,356,0.1,320.4,58.73,Cash
ORD03643,2023-11-10,11,November,45,DMart-Nagpur-3,Nagpur,Groceries,Toothpaste,4,178,0.11,633.68,87.75,Cash
ORD03644,2023-04-09,4,April,14,DMart-Pune-2,Pune,Groceries,Tea,3,183,0.26,406.26,92.33,Card
ORD03645,2023-02-17,2,February,7,DMart-Thane-2,Thane,Household,Wheat,2,485,0.12,853.6,232.19,Cash
ORD03646,2023-01-14,1,January,2,DMart-Thane-3,Thane,Beverages,Eggs,3,216,0.19,524.88,80.53,UPI
ORD03647,2023-01-19,1,January,3,DMart-Thane-1,Thane,Dairy,Bread,4,265,0.22,826.8,145.78,Wallet
ORD03648,2023-11-04,11,November,44,DMart-Nagpur-1,Nagpur,Dairy,Bread,3,311,0.07,867.69,126.98,Cash
ORD03649,2023-10-19,10,October,42,DMart-Nashik-1,Nashik,Groceries,Shampoo,1,447,0.2,357.6,94.6,UPI
ORD03650,2023-11-08,11,November,45,DMart-Mumbai-3,Mumbai,Household,Rice,2,426,0.25,639.0,165.37,Card
ORD03651,2023-12-01,12,December,48,DMart-Nagpur-3,Nagpur,Beverages,Milk,4,21,0.13,73.08,17.15,UPI
ORD03652,2023-05-19,5,May,20,DMart-Thane-1,Thane,Dairy,Juice,3,123,0.21,291.51,59.32,UPI
ORD03653,2023-05-02,5,May,18,DMart-Thane-3,Thane,Dairy,Shampoo,3,261,0.03,759.51,218.6,Wallet
ORD03654,2023-08-12,8,August,32,DMart-Nashik-1,Nashik,Groceries,Shampoo,4,279,0.24,848.16,221.94,Card
ORD03655,2023-03-31,3,March,13,DMart-Thane-1,Thane,Dairy,Toothpaste,5,392,0.05,1862.0,329.1,UPI
ORD03656,2023-10-11,10,October,41,DMart-Nashik-2,Nashik,Beverages,Chips,4,30,0.08,110.4,15.55,Cash
ORD03657,2023-10-23,10,October,43,DMart-Nagpur-3,Nagpur,Dairy,Biscuits,5,408,0.2,1632.0,458.08,Card
ORD03658,2023-11-08,11,November,45,DMart-Nashik-1,Nashik,Personal Care,Shampoo,1,451,0.07,419.43,89.7,Wallet
ORD03659,2023-05-26,5,May,21,DMart-Nagpur-2,Nagpur,Dairy,Chips,5,185,0.03,897.25,240.37,Wallet
ORD03660,2023-06-18,6,June,24,DMart-Pune-1,Pune,Beverages,Wheat,1,254,0.25,190.5,39.98,Cash
ORD03661,2023-01-20,1,January,3,DMart-Pune-1,Pune,Beverages,Chips,5,89,0.16,373.8,108.37,Card
ORD03662,2023-05-26,5,May,21,DMart-Nagpur-3,Nagpur,Personal Care,Water,4,284,0.13,988.32,187.78,Card
ORD03663,2023-08-22,8,August,34,DMart-Nashik-2,Nashik,Personal Care,Rice,1,378,0.14,325.08,78.04,Cash
ORD03664,2023-08-10,8,August,32,DMart-Mumbai-2,Mumbai,Groceries,Wheat,3,453,0.19,1100.79,207.02,Cash
ORD03665,2023-01-14,1,January,2,DMart-Nagpur-2,Nagpur,Household,Eggs,4,153,0.03,593.64,99.34,Card
ORD03666,2023-08-03,8,August,31,DMart-Nagpur-3,Nagpur,Beverages,Juice,3,20,0.02,58.8,12.26,Wallet
ORD03667,2023-01-11,1,January,2,DMart-Thane-3,Thane,Personal Care,Oil,3,271,0.08,747.96,159.01,UPI
ORD03668,2023-04-15,4,April,15,DMart-Nagpur-1,Nagpur,Dairy,Toothpaste,5,208,0.28,748.8,170.68,Card
ORD03669,2023-01-10,1,January,2,DMart-Nagpur-1,Nagpur,Beverages,Shampoo,1,408,0.2,326.4,54.52,Wallet
ORD03670,2023-12-29,12,December,52,DMart-Thane-3,Thane,Personal Care,Soap,3,195,0.01,579.15,73.63,Card
ORD03671,2023-04-02,4,April,13,DMart-Thane-1,Thane,Personal Care,Tissue,4,56,0.26,165.76,39.88,UPI
ORD03672,2023-06-19,6,June,25,DMart-Mumbai-1,Mumbai,Groceries,Tea,1,173,0.27,126.29,15.91,UPI
ORD03673,2023-10-03,10,October,40,DMart-Nashik-2,Nashik,Personal Care,Chips,2,239,0.24,363.28,63.68,Card
ORD03674,2023-09-21,9,September,38,DMart-Thane-1,Thane,Personal Care,Sugar,2,409,0.16,687.12,157.6,UPI
ORD03675,2023-07-28,7,July,30,DMart-Pune-3,Pune,Groceries,Tissue,4,363,0.06,1364.88,224.68,UPI
ORD03676,2023-01-10,1,January,2,DMart-Nagpur-2,Nagpur,Groceries,Sugar,1,414,0.27,302.22,76.41,Wallet
ORD03677,2023-11-04,11,November,44,DMart-Nashik-1,Nashik,Groceries,Chips,5,432,0.2,1728.0,244.82,Card
ORD03678,2023-11-26,11,November,47,DMart-Nagpur-1,Nagpur,Beverages,Detergent,4,95,0.14,326.8,55.57,Wallet
ORD03679,2023-01-25,1,January,4,DMart-Pune-1,Pune,Personal Care,Eggs,4,187,0.04,718.08,79.22,Wallet
ORD03680,2023-04-21,4,April,16,DMart-Pune-2,Pune,Beverages,Shampoo,3,368,0.06,1037.76,234.3,Wallet
ORD03681,2023-09-18,9,September,38,DMart-Mumbai-3,Mumbai,Dairy,Water,1,139,0.17,115.37,13.2,UPI
ORD03682,2023-04-24,4,April,17,DMart-Nashik-2,Nashik,Personal Care,Biscuits,4,367,0.02,1438.64,281.05,Cash
ORD03683,2023-08-18,8,August,33,DMart-Pune-3,Pune,Groceries,Soap,4,473,0.09,1721.72,268.57,Wallet
ORD03684,2023-08-25,8,August,34,DMart-Pune-1,Pune,Dairy,Juice,4,365,0.28,1051.2,133.69,Wallet
ORD03685,2023-08-16,8,August,33,DMart-Nashik-3,Nashik,Beverages,Tissue,1,376,0.16,315.84,70.39,Wallet
ORD03686,2023-09-11,9,September,37,DMart-Pune-2,Pune,Personal Care,Shampoo,3,415,0.19,1008.45,155.83,UPI
ORD03687,2023-05-27,5,May,21,DMart-Nagpur-2,Nagpur,Beverages,Detergent,5,90,0.11,400.5,108.01,Wallet
ORD03688,2023-05-10,5,May,19,DMart-Nagpur-2,Nagpur,Dairy,Rice,4,263,0.14,904.72,166.45,Card
ORD03689,2023-01-13,1,January,2,DMart-Mumbai-2,Mumbai,Dairy,Shampoo,4,31,0.13,107.88,20.87,Card
ORD03690,2023-11-02,11,November,44,DMart-Nashik-1,Nashik,Beverages,Tea,3,122,0.02,358.68,41.32,Wallet
ORD03691,2023-04-17,4,April,16,DMart-Thane-2,Thane,Groceries,Eggs,5,338,0.01,1673.1,431.25,Cash
ORD03692,2023-10-20,10,October,42,DMart-Thane-3,Thane,Groceries,Shampoo,4,427,0.11,1520.12,273.14,UPI
ORD03693,2023-05-04,5,May,18,DMart-Nashik-1,Nashik,Beverages,Toothpaste,2,195,0.16,327.6,97.18,Card
ORD03694,2023-12-02,12,December,48,DMart-Pune-1,Pune,Beverages,Juice,3,145,0.3,304.5,41.43,UPI
ORD03695,2023-07-30,7,July,30,DMart-Pune-2,Pune,Groceries,Juice,1,343,0.27,250.39,73.01,Wallet
ORD03696,2023-01-15,1,January,2,DMart-Nashik-1,Nashik,Groceries,Sugar,2,50,0.26,74.0,11.95,Card
ORD03697,2023-08-04,8,August,31,DMart-Thane-3,Thane,Groceries,Sugar,5,327,0.16,1373.4,293.27,Wallet
ORD03698,2023-06-10,6,June,23,DMart-Nagpur-3,Nagpur,Groceries,Sugar,1,300,0.21,237.0,65.73,UPI
ORD03699,2023-08-18,8,August,33,DMart-Nagpur-2,Nagpur,Personal Care,Shampoo,1,238,0.09,216.58,53.29,Wallet
ORD03700,2023-08-06,8,August,31,DMart-Mumbai-1,Mumbai,Household,Sugar,4,349,0.16,1172.64,231.45,Card
ORD03701,2023-08-25,8,August,34,DMart-Thane-3,Thane,Personal Care,Juice,4,363,0.17,1205.16,333.93,Cash
ORD03702,2023-07-10,7,July,28,DMart-Mumbai-1,Mumbai,Beverages,Milk,3,226,0.19,549.18,119.3,Cash
ORD03703,2023-05-22,5,May,21,DMart-Thane-1,Thane,Dairy,Bread,2,374,0.0,748.0,184.01,UPI
ORD03704,2023-09-12,9,September,37,DMart-Nagpur-2,Nagpur,Beverages,Juice,1,457,0.1,411.3,64.02,UPI
ORD03705,2023-11-16,11,November,46,DMart-Pune-3,Pune,Personal Care,Tissue,2,109,0.02,213.64,32.19,Cash
ORD03706,2023-04-21,4,April,16,DMart-Pune-2,Pune,Household,Sugar,4,218,0.01,863.28,139.56,Wallet
ORD03707,2023-05-05,5,May,18,DMart-Thane-3,Thane,Household,Eggs,1,322,0.08,296.24,56.51,Card
ORD03708,2023-03-27,3,March,13,DMart-Pune-1,Pune,Personal Care,Shampoo,3,173,0.26,384.06,48.25,Card
ORD03709,2023-11-07,11,November,45,DMart-Nashik-2,Nashik,Beverages,Shampoo,1,72,0.29,51.12,14.28,UPI
ORD03710,2023-04-26,4,April,17,DMart-Mumbai-2,Mumbai,Personal Care,Detergent,2,350,0.26,518.0,88.82,Wallet
ORD03711,2023-07-31,7,July,31,DMart-Pune-1,Pune,Personal Care,Toothpaste,3,265,0.03,771.15,108.55,Card
ORD03712,2023-02-09,2,February,6,DMart-Pune-1,Pune,Dairy,Detergent,2,24,0.11,42.72,8.66,Card
ORD03713,2023-08-03,8,August,31,DMart-Thane-1,Thane,Household,Chips,1,437,0.11,388.93,55.23,Card
ORD03714,2023-11-23,11,November,47,DMart-Nashik-3,Nashik,Groceries,Bread,5,270,0.19,1093.5,181.05,Cash
ORD03715,2023-10-23,10,October,43,DMart-Nagpur-3,Nagpur,Beverages,Detergent,1,381,0.29,270.51,36.29,Wallet
ORD03716,2023-06-19,6,June,25,DMart-Nashik-1,Nashik,Household,Biscuits,1,449,0.12,395.12,75.92,UPI
ORD03717,2023-04-21,4,April,16,DMart-Nagpur-3,Nagpur,Dairy,Tissue,1,457,0.18,374.74,53.99,Cash
ORD03718,2023-10-08,10,October,40,DMart-Nashik-2,Nashik,Groceries,Wheat,5,120,0.02,588.0,155.13,Wallet
ORD03719,2023-04-07,4,April,14,DMart-Nashik-3,Nashik,Dairy,Shampoo,5,380,0.26,1406.0,189.26,UPI
ORD03720,2023-02-22,2,February,8,DMart-Nashik-2,Nashik,Household,Biscuits,2,257,0.24,390.64,105.24,Cash
ORD03721,2023-03-30,3,March,13,DMart-Pune-2,Pune,Household,Sugar,2,180,0.15,306.0,85.96,Cash
ORD03722,2023-02-14,2,February,7,DMart-Nashik-3,Nashik,Personal Care,Toothpaste,2,65,0.07,120.9,14.12,Card
ORD03723,2023-07-05,7,July,27,DMart-Mumbai-1,Mumbai,Groceries,Eggs,3,52,0.07,145.08,15.64,Card
ORD03724,2023-06-01,6,June,22,DMart-Mumbai-2,Mumbai,Personal Care,Rice,5,245,0.02,1200.5,281.33,Cash
ORD03725,2023-11-12,11,November,45,DMart-Pune-3,Pune,Beverages,Juice,5,334,0.09,1519.7,353.68,Card
ORD03726,2023-08-22,8,August,34,DMart-Pune-2,Pune,Personal Care,Juice,3,141,0.1,380.7,113.29,Cash
ORD03727,2023-10-13,10,October,41,DMart-Thane-1,Thane,Household,Bread,1,322,0.04,309.12,56.05,Card
ORD03728,2023-06-24,6,June,25,DMart-Thane-1,Thane,Groceries,Milk,3,233,0.21,552.21,64.28,Cash
ORD03729,2023-01-12,1,January,2,DMart-Thane-1,Thane,Groceries,Juice,4,489,0.2,1564.8,275.57,Cash
ORD03730,2023-01-09,1,January,2,DMart-Mumbai-3,Mumbai,Household,Wheat,2,345,0.05,655.5,152.62,Cash
ORD03731,2023-07-27,7,July,30,DMart-Thane-2,Thane,Dairy,Tissue,5,233,0.29,827.15,103.55,Cash
ORD03732,2023-11-21,11,November,47,DMart-Nagpur-1,Nagpur,Beverages,Coffee,4,495,0.05,1881.0,432.77,Wallet
ORD03733,2023-03-16,3,March,11,DMart-Nashik-3,Nashik,Household,Rice,3,119,0.15,303.45,65.12,Cash
ORD03734,2023-01-02,1,January,1,DMart-Thane-2,Thane,Beverages,Rice,2,311,0.04,597.12,138.78,Card
ORD03735,2023-09-10,9,September,36,DMart-Mumbai-3,Mumbai,Dairy,Milk,4,302,0.01,1195.92,287.85,UPI
ORD03736,2023-01-16,1,January,3,DMart-Nagpur-2,Nagpur,Personal Care,Wheat,3,487,0.17,1212.63,203.62,UPI
ORD03737,2023-05-11,5,May,19,DMart-Mumbai-2,Mumbai,Household,Eggs,1,257,0.04,246.72,54.77,Card
ORD03738,2023-06-21,6,June,25,DMart-Thane-2,Thane,Groceries,Bread,5,189,0.28,680.4,193.98,Cash
ORD03739,2023-12-28,12,December,52,DMart-Pune-2,Pune,Household,Milk,1,224,0.25,168.0,29.57,Cash
ORD03740,2023-03-30,3,March,13,DMart-Pune-2,Pune,Beverages,Bread,4,26,0.25,78.0,13.39,Wallet
ORD03741,2023-05-15,5,May,20,DMart-Thane-3,Thane,Personal Care,Tea,5,374,0.3,1309.0,220.19,Cash
ORD03742,2023-05-12,5,May,19,DMart-Nagpur-1,Nagpur,Household,Sugar,5,393,0.16,1650.6,274.16,Card
ORD03743,2023-04-15,4,April,15,DMart-Pune-3,Pune,Groceries,Wheat,4,481,0.1,1731.6,390.3,Wallet
ORD03744,2023-03-10,3,March,10,DMart-Nagpur-3,Nagpur,Household,Soap,4,306,0.16,1028.16,207.41,Wallet
ORD03745,2023-07-15,7,July,28,DMart-Mumbai-2,Mumbai,Personal Care,Biscuits,5,376,0.19,1522.8,404.94,UPI
ORD03746,2023-07-19,7,July,29,DMart-Nashik-2,Nashik,Personal Care,Wheat,2,351,0.28,505.44,144.3,Cash
ORD03747,2023-02-15,2,February,7,DMart-Nagpur-2,Nagpur,Dairy,Oil,4,304,0.0,1216.0,345.86,Card
ORD03748,2023-12-07,12,December,49,DMart-Nagpur-3,Nagpur,Groceries,Tea,5,405,0.19,1640.25,169.08,Cash
ORD03749,2023-04-17,4,April,16,DMart-Thane-1,Thane,Groceries,Chips,3,409,0.27,895.71,267.78,Card
ORD03750,2023-05-06,5,May,18,DMart-Thane-1,Thane,Dairy,Tissue,5,387,0.09,1760.85,284.57,Cash
ORD03751,2023-05-13,5,May,19,DMart-Pune-2,Pune,Household,Tea,1,394,0.3,275.8,47.53,Wallet
ORD03752,2023-03-07,3,March,10,DMart-Thane-3,Thane,Dairy,Tissue,3,321,0.28,693.36,82.23,Wallet
ORD03753,2023-08-31,8,August,35,DMart-Mumbai-3,Mumbai,Groceries,Eggs,5,439,0.1,1975.5,485.46,Wallet
ORD03754,2023-09-10,9,September,36,DMart-Nashik-2,Nashik,Household,Rice,5,150,0.24,570.0,115.95,Wallet
ORD03755,2023-06-19,6,June,25,DMart-Thane-2,Thane,Dairy,Water,2,323,0.11,574.94,146.53,UPI
ORD03756,2023-03-23,3,March,12,DMart-Nashik-1,Nashik,Dairy,Detergent,5,387,0.28,1393.2,139.77,Cash
ORD03757,2023-09-27,9,September,39,DMart-Nashik-3,Nashik,Dairy,Eggs,3,145,0.06,408.9,44.3,Card
ORD03758,2023-08-07,8,August,32,DMart-Thane-2,Thane,Beverages,Tissue,4,368,0.15,1251.2,352.0,Wallet
ORD03759,2023-09-15,9,September,37,DMart-Pune-1,Pune,Household,Rice,3,224,0.1,604.8,157.45,Wallet
ORD03760,2023-05-18,5,May,20,DMart-Mumbai-2,Mumbai,Household,Shampoo,5,186,0.15,790.5,131.97,UPI
ORD03761,2023-07-02,7,July,26,DMart-Thane-2,Thane,Groceries,Eggs,4,500,0.1,1800.0,503.0,Card
ORD03762,2023-11-04,11,November,44,DMart-Thane-3,Thane,Household,Bread,5,378,0.15,1606.5,248.86,Wallet
ORD03763,2023-05-22,5,May,21,DMart-Nashik-3,Nashik,Groceries,Sugar,3,381,0.16,960.12,170.09,UPI
ORD03764,2023-08-08,8,August,32,DMart-Mumbai-2,Mumbai,Beverages,Tea,1,409,0.26,302.66,75.56,Wallet
ORD03765,2023-08-06,8,August,31,DMart-Nashik-1,Nashik,Beverages,Shampoo,3,134,0.19,325.62,59.02,Card
ORD03766,2023-02-06,2,February,6,DMart-Nagpur-3,Nagpur,Personal Care,Biscuits,1,179,0.19,144.99,26.19,Wallet
ORD03767,2023-05-02,5,May,18,DMart-Nashik-2,Nashik,Groceries,Rice,2,309,0.11,550.02,136.01,UPI
ORD03768,2023-02-01,2,February,5,DMart-Nashik-1,Nashik,Personal Care,Oil,2,421,0.26,623.08,67.0,Card
ORD03769,2023-10-22,10,October,42,DMart-Pune-2,Pune,Dairy,Coffee,3,108,0.04,311.04,38.96,UPI
ORD03770,2023-06-06,6,June,23,DMart-Thane-2,Thane,Personal Care,Bread,4,215,0.17,713.8,78.35,Card
ORD03771,2023-08-12,8,August,32,DMart-Nashik-1,Nashik,Groceries,Wheat,5,431,0.01,2133.45,330.51,UPI
ORD03772,2023-04-11,4,April,15,DMart-Nashik-2,Nashik,Household,Toothpaste,1,22,0.26,16.28,4.41,UPI
ORD03773,2023-08-13,8,August,32,DMart-Thane-3,Thane,Beverages,Soap,5,426,0.12,1874.4,337.48,Wallet
ORD03774,2023-02-23,2,February,8,DMart-Pune-3,Pune,Beverages,Biscuits,3,153,0.13,399.33,110.28,UPI
ORD03775,2023-10-27,10,October,43,DMart-Nashik-2,Nashik,Personal Care,Milk,5,40,0.28,144.0,27.0,Card
ORD03776,2023-07-26,7,July,30,DMart-Pune-1,Pune,Personal Care,Milk,1,89,0.2,71.2,11.86,Wallet
ORD03777,2023-12-23,12,December,51,DMart-Mumbai-3,Mumbai,Household,Toothpaste,1,313,0.03,303.61,66.75,Card
ORD03778,2023-07-29,7,July,30,DMart-Mumbai-3,Mumbai,Dairy,Tea,5,431,0.11,1917.95,474.83,Cash
ORD03779,2023-07-02,7,July,26,DMart-Nagpur-2,Nagpur,Dairy,Chips,2,305,0.27,445.3,46.28,Wallet
ORD03780,2023-06-24,6,June,25,DMart-Mumbai-3,Mumbai,Household,Chips,1,91,0.29,64.61,8.51,Wallet
ORD03781,2023-05-14,5,May,19,DMart-Pune-2,Pune,Household,Eggs,4,209,0.15,710.6,162.21,Card
ORD03782,2023-07-22,7,July,29,DMart-Nashik-2,Nashik,Personal Care,Rice,5,307,0.24,1166.6,310.83,Wallet
ORD03783,2023-06-25,6,June,25,DMart-Nagpur-3,Nagpur,Household,Sugar,5,376,0.3,1316.0,157.93,Cash
ORD03784,2023-08-22,8,August,34,DMart-Thane-3,Thane,Beverages,Coffee,1,209,0.04,200.64,43.04,Card
ORD03785,2023-06-03,6,June,22,DMart-Mumbai-2,Mumbai,Beverages,Oil,2,329,0.1,592.2,83.62,Wallet
ORD03786,2023-05-22,5,May,21,DMart-Pune-3,Pune,Dairy,Tissue,2,286,0.16,480.48,123.06,Wallet
ORD03787,2023-05-20,5,May,20,DMart-Thane-1,Thane,Personal Care,Tea,3,242,0.12,638.88,163.57,Cash
ORD03788,2023-09-04,9,September,36,DMart-Thane-2,Thane,Beverages,Rice,3,186,0.23,429.66,95.62,UPI
ORD03789,2023-11-23,11,November,47,DMart-Nagpur-2,Nagpur,Dairy,Toothpaste,4,412,0.17,1367.84,265.57,Cash
ORD03790,2023-06-22,6,June,25,DMart-Thane-1,Thane,Household,Juice,2,109,0.23,167.86,16.88,Card
ORD03791,2023-11-10,11,November,45,DMart-Pune-3,Pune,Personal Care,Wheat,2,227,0.09,413.14,112.8,UPI
ORD03792,2023-07-04,7,July,27,DMart-Mumbai-2,Mumbai,Personal Care,Tea,1,83,0.21,65.57,7.18,Card
ORD03793,2023-11-26,11,November,47,DMart-Pune-2,Pune,Personal Care,Shampoo,2,252,0.24,383.04,60.35,UPI
ORD03794,2023-12-06,12,December,49,DMart-Pune-3,Pune,Beverages,Sugar,5,375,0.15,1593.75,201.93,Card
ORD03795,2023-08-28,8,August,35,DMart-Pune-2,Pune,Beverages,Detergent,3,225,0.03,654.75,94.71,Wallet
ORD03796,2023-06-08,6,June,23,DMart-Nagpur-2,Nagpur,Personal Care,Oil,3,293,0.28,632.88,145.4,UPI
ORD03797,2023-11-14,11,November,46,DMart-Pune-3,Pune,Dairy,Chips,2,141,0.17,234.06,40.57,Card
ORD03798,2023-10-10,10,October,41,DMart-Pune-2,Pune,Household,Rice,3,422,0.15,1076.1,268.34,Wallet
ORD03799,2023-07-05,7,July,27,DMart-Nashik-1,Nashik,Groceries,Detergent,4,354,0.12,1246.08,135.65,Card
ORD03800,2023-11-18,11,November,46,DMart-Thane-3,Thane,Dairy,Oil,2,230,0.07,427.8,61.04,Card
ORD03801,2023-08-16,8,August,33,DMart-Nashik-1,Nashik,Beverages,Rice,4,29,0.03,112.52,16.91,Wallet
ORD03802,2023-11-21,11,November,47,DMart-Thane-3,Thane,Beverages,Oil,4,393,0.21,1241.88,270.7,UPI
ORD03803,2023-05-29,5,May,22,DMart-Mumbai-1,Mumbai,Household,Oil,3,198,0.18,487.08,81.83,UPI
ORD03804,2023-09-13,9,September,37,DMart-Mumbai-1,Mumbai,Beverages,Toothpaste,4,385,0.01,1524.6,189.86,UPI
ORD03805,2023-11-08,11,November,45,DMart-Thane-2,Thane,Groceries,Water,1,29,0.14,24.94,4.23,Cash
ORD03806,2023-12-04,12,December,49,DMart-Thane-1,Thane,Groceries,Wheat,1,244,0.3,170.8,30.17,Card
ORD03807,2023-10-22,10,October,42,DMart-Nagpur-3,Nagpur,Personal Care,Wheat,4,298,0.22,929.76,204.06,Card
ORD03808,2023-06-10,6,June,23,DMart-Pune-3,Pune,Personal Care,Oil,2,482,0.03,935.08,233.63,UPI
ORD03809,2023-12-07,12,December,49,DMart-Pune-3,Pune,Household,Tissue,4,237,0.12,834.24,196.36,UPI
ORD03810,2023-08-08,8,August,32,DMart-Nagpur-1,Nagpur,Dairy,Coffee,3,208,0.22,486.72,99.99,Cash
ORD03811,2023-09-08,9,September,36,DMart-Pune-2,Pune,Personal Care,Wheat,2,85,0.17,141.1,29.3,Cash
ORD03812,2023-04-20,4,April,16,DMart-Mumbai-1,Mumbai,Beverages,Soap,1,439,0.24,333.64,46.3,Cash
ORD03813,2023-05-20,5,May,20,DMart-Mumbai-3,Mumbai,Groceries,Eggs,4,329,0.29,934.36,253.64,Wallet
ORD03814,2023-11-22,11,November,47,DMart-Nashik-3,Nashik,Household,Toothpaste,4,136,0.12,478.72,129.36,UPI
ORD03815,2023-06-10,6,June,23,DMart-Mumbai-2,Mumbai,Household,Coffee,4,231,0.24,702.24,185.42,Card
ORD03816,2023-09-24,9,September,38,DMart-Nagpur-2,Nagpur,Dairy,Rice,1,380,0.21,300.2,33.12,UPI
ORD03817,2023-07-06,7,July,27,DMart-Nagpur-3,Nagpur,Beverages,Juice,2,307,0.12,540.32,143.12,UPI
ORD03818,2023-06-25,6,June,25,DMart-Pune-2,Pune,Personal Care,Bread,4,141,0.25,423.0,92.32,Cash
ORD03819,2023-03-14,3,March,11,DMart-Mumbai-2,Mumbai,Household,Detergent,4,219,0.3,613.2,132.85,UPI
ORD03820,2023-12-11,12,December,50,DMart-Thane-2,Thane,Dairy,Milk,2,427,0.02,836.92,127.86,UPI
ORD03821,2023-06-15,6,June,24,DMart-Thane-2,Thane,Personal Care,Bread,1,62,0.18,50.84,10.06,UPI
ORD03822,2023-06-20,6,June,25,DMart-Thane-2,Thane,Personal Care,Toothpaste,3,408,0.14,1052.64,308.16,Card
ORD03823,2023-07-13,7,July,28,DMart-Pune-2,Pune,Dairy,Biscuits,3,112,0.21,265.44,70.02,Card
ORD03824,2023-02-09,2,February,6,DMart-Nashik-3,Nashik,Household,Oil,5,69,0.21,272.55,73.59,Card
ORD03825,2023-02-13,2,February,7,DMart-Mumbai-1,Mumbai,Personal Care,Eggs,4,491,0.06,1846.16,373.37,Card
ORD03826,2023-03-15,3,March,11,DMart-Pune-1,Pune,Dairy,Wheat,5,302,0.03,1464.7,348.6,Wallet
ORD03827,2023-08-08,8,August,32,DMart-Pune-2,Pune,Beverages,Detergent,1,419,0.17,347.77,88.93,Wallet
ORD03828,2023-02-11,2,February,6,DMart-Mumbai-2,Mumbai,Personal Care,Shampoo,2,363,0.05,689.7,72.82,Card
ORD03829,2023-12-05,12,December,49,DMart-Mumbai-1,Mumbai,Dairy,Detergent,2,121,0.1,217.8,33.41,Cash
ORD03830,2023-02-26,2,February,8,DMart-Mumbai-1,Mumbai,Personal Care,Bread,5,106,0.06,498.2,140.63,UPI
ORD03831,2023-01-01,1,January,52,DMart-Nashik-3,Nashik,Personal Care,Detergent,4,469,0.29,1331.96,210.74,Wallet
ORD03832,2023-01-24,1,January,4,DMart-Nagpur-3,Nagpur,Personal Care,Rice,4,358,0.13,1245.84,151.6,UPI
ORD03833,2023-08-27,8,August,34,DMart-Nagpur-1,Nagpur,Dairy,Water,5,399,0.11,1775.55,178.47,Wallet
ORD03834,2023-12-19,12,December,51,DMart-Pune-2,Pune,Personal Care,Sugar,1,114,0.15,96.9,12.54,Wallet
ORD03835,2023-10-15,10,October,41,DMart-Pune-1,Pune,Beverages,Wheat,5,72,0.12,316.8,83.25,Cash
ORD03836,2023-04-26,4,April,17,DMart-Nagpur-1,Nagpur,Personal Care,Bread,3,452,0.2,1084.8,179.75,Card
ORD03837,2023-11-11,11,November,45,DMart-Nagpur-1,Nagpur,Personal Care,Juice,1,172,0.18,141.04,31.39,Cash
ORD03838,2023-06-15,6,June,24,DMart-Pune-2,Pune,Household,Soap,1,369,0.12,324.72,83.43,Cash
ORD03839,2023-10-17,10,October,42,DMart-Thane-2,Thane,Groceries,Coffee,3,137,0.04,394.56,65.99,Cash
ORD03840,2023-12-28,12,December,52,DMart-Pune-3,Pune,Groceries,Tea,5,83,0.02,406.7,100.65,Cash
ORD03841,2023-04-07,4,April,14,DMart-Mumbai-1,Mumbai,Household,Water,5,92,0.12,404.8,78.09,Wallet
ORD03842,2023-05-22,5,May,21,DMart-Thane-2,Thane,Groceries,Bread,2,190,0.02,372.4,81.81,Wallet
ORD03843,2023-03-12,3,March,10,DMart-Nagpur-1,Nagpur,Dairy,Chips,1,225,0.04,216.0,29.13,Cash
ORD03844,2023-10-09,10,October,41,DMart-Nashik-2,Nashik,Personal Care,Detergent,3,207,0.16,521.64,53.26,UPI
ORD03845,2023-04-12,4,April,15,DMart-Thane-2,Thane,Household,Biscuits,5,138,0.26,510.6,81.5,Cash
ORD03846,2023-01-03,1,January,1,DMart-Nashik-2,Nashik,Beverages,Juice,2,249,0.28,358.56,93.47,Cash
ORD03847,2023-09-03,9,September,35,DMart-Nashik-1,Nashik,Beverages,Toothpaste,3,490,0.12,1293.6,277.84,Card
ORD03848,2023-03-04,3,March,9,DMart-Nashik-1,Nashik,Dairy,Rice,1,396,0.09,360.36,39.43,Cash
ORD03849,2023-03-19,3,March,11,DMart-Nagpur-3,Nagpur,Dairy,Tissue,1,116,0.18,95.12,15.8,Wallet
ORD03850,2023-10-17,10,October,42,DMart-Nashik-3,Nashik,Dairy,Rice,5,193,0.14,829.9,99.58,Wallet
ORD03851,2023-02-11,2,February,6,DMart-Nagpur-2,Nagpur,Groceries,Coffee,1,118,0.11,105.02,19.13,Cash
ORD03852,2023-10-21,10,October,42,DMart-Nagpur-1,Nagpur,Groceries,Toothpaste,3,86,0.29,183.18,52.49,Cash
ORD03853,2023-06-18,6,June,24,DMart-Thane-2,Thane,Personal Care,Sugar,5,149,0.25,558.75,81.79,Card
ORD03854,2023-04-17,4,April,16,DMart-Nagpur-3,Nagpur,Personal Care,Soap,5,217,0.08,998.2,122.84,Wallet
ORD03855,2023-07-26,7,July,30,DMart-Nagpur-1,Nagpur,Personal Care,Tea,4,463,0.27,1351.96,151.59,Card
ORD03856,2023-04-25,4,April,17,DMart-Thane-2,Thane,Beverages,Toothpaste,5,355,0.25,1331.25,323.75,UPI
ORD03857,2023-02-10,2,February,6,DMart-Thane-1,Thane,Dairy,Coffee,2,42,0.07,78.12,10.58,Wallet
ORD03858,2023-08-20,8,August,33,DMart-Nashik-1,Nashik,Personal Care,Chips,3,478,0.27,1046.82,175.93,Cash
ORD03859,2023-06-04,6,June,22,DMart-Pune-2,Pune,Beverages,Tissue,5,479,0.27,1748.35,189.94,Wallet
ORD03860,2023-04-22,4,April,16,DMart-Pune-3,Pune,Household,Oil,3,67,0.12,176.88,18.38,Card
ORD03861,2023-03-25,3,March,12,DMart-Nashik-3,Nashik,Groceries,Coffee,5,252,0.24,957.6,258.3,Card
ORD03862,2023-10-24,10,October,43,DMart-Nagpur-2,Nagpur,Personal Care,Toothpaste,1,231,0.03,224.07,27.22,Wallet
ORD03863,2023-07-20,7,July,29,DMart-Nagpur-1,Nagpur,Personal Care,Toothpaste,3,205,0.21,485.85,120.8,Card
ORD03864,2023-08-25,8,August,34,DMart-Thane-2,Thane,Household,Milk,4,309,0.04,1186.56,158.15,UPI
ORD03865,2023-06-01,6,June,22,DMart-Mumbai-1,Mumbai,Beverages,Detergent,1,157,0.24,119.32,16.78,Card
ORD03866,2023-12-17,12,December,50,DMart-Nashik-2,Nashik,Household,Water,3,459,0.23,1060.29,194.43,Wallet
ORD03867,2023-07-14,7,July,28,DMart-Nagpur-1,Nagpur,Personal Care,Bread,2,54,0.16,90.72,11.47,Wallet
ORD03868,2023-01-18,1,January,3,DMart-Nagpur-2,Nagpur,Personal Care,Tea,4,475,0.14,1634.0,358.22,Cash
ORD03869,2023-12-01,12,December,48,DMart-Nagpur-2,Nagpur,Household,Eggs,4,309,0.04,1186.56,207.94,Wallet
ORD03870,2023-10-29,10,October,43,DMart-Nashik-1,Nashik,Personal Care,Bread,1,55,0.01,54.45,15.75,UPI
ORD03871,2023-07-03,7,July,27,DMart-Thane-2,Thane,Dairy,Oil,5,303,0.13,1318.05,177.25,Cash
ORD03872,2023-07-28,7,July,30,DMart-Thane-2,Thane,Dairy,Tissue,2,167,0.05,317.3,46.44,UPI
ORD03873,2023-01-27,1,January,4,DMart-Pune-2,Pune,Dairy,Milk,5,335,0.29,1189.25,173.58,Wallet
ORD03874,2023-01-12,1,January,2,DMart-Pune-2,Pune,Groceries,Water,4,447,0.18,1466.16,435.42,UPI
ORD03875,2023-12-15,12,December,50,DMart-Pune-3,Pune,Personal Care,Rice,3,333,0.2,799.2,100.78,Wallet
ORD03876,2023-10-03,10,October,40,DMart-Mumbai-3,Mumbai,Beverages,Water,2,418,0.19,677.16,109.09,Card
ORD03877,2023-05-05,5,May,18,DMart-Pune-2,Pune,Groceries,Coffee,4,36,0.27,105.12,30.28,Card
ORD03878,2023-05-28,5,May,21,DMart-Thane-1,Thane,Personal Care,Tissue,3,419,0.07,1169.01,141.83,Cash
ORD03879,2023-05-12,5,May,19,DMart-Nashik-1,Nashik,Beverages,Bread,3,199,0.28,429.84,55.29,Cash
ORD03880,2023-06-15,6,June,24,DMart-Nashik-1,Nashik,Personal Care,Soap,3,230,0.04,662.4,114.62,Cash
ORD03881,2023-09-03,9,September,35,DMart-Nagpur-3,Nagpur,Personal Care,Tissue,5,301,0.2,1204.0,351.71,Wallet
ORD03882,2023-01-15,1,January,2,DMart-Mumbai-2,Mumbai,Groceries,Bread,5,137,0.3,479.5,60.42,UPI
ORD03883,2023-02-08,2,February,6,DMart-Nashik-3,Nashik,Groceries,Coffee,1,481,0.19,389.61,114.45,Card
ORD03884,2023-10-14,10,October,41,DMart-Thane-1,Thane,Personal Care,Water,2,492,0.3,688.8,150.42,UPI
ORD03885,2023-10-04,10,October,40,DMart-Nagpur-3,Nagpur,Household,Coffee,4,288,0.05,1094.4,310.74,Wallet
ORD03886,2023-04-14,4,April,15,DMart-Pune-3,Pune,Beverages,Sugar,2,430,0.25,645.0,104.45,Wallet
ORD03887,2023-03-30,3,March,13,DMart-Mumbai-2,Mumbai,Personal Care,Oil,5,488,0.12,2147.2,347.72,Wallet
ORD03888,2023-01-05,1,January,1,DMart-Mumbai-1,Mumbai,Dairy,Soap,2,409,0.17,678.94,143.49,Wallet
ORD03889,2023-01-03,1,January,1,DMart-Pune-2,Pune,Beverages,Rice,1,60,0.05,57.0,11.71,Card
ORD03890,2023-12-17,12,December,50,DMart-Thane-3,Thane,Dairy,Sugar,1,500,0.04,480.0,113.39,Cash
ORD03891,2023-02-12,2,February,6,DMart-Nagpur-1,Nagpur,Beverages,Coffee,3,172,0.3,361.2,55.74,Card
ORD03892,2023-09-29,9,September,39,DMart-Pune-2,Pune,Household,Coffee,1,90,0.01,89.1,24.39,Wallet
ORD03893,2023-08-01,8,August,31,DMart-Mumbai-3,Mumbai,Personal Care,Milk,1,183,0.24,139.08,16.62,Wallet
ORD03894,2023-12-15,12,December,50,DMart-Nashik-2,Nashik,Beverages,Tea,2,161,0.26,238.28,26.25,Wallet
ORD03895,2023-01-29,1,January,4,DMart-Nashik-3,Nashik,Household,Coffee,3,485,0.09,1324.05,327.03,UPI
ORD03896,2023-04-14,4,April,15,DMart-Nashik-3,Nashik,Household,Rice,5,210,0.3,735.0,146.03,UPI
ORD03897,2023-12-19,12,December,51,DMart-Nagpur-1,Nagpur,Dairy,Tissue,5,223,0.22,869.7,199.03,Cash
ORD03898,2023-02-15,2,February,7,DMart-Nagpur-1,Nagpur,Beverages,Shampoo,5,248,0.04,1190.4,173.59,Wallet
ORD03899,2023-02-08,2,February,6,DMart-Thane-2,Thane,Household,Shampoo,5,195,0.22,760.5,91.22,Wallet
ORD03900,2023-01-04,1,January,1,DMart-Thane-1,Thane,Beverages,Oil,1,42,0.18,34.44,6.42,Wallet
ORD03901,2023-12-09,12,December,49,DMart-Mumbai-3,Mumbai,Groceries,Milk,2,336,0.11,598.08,68.61,Cash
ORD03902,2023-03-03,3,March,9,DMart-Thane-3,Thane,Dairy,Tissue,3,301,0.04,866.88,128.0,UPI
ORD03903,2023-10-17,10,October,42,DMart-Pune-1,Pune,Groceries,Tea,3,445,0.18,1094.7,251.22,Wallet
ORD03904,2023-10-27,10,October,43,DMart-Nagpur-3,Nagpur,Household,Chips,5,102,0.29,362.1,43.68,Card
ORD03905,2023-06-15,6,June,24,DMart-Nagpur-2,Nagpur,Groceries,Oil,2,239,0.25,358.5,79.18,Cash
ORD03906,2023-05-25,5,May,21,DMart-Nagpur-2,Nagpur,Groceries,Bread,4,482,0.1,1735.2,461.73,Card
ORD03907,2023-12-23,12,December,51,DMart-Nagpur-2,Nagpur,Beverages,Oil,2,488,0.09,888.16,188.52,UPI
ORD03908,2023-10-26,10,October,43,DMart-Nagpur-3,Nagpur,Dairy,Juice,2,217,0.11,386.26,85.08,UPI
ORD03909,2023-12-21,12,December,51,DMart-Nashik-1,Nashik,Dairy,Sugar,5,173,0.3,605.5,178.83,Wallet
ORD03910,2023-08-19,8,August,33,DMart-Nashik-1,Nashik,Personal Care,Soap,4,382,0.15,1298.8,174.52,Card
ORD03911,2023-06-02,6,June,22,DMart-Nashik-3,Nashik,Beverages,Eggs,3,121,0.27,264.99,42.63,Wallet
ORD03912,2023-09-23,9,September,38,DMart-Pune-3,Pune,Dairy,Coffee,4,329,0.11,1171.24,228.76,Wallet
ORD03913,2023-12-31,12,December,52,DMart-Mumbai-1,Mumbai,Dairy,Toothpaste,5,477,0.27,1741.05,409.62,UPI
ORD03914,2023-11-11,11,November,45,DMart-Pune-2,Pune,Dairy,Wheat,5,158,0.2,632.0,65.57,UPI
ORD03915,2023-05-31,5,May,22,DMart-Mumbai-1,Mumbai,Household,Coffee,4,462,0.3,1293.6,142.44,Cash
ORD03916,2023-10-18,10,October,42,DMart-Nagpur-2,Nagpur,Groceries,Toothpaste,1,327,0.13,284.49,68.22,UPI
ORD03917,2023-09-02,9,September,35,DMart-Nashik-1,Nashik,Dairy,Juice,2,167,0.12,293.92,51.84,UPI
ORD03918,2023-03-06,3,March,10,DMart-Nagpur-1,Nagpur,Beverages,Biscuits,2,324,0.29,460.08,49.05,UPI
ORD03919,2023-01-28,1,January,4,DMart-Pune-3,Pune,Beverages,Sugar,1,492,0.29,349.32,41.94,UPI
ORD03920,2023-08-27,8,August,34,DMart-Nashik-2,Nashik,Groceries,Soap,1,383,0.24,291.08,55.89,UPI
ORD03921,2023-07-22,7,July,29,DMart-Nagpur-1,Nagpur,Groceries,Toothpaste,4,152,0.3,425.6,116.3,Cash
ORD03922,2023-01-06,1,January,1,DMart-Pune-1,Pune,Household,Sugar,2,156,0.29,221.52,49.19,UPI
ORD03923,2023-06-18,6,June,24,DMart-Nagpur-3,Nagpur,Beverages,Detergent,3,249,0.05,709.65,93.38,UPI
ORD03924,2023-11-28,11,November,48,DMart-Nashik-1,Nashik,Household,Chips,4,233,0.29,661.72,157.96,Wallet
ORD03925,2023-02-12,2,February,6,DMart-Mumbai-3,Mumbai,Dairy,Biscuits,5,461,0.0,2305.0,594.53,Wallet
ORD03926,2023-03-25,3,March,12,DMart-Mumbai-1,Mumbai,Personal Care,Toothpaste,2,393,0.12,691.68,114.05,UPI
ORD03927,2023-03-15,3,March,11,DMart-Nagpur-2,Nagpur,Household,Rice,1,39,0.13,33.93,5.43,Wallet
ORD03928,2023-02-04,2,February,5,DMart-Nashik-2,Nashik,Beverages,Toothpaste,4,94,0.16,315.84,62.47,Card
ORD03929,2023-06-12,6,June,24,DMart-Mumbai-2,Mumbai,Groceries,Shampoo,3,385,0.05,1097.25,250.46,Wallet
ORD03930,2023-11-14,11,November,46,DMart-Pune-3,Pune,Household,Coffee,1,93,0.23,71.61,13.36,Card
ORD03931,2023-10-20,10,October,42,DMart-Thane-1,Thane,Household,Soap,3,120,0.3,252.0,36.85,Wallet
ORD03932,2023-10-28,10,October,43,DMart-Thane-1,Thane,Beverages,Rice,2,183,0.23,281.82,72.03,UPI
ORD03933,2023-12-19,12,December,51,DMart-Pune-3,Pune,Dairy,Biscuits,4,282,0.17,936.24,223.56,Wallet
ORD03934,2023-04-12,4,April,15,DMart-Nagpur-2,Nagpur,Household,Soap,2,70,0.07,130.2,13.53,UPI
ORD03935,2023-05-22,5,May,21,DMart-Pune-1,Pune,Dairy,Chips,2,342,0.01,677.16,92.2,Wallet
ORD03936,2023-06-08,6,June,23,DMart-Pune-2,Pune,Dairy,Oil,3,98,0.24,223.44,43.6,Cash
ORD03937,2023-11-21,11,November,47,DMart-Pune-1,Pune,Beverages,Tissue,4,117,0.05,444.6,49.35,Card
ORD03938,2023-01-23,1,January,4,DMart-Mumbai-3,Mumbai,Groceries,Chips,1,224,0.04,215.04,32.19,Card
ORD03939,2023-02-19,2,February,7,DMart-Pune-3,Pune,Personal Care,Rice,1,382,0.11,339.98,98.4,Wallet
ORD03940,2023-01-28,1,January,4,DMart-Nashik-2,Nashik,Groceries,Shampoo,2,159,0.04,305.28,85.2,Card
ORD03941,2023-06-24,6,June,25,DMart-Pune-3,Pune,Beverages,Water,1,56,0.18,45.92,10.29,Card
ORD03942,2023-02-14,2,February,7,DMart-Nagpur-2,Nagpur,Beverages,Milk,5,139,0.25,521.25,136.84,Cash
ORD03943,2023-10-28,10,October,43,DMart-Thane-3,Thane,Dairy,Sugar,3,441,0.28,952.56,99.32,UPI
ORD03944,2023-12-19,12,December,51,DMart-Nagpur-2,Nagpur,Household,Toothpaste,1,150,0.19,121.5,29.47,Cash
ORD03945,2023-06-20,6,June,25,DMart-Nashik-3,Nashik,Beverages,Coffee,4,203,0.3,568.4,70.63,Wallet
ORD03946,2023-08-10,8,August,32,DMart-Mumbai-1,Mumbai,Dairy,Soap,2,283,0.08,520.72,94.73,Wallet
ORD03947,2023-03-03,3,March,9,DMart-Nagpur-3,Nagpur,Dairy,Juice,1,452,0.21,357.08,83.53,Card
ORD03948,2023-08-10,8,August,32,DMart-Nagpur-2,Nagpur,Beverages,Soap,1,87,0.27,63.51,16.25,Wallet
ORD03949,2023-02-07,2,February,6,DMart-Nagpur-3,Nagpur,Groceries,Chips,2,168,0.01,332.64,54.18,Wallet
ORD03950,2023-09-14,9,September,37,DMart-Pune-2,Pune,Personal Care,Biscuits,4,324,0.14,1114.56,307.01,UPI
ORD03951,2023-12-18,12,December,51,DMart-Thane-1,Thane,Personal Care,Eggs,5,32,0.01,158.4,39.45,Cash
ORD03952,2023-02-25,2,February,8,DMart-Thane-3,Thane,Groceries,Wheat,3,489,0.24,1114.92,279.69,Cash
ORD03953,2023-01-26,1,January,4,DMart-Nagpur-3,Nagpur,Household,Eggs,4,96,0.26,284.16,57.6,Cash
ORD03954,2023-10-03,10,October,40,DMart-Pune-1,Pune,Groceries,Eggs,4,163,0.21,515.08,63.31,Cash
ORD03955,2023-07-28,7,July,30,DMart-Nagpur-3,Nagpur,Personal Care,Detergent,5,382,0.23,1470.7,250.7,Card
ORD03956,2023-08-04,8,August,31,DMart-Pune-3,Pune,Beverages,Wheat,1,341,0.21,269.39,58.79,Wallet
ORD03957,2023-10-13,10,October,41,DMart-Mumbai-1,Mumbai,Dairy,Tissue,4,214,0.05,813.2,166.54,Wallet
ORD03958,2023-03-21,3,March,12,DMart-Nagpur-3,Nagpur,Dairy,Coffee,1,441,0.23,339.57,77.31,Cash
ORD03959,2023-12-11,12,December,50,DMart-Nagpur-1,Nagpur,Personal Care,Toothpaste,2,99,0.14,170.28,24.21,Card
ORD03960,2023-01-10,1,January,2,DMart-Mumbai-1,Mumbai,Household,Tea,1,134,0.3,93.8,19.39,Wallet
ORD03961,2023-11-06,11,November,45,DMart-Thane-1,Thane,Household,Tea,5,409,0.18,1676.9,378.58,Card
ORD03962,2023-02-22,2,February,8,DMart-Nagpur-2,Nagpur,Beverages,Shampoo,5,165,0.17,684.75,96.47,Cash
ORD03963,2023-05-14,5,May,19,DMart-Nagpur-1,Nagpur,Personal Care,Water,5,154,0.01,762.3,220.12,Wallet
ORD03964,2023-08-19,8,August,33,DMart-Nashik-3,Nashik,Groceries,Biscuits,5,464,0.1,2088.0,527.37,Cash
ORD03965,2023-02-13,2,February,7,DMart-Thane-1,Thane,Beverages,Juice,4,201,0.01,795.96,135.49,Card
ORD03966,2023-07-25,7,July,30,DMart-Thane-2,Thane,Beverages,Eggs,1,147,0.16,123.48,13.55,Wallet
ORD03967,2023-04-18,4,April,16,DMart-Nashik-2,Nashik,Groceries,Milk,1,388,0.04,372.48,63.28,Card
ORD03968,2023-08-08,8,August,32,DMart-Nashik-1,Nashik,Dairy,Chips,4,142,0.22,443.04,86.55,UPI
ORD03969,2023-01-10,1,January,2,DMart-Mumbai-2,Mumbai,Groceries,Eggs,4,213,0.22,664.56,140.52,UPI
ORD03970,2023-08-01,8,August,31,DMart-Mumbai-1,Mumbai,Beverages,Oil,5,164,0.15,697.0,163.56,Cash
ORD03971,2023-03-15,3,March,11,DMart-Pune-3,Pune,Groceries,Shampoo,3,90,0.3,189.0,49.82,Card
ORD03972,2023-01-13,1,January,2,DMart-Thane-3,Thane,Beverages,Wheat,5,171,0.01,846.45,170.52,Cash
ORD03973,2023-12-07,12,December,49,DMart-Pune-1,Pune,Dairy,Tissue,4,310,0.12,1091.2,246.85,Wallet
ORD03974,2023-03-11,3,March,10,DMart-Nashik-1,Nashik,Personal Care,Toothpaste,4,69,0.06,259.44,26.63,Card
ORD03975,2023-05-08,5,May,19,DMart-Mumbai-2,Mumbai,Dairy,Detergent,1,415,0.0,415.0,43.98,Card
ORD03976,2023-04-25,4,April,17,DMart-Mumbai-1,Mumbai,Dairy,Chips,3,334,0.19,811.62,233.23,Wallet
ORD03977,2023-12-21,12,December,51,DMart-Nagpur-1,Nagpur,Groceries,Shampoo,5,244,0.18,1000.4,292.47,Card
ORD03978,2023-05-19,5,May,20,DMart-Pune-1,Pune,Personal Care,Juice,5,98,0.19,396.9,79.1,Card
ORD03979,2023-02-21,2,February,8,DMart-Mumbai-3,Mumbai,Household,Detergent,4,428,0.05,1626.4,209.89,Wallet
ORD03980,2023-06-17,6,June,24,DMart-Mumbai-3,Mumbai,Groceries,Water,2,22,0.04,42.24,6.33,UPI
ORD03981,2023-05-27,5,May,21,DMart-Mumbai-2,Mumbai,Beverages,Wheat,4,215,0.14,739.6,200.15,UPI
ORD03982,2023-07-04,7,July,27,DMart-Pune-2,Pune,Beverages,Sugar,5,285,0.23,1097.25,119.27,Cash
ORD03983,2023-09-22,9,September,38,DMart-Nagpur-1,Nagpur,Household,Bread,1,471,0.1,423.9,48.28,Wallet
ORD03984,2023-01-23,1,January,4,DMart-Nagpur-2,Nagpur,Groceries,Tissue,2,455,0.06,855.4,184.61,Card
ORD03985,2023-05-22,5,May,21,DMart-Pune-1,Pune,Household,Coffee,5,37,0.17,153.55,27.07,Wallet
ORD03986,2023-02-12,2,February,6,DMart-Nagpur-3,Nagpur,Dairy,Chips,4,262,0.19,848.88,139.72,Card
ORD03987,2023-06-05,6,June,23,DMart-Pune-2,Pune,Dairy,Toothpaste,2,27,0.05,51.3,13.33,UPI
ORD03988,2023-05-09,5,May,19,DMart-Pune-1,Pune,Household,Tissue,4,448,0.06,1684.48,412.42,Wallet
ORD03989,2023-05-01,5,May,18,DMart-Mumbai-2,Mumbai,Groceries,Tea,3,173,0.01,513.81,74.64,Cash
ORD03990,2023-09-30,9,September,39,DMart-Mumbai-2,Mumbai,Dairy,Wheat,4,214,0.2,684.8,148.9,Card
ORD03991,2023-03-04,3,March,9,DMart-Pune-2,Pune,Household,Soap,1,229,0.12,201.52,23.59,Wallet
ORD03992,2023-02-17,2,February,7,DMart-Thane-1,Thane,Household,Detergent,1,446,0.26,330.04,39.73,UPI
ORD03993,2023-06-11,6,June,23,DMart-Nagpur-3,Nagpur,Household,Water,3,93,0.23,214.83,42.37,UPI
ORD03994,2023-05-29,5,May,22,DMart-Pune-1,Pune,Groceries,Sugar,3,132,0.02,388.08,60.61,Cash
ORD03995,2023-09-22,9,September,38,DMart-Mumbai-1,Mumbai,Groceries,Oil,5,459,0.2,1836.0,221.63,Card
ORD03996,2023-02-13,2,February,7,DMart-Thane-2,Thane,Dairy,Soap,1,181,0.14,155.66,42.77,Cash
ORD03997,2023-06-08,6,June,23,DMart-Thane-1,Thane,Personal Care,Toothpaste,5,39,0.11,173.55,31.73,Card
ORD03998,2023-01-25,1,January,4,DMart-Nagpur-2,Nagpur,Personal Care,Water,3,71,0.21,168.27,44.34,UPI
ORD03999,2023-02-05,2,February,5,DMart-Nashik-1,Nashik,Dairy,Rice,3,73,0.25,164.25,42.94,Wallet
ORD04000,2023-05-20,5,May,20,DMart-Nagpur-2,Nagpur,Personal Care,Chips,2,84,0.14,144.48,23.93,Card
ORD04001,2023-01-28,1,January,4,DMart-Nashik-3,Nashik,Beverages,Tea,2,33,0.06,62.04,16.85,Wallet
ORD04002,2023-05-16,5,May,20,DMart-Nagpur-3,Nagpur,Household,Shampoo,5,341,0.19,1381.05,392.52,Wallet
ORD04003,2023-01-02,1,January,1,DMart-Thane-3,Thane,Dairy,Soap,1,331,0.22,258.18,37.63,Card
ORD04004,2023-02-15,2,February,7,DMart-Mumbai-1,Mumbai,Personal Care,Bread,1,173,0.0,173.0,46.14,UPI
ORD04005,2023-03-27,3,March,13,DMart-Thane-2,Thane,Personal Care,Juice,2,199,0.3,278.6,31.5,Cash
ORD04006,2023-06-28,6,June,26,DMart-Mumbai-2,Mumbai,Personal Care,Coffee,1,143,0.21,112.97,30.2,Cash
ORD04007,2023-10-01,10,October,39,DMart-Pune-3,Pune,Beverages,Water,4,171,0.25,513.0,61.01,UPI
ORD04008,2023-07-22,7,July,29,DMart-Nagpur-2,Nagpur,Personal Care,Wheat,3,496,0.0,1488.0,167.08,Card
ORD04009,2023-09-24,9,September,38,DMart-Nashik-1,Nashik,Personal Care,Water,3,326,0.28,704.16,149.48,Card
ORD04010,2023-09-18,9,September,38,DMart-Pune-1,Pune,Household,Shampoo,4,55,0.0,220.0,61.52,Wallet
ORD04011,2023-02-24,2,February,8,DMart-Nashik-1,Nashik,Groceries,Rice,4,491,0.25,1473.0,285.33,Cash
ORD04012,2023-08-16,8,August,33,DMart-Pune-2,Pune,Dairy,Coffee,4,354,0.1,1274.4,273.77,UPI
ORD04013,2023-04-14,4,April,15,DMart-Mumbai-2,Mumbai,Personal Care,Wheat,1,290,0.03,281.3,80.54,Wallet
ORD04014,2023-02-24,2,February,8,DMart-Nashik-3,Nashik,Groceries,Juice,3,38,0.19,92.34,9.67,Cash
ORD04015,2023-05-18,5,May,20,DMart-Nagpur-1,Nagpur,Beverages,Toothpaste,3,64,0.1,172.8,46.63,Wallet
ORD04016,2023-05-24,5,May,21,DMart-Thane-3,Thane,Dairy,Soap,5,139,0.09,632.45,147.18,Wallet
ORD04017,2023-12-26,12,December,52,DMart-Nagpur-2,Nagpur,Beverages,Chips,2,102,0.18,167.28,49.7,Cash
ORD04018,2023-04-19,4,April,16,DMart-Mumbai-1,Mumbai,Beverages,Soap,1,144,0.28,103.68,29.79,Card
ORD04019,2023-11-13,11,November,46,DMart-Nagpur-1,Nagpur,Personal Care,Bread,4,340,0.11,1210.4,172.95,Cash
ORD04020,2023-11-11,11,November,45,DMart-Thane-1,Thane,Personal Care,Coffee,1,140,0.14,120.4,17.25,Card
ORD04021,2023-08-07,8,August,32,DMart-Nashik-3,Nashik,Beverages,Milk,4,279,0.22,870.48,212.88,UPI
ORD04022,2023-10-14,10,October,41,DMart-Thane-1,Thane,Household,Biscuits,3,212,0.21,502.44,74.72,UPI
ORD04023,2023-09-03,9,September,35,DMart-Nashik-3,Nashik,Household,Water,1,252,0.08,231.84,55.7,UPI
ORD04024,2023-05-21,5,May,20,DMart-Nagpur-2,Nagpur,Groceries,Eggs,4,478,0.29,1357.52,301.09,Cash
ORD04025,2023-08-09,8,August,32,DMart-Nashik-2,Nashik,Beverages,Rice,5,206,0.2,824.0,99.09,UPI
ORD04026,2023-06-13,6,June,24,DMart-Nagpur-1,Nagpur,Household,Tea,1,84,0.28,60.48,14.72,UPI
ORD04027,2023-06-23,6,June,25,DMart-Nashik-3,Nashik,Personal Care,Rice,5,377,0.17,1564.55,348.07,Card
ORD04028,2023-05-15,5,May,20,DMart-Thane-3,Thane,Beverages,Water,2,225,0.26,333.0,72.76,Wallet
ORD04029,2023-01-08,1,January,1,DMart-Nashik-2,Nashik,Beverages,Oil,3,359,0.11,958.53,189.02,UPI
ORD04030,2023-11-03,11,November,44,DMart-Mumbai-2,Mumbai,Beverages,Soap,2,358,0.15,608.6,145.53,Wallet
ORD04031,2023-07-23,7,July,29,DMart-Thane-2,Thane,Beverages,Milk,2,184,0.19,298.08,79.51,Cash
ORD04032,2023-06-18,6,June,24,DMart-Mumbai-1,Mumbai,Household,Rice,2,493,0.12,867.68,257.69,Cash
ORD04033,2023-12-08,12,December,49,DMart-Nagpur-1,Nagpur,Groceries,Sugar,1,361,0.02,353.78,93.25,Cash
ORD04034,2023-08-01,8,August,31,DMart-Pune-2,Pune,Household,Sugar,2,255,0.17,423.3,64.17,Cash
ORD04035,2023-03-13,3,March,11,DMart-Nagpur-3,Nagpur,Dairy,Sugar,1,20,0.21,15.8,3.92,UPI
ORD04036,2023-12-02,12,December,48,DMart-Nashik-2,Nashik,Household,Eggs,3,457,0.21,1083.09,318.76,Cash
ORD04037,2023-12-15,12,December,50,DMart-Pune-1,Pune,Personal Care,Tissue,2,264,0.06,496.32,116.52,Cash
ORD04038,2023-02-01,2,February,5,DMart-Nagpur-2,Nagpur,Beverages,Shampoo,1,290,0.15,246.5,57.99,UPI
ORD04039,2023-11-18,11,November,46,DMart-Mumbai-3,Mumbai,Beverages,Juice,4,182,0.02,713.44,157.8,Cash
ORD04040,2023-09-29,9,September,39,DMart-Nashik-1,Nashik,Dairy,Tissue,2,469,0.0,938.0,170.84,Cash
ORD04041,2023-09-27,9,September,39,DMart-Thane-2,Thane,Beverages,Water,4,82,0.12,288.64,32.51,UPI
ORD04042,2023-01-15,1,January,2,DMart-Thane-2,Thane,Dairy,Milk,3,231,0.24,526.68,64.93,Wallet
ORD04043,2023-11-08,11,November,45,DMart-Thane-1,Thane,Personal Care,Soap,2,279,0.1,502.2,141.93,Cash
ORD04044,2023-07-31,7,July,31,DMart-Pune-1,Pune,Personal Care,Tea,1,160,0.26,118.4,17.61,Cash
ORD04045,2023-10-20,10,October,42,DMart-Mumbai-3,Mumbai,Dairy,Soap,2,195,0.25,292.5,81.88,Wallet
ORD04046,2023-08-21,8,August,34,DMart-Pune-2,Pune,Dairy,Oil,5,214,0.07,995.1,191.28,Card
ORD04047,2023-03-26,3,March,12,DMart-Pune-2,Pune,Beverages,Bread,5,114,0.13,495.9,125.13,Card
ORD04048,2023-12-17,12,December,50,DMart-Thane-2,Thane,Beverages,Detergent,2,409,0.25,613.5,174.45,Wallet
ORD04049,2023-12-27,12,December,52,DMart-Mumbai-2,Mumbai,Personal Care,Tissue,1,279,0.27,203.67,59.96,Cash
ORD04050,2023-06-08,6,June,23,DMart-Thane-3,Thane,Dairy,Soap,4,43,0.08,158.24,16.59,Cash
ORD04051,2023-06-14,6,June,24,DMart-Thane-3,Thane,Personal Care,Tissue,1,265,0.26,196.1,32.71,Card
ORD04052,2023-11-01,11,November,44,DMart-Nagpur-2,Nagpur,Personal Care,Wheat,2,377,0.24,573.04,112.49,Cash
ORD04053,2023-03-29,3,March,13,DMart-Pune-2,Pune,Household,Biscuits,2,70,0.0,140.0,33.97,Wallet
ORD04054,2023-05-01,5,May,18,DMart-Nagpur-1,Nagpur,Dairy,Tea,4,79,0.05,300.2,83.23,Wallet
ORD04055,2023-01-12,1,January,2,DMart-Nagpur-3,Nagpur,Dairy,Eggs,3,117,0.16,294.84,46.99,Cash
ORD04056,2023-03-31,3,March,13,DMart-Nagpur-2,Nagpur,Beverages,Chips,5,356,0.18,1459.6,311.7,Wallet
ORD04057,2023-04-27,4,April,17,DMart-Nagpur-2,Nagpur,Household,Tea,5,120,0.26,444.0,76.28,Card
ORD04058,2023-06-27,6,June,26,DMart-Pune-2,Pune,Household,Sugar,2,349,0.08,642.16,156.66,Cash
ORD04059,2023-02-07,2,February,6,DMart-Nagpur-2,Nagpur,Personal Care,Sugar,2,365,0.12,642.4,187.99,Cash
ORD04060,2023-04-22,4,April,16,DMart-Nagpur-2,Nagpur,Personal Care,Detergent,3,95,0.12,250.8,73.13,Wallet
ORD04061,2023-02-23,2,February,8,DMart-Mumbai-3,Mumbai,Dairy,Oil,5,206,0.09,937.3,230.63,UPI
ORD04062,2023-04-17,4,April,16,DMart-Pune-1,Pune,Groceries,Rice,1,298,0.11,265.22,47.63,Cash
ORD04063,2023-09-18,9,September,38,DMart-Nagpur-3,Nagpur,Household,Milk,3,105,0.2,252.0,53.35,Wallet
ORD04064,2023-04-25,4,April,17,DMart-Nagpur-3,Nagpur,Groceries,Bread,4,40,0.21,126.4,30.74,UPI
ORD04065,2023-02-12,2,February,6,DMart-Pune-2,Pune,Personal Care,Bread,4,137,0.11,487.72,123.15,Card
ORD04066,2023-03-18,3,March,11,DMart-Nagpur-2,Nagpur,Groceries,Bread,2,261,0.0,522.0,58.89,Cash
ORD04067,2023-10-09,10,October,41,DMart-Mumbai-2,Mumbai,Dairy,Toothpaste,4,298,0.08,1096.64,291.62,Wallet
ORD04068,2023-12-16,12,December,50,DMart-Thane-2,Thane,Personal Care,Bread,4,333,0.24,1012.32,281.02,Wallet
ORD04069,2023-06-17,6,June,24,DMart-Thane-2,Thane,Dairy,Sugar,3,339,0.11,905.13,150.62,Cash
ORD04070,2023-01-10,1,January,2,DMart-Thane-3,Thane,Groceries,Biscuits,5,36,0.03,174.6,39.06,Card
ORD04071,2023-12-30,12,December,52,DMart-Mumbai-1,Mumbai,Dairy,Milk,2,239,0.06,449.32,106.95,UPI
ORD04072,2023-08-03,8,August,31,DMart-Mumbai-3,Mumbai,Personal Care,Rice,2,88,0.07,163.68,26.92,UPI
ORD04073,2023-01-02,1,January,1,DMart-Pune-2,Pune,Beverages,Eggs,2,369,0.28,531.36,140.2,UPI
ORD04074,2023-08-22,8,August,34,DMart-Mumbai-3,Mumbai,Dairy,Chips,1,314,0.13,273.18,69.25,Cash
ORD04075,2023-11-07,11,November,45,DMart-Nashik-2,Nashik,Personal Care,Oil,4,383,0.07,1424.76,177.8,Wallet
ORD04076,2023-11-10,11,November,45,DMart-Nashik-2,Nashik,Household,Water,3,261,0.0,783.0,117.25,Cash
ORD04077,2023-05-11,5,May,19,DMart-Nagpur-1,Nagpur,Beverages,Biscuits,3,485,0.02,1425.9,411.48,Cash
ORD04078,2023-08-12,8,August,32,DMart-Nagpur-3,Nagpur,Beverages,Water,4,317,0.0,1268.0,134.57,Card
ORD04079,2023-05-29,5,May,22,DMart-Mumbai-2,Mumbai,Household,Chips,1,34,0.1,30.6,7.52,Wallet
ORD04080,2023-07-28,7,July,30,DMart-Nagpur-3,Nagpur,Dairy,Toothpaste,4,317,0.26,938.32,223.94,Cash
ORD04081,2023-10-28,10,October,43,DMart-Nashik-2,Nashik,Beverages,Milk,1,69,0.11,61.41,6.22,Cash
ORD04082,2023-12-01,12,December,48,DMart-Nashik-1,Nashik,Household,Juice,4,313,0.03,1214.44,298.95,UPI
ORD04083,2023-03-04,3,March,9,DMart-Pune-1,Pune,Dairy,Chips,3,382,0.11,1019.94,134.59,UPI
ORD04084,2023-03-10,3,March,10,DMart-Nagpur-2,Nagpur,Groceries,Tissue,5,186,0.26,688.2,144.28,Wallet
ORD04085,2023-11-22,11,November,47,DMart-Thane-3,Thane,Dairy,Toothpaste,3,199,0.23,459.69,51.23,Card
ORD04086,2023-09-12,9,September,37,DMart-Pune-1,Pune,Dairy,Water,3,500,0.23,1155.0,316.55,Card
ORD04087,2023-01-24,1,January,4,DMart-Pune-3,Pune,Groceries,Oil,3,79,0.24,180.12,23.75,Card
ORD04088,2023-09-17,9,September,37,DMart-Nagpur-3,Nagpur,Dairy,Juice,4,257,0.22,801.84,167.31,UPI
ORD04089,2023-07-25,7,July,30,DMart-Mumbai-1,Mumbai,Dairy,Wheat,4,62,0.08,228.16,47.07,UPI
ORD04090,2023-01-11,1,January,2,DMart-Mumbai-1,Mumbai,Beverages,Shampoo,5,430,0.28,1548.0,401.72,Wallet
ORD04091,2023-03-02,3,March,9,DMart-Mumbai-3,Mumbai,Personal Care,Tissue,3,54,0.26,119.88,33.59,UPI
ORD04092,2023-07-08,7,July,27,DMart-Mumbai-1,Mumbai,Beverages,Chips,3,358,0.19,869.94,239.98,Card
ORD04093,2023-06-30,6,June,26,DMart-Nashik-2,Nashik,Personal Care,Juice,4,184,0.15,625.6,137.58,Cash
ORD04094,2023-02-24,2,February,8,DMart-Pune-2,Pune,Personal Care,Eggs,5,323,0.07,1501.95,155.7,Card
ORD04095,2023-08-28,8,August,35,DMart-Thane-2,Thane,Dairy,Juice,3,246,0.1,664.2,168.32,Cash
ORD04096,2023-02-14,2,February,7,DMart-Nagpur-3,Nagpur,Groceries,Water,5,301,0.28,1083.6,292.33,Wallet
ORD04097,2023-01-20,1,January,3,DMart-Pune-1,Pune,Beverages,Oil,2,357,0.05,678.3,83.61,UPI
ORD04098,2023-07-14,7,July,28,DMart-Nagpur-3,Nagpur,Household,Detergent,4,417,0.01,1651.32,167.7,UPI
ORD04099,2023-05-20,5,May,20,DMart-Thane-2,Thane,Personal Care,Tea,1,368,0.04,353.28,82.78,UPI
ORD04100,2023-01-04,1,January,1,DMart-Pune-1,Pune,Beverages,Coffee,1,219,0.23,168.63,20.8,Wallet
ORD04101,2023-10-23,10,October,43,DMart-Mumbai-1,Mumbai,Personal Care,Milk,3,73,0.22,170.82,30.54,UPI
ORD04102,2023-04-19,4,April,16,DMart-Pune-3,Pune,Personal Care,Detergent,5,403,0.28,1450.8,295.69,UPI
ORD04103,2023-09-20,9,September,38,DMart-Thane-2,Thane,Household,Biscuits,5,460,0.16,1932.0,346.43,Cash
ORD04104,2023-10-07,10,October,40,DMart-Mumbai-1,Mumbai,Dairy,Shampoo,4,314,0.12,1105.28,264.53,Cash
ORD04105,2023-11-27,11,November,48,DMart-Thane-1,Thane,Personal Care,Rice,4,141,0.18,462.48,72.57,Card
ORD04106,2023-05-22,5,May,21,DMart-Pune-2,Pune,Personal Care,Chips,3,370,0.27,810.3,210.67,Cash
ORD04107,2023-01-23,1,January,4,DMart-Nagpur-1,Nagpur,Personal Care,Tea,2,317,0.23,488.18,90.42,Card
ORD04108,2023-05-26,5,May,21,DMart-Thane-1,Thane,Beverages,Soap,4,413,0.26,1222.48,208.96,Cash
ORD04109,2023-12-19,12,December,51,DMart-Thane-2,Thane,Groceries,Water,3,499,0.07,1392.21,234.14,UPI
ORD04110,2023-11-09,11,November,45,DMart-Nashik-1,Nashik,Beverages,Detergent,5,340,0.23,1309.0,145.09,Wallet
ORD04111,2023-07-06,7,July,27,DMart-Thane-2,Thane,Beverages,Detergent,5,250,0.24,950.0,137.36,Wallet
ORD04112,2023-06-18,6,June,24,DMart-Nashik-2,Nashik,Household,Juice,4,56,0.15,190.4,39.08,UPI
ORD04113,2023-06-06,6,June,23,DMart-Thane-2,Thane,Personal Care,Wheat,2,450,0.01,891.0,266.6,Cash
ORD04114,2023-12-18,12,December,51,DMart-Thane-2,Thane,Personal Care,Tea,1,218,0.28,156.96,44.61,UPI
ORD04115,2023-06-11,6,June,23,DMart-Thane-1,Thane,Groceries,Rice,5,271,0.17,1124.65,161.48,UPI
ORD04116,2023-03-18,3,March,11,DMart-Pune-1,Pune,Dairy,Eggs,5,386,0.1,1737.0,271.85,UPI
ORD04117,2023-07-29,7,July,30,DMart-Thane-3,Thane,Dairy,Chips,3,303,0.21,718.11,181.8,UPI
ORD04118,2023-04-25,4,April,17,DMart-Nagpur-2,Nagpur,Dairy,Sugar,4,496,0.1,1785.6,248.4,UPI
ORD04119,2023-06-10,6,June,23,DMart-Thane-1,Thane,Groceries,Chips,5,165,0.14,709.5,93.07,Cash
ORD04120,2023-04-07,4,April,14,DMart-Pune-2,Pune,Dairy,Milk,3,145,0.15,369.75,73.01,Wallet
ORD04121,2023-11-10,11,November,45,DMart-Pune-3,Pune,Groceries,Chips,2,319,0.22,497.64,85.29,Card
ORD04122,2023-12-22,12,December,51,DMart-Mumbai-2,Mumbai,Groceries,Tea,2,487,0.01,964.26,104.32,Wallet
ORD04123,2023-05-09,5,May,19,DMart-Nashik-1,Nashik,Dairy,Sugar,3,234,0.08,645.84,185.62,Card
ORD04124,2023-10-16,10,October,42,DMart-Mumbai-2,Mumbai,Personal Care,Shampoo,4,429,0.03,1664.52,421.45,UPI
ORD04125,2023-12-06,12,December,49,DMart-Mumbai-1,Mumbai,Dairy,Sugar,1,264,0.26,195.36,35.89,Wallet
ORD04126,2023-07-27,7,July,30,DMart-Thane-2,Thane,Dairy,Oil,2,106,0.29,150.52,44.51,UPI
ORD04127,2023-12-02,12,December,48,DMart-Thane-3,Thane,Beverages,Rice,3,217,0.09,592.41,108.91,Card
ORD04128,2023-05-08,5,May,19,DMart-Pune-3,Pune,Beverages,Rice,3,209,0.1,564.3,147.99,Card
ORD04129,2023-01-27,1,January,4,DMart-Nagpur-2,Nagpur,Personal Care,Milk,3,128,0.13,334.08,33.85,Wallet
ORD04130,2023-10-03,10,October,40,DMart-Pune-1,Pune,Dairy,Toothpaste,2,138,0.15,234.6,42.69,Cash
ORD04131,2023-05-15,5,May,20,DMart-Nashik-2,Nashik,Groceries,Juice,5,34,0.05,161.5,38.58,UPI
ORD04132,2023-07-24,7,July,30,DMart-Thane-2,Thane,Dairy,Water,5,237,0.0,1185.0,162.05,UPI
ORD04133,2023-03-18,3,March,11,DMart-Mumbai-1,Mumbai,Household,Wheat,3,247,0.3,518.7,86.85,Wallet
ORD04134,2023-02-23,2,February,8,DMart-Nagpur-2,Nagpur,Household,Tea,4,39,0.2,124.8,35.91,Cash
ORD04135,2023-02-04,2,February,5,DMart-Nashik-2,Nashik,Groceries,Chips,1,108,0.01,106.92,15.12,UPI
ORD04136,2023-05-10,5,May,19,DMart-Nashik-3,Nashik,Household,Toothpaste,4,36,0.13,125.28,27.54,UPI
ORD04137,2023-02-28,2,February,9,DMart-Thane-2,Thane,Dairy,Water,1,392,0.17,325.36,74.77,UPI
ORD04138,2023-12-18,12,December,51,DMart-Thane-1,Thane,Household,Soap,1,396,0.23,304.92,66.85,Wallet
ORD04139,2023-11-29,11,November,48,DMart-Mumbai-2,Mumbai,Groceries,Milk,3,21,0.07,58.59,6.15,UPI
ORD04140,2023-03-30,3,March,13,DMart-Nashik-3,Nashik,Groceries,Juice,1,463,0.28,333.36,70.62,UPI
ORD04141,2023-09-19,9,September,38,DMart-Mumbai-1,Mumbai,Personal Care,Soap,3,247,0.05,703.95,134.32,Card
ORD04142,2023-05-27,5,May,21,DMart-Nashik-1,Nashik,Beverages,Tissue,5,271,0.17,1124.65,312.46,UPI
ORD04143,2023-10-08,10,October,40,DMart-Thane-2,Thane,Groceries,Milk,2,224,0.04,430.08,56.67,Cash
ORD04144,2023-02-10,2,February,6,DMart-Pune-2,Pune,Personal Care,Bread,5,315,0.01,1559.25,437.07,Wallet
ORD04145,2023-12-27,12,December,52,DMart-Nashik-3,Nashik,Beverages,Juice,5,277,0.1,1246.5,158.89,Card
ORD04146,2023-09-09,9,September,36,DMart-Nashik-2,Nashik,Groceries,Juice,5,452,0.13,1966.2,518.48,Cash
ORD04147,2023-11-28,11,November,48,DMart-Nashik-3,Nashik,Beverages,Juice,2,245,0.22,382.2,86.2,Card
ORD04148,2023-04-01,4,April,13,DMart-Pune-2,Pune,Personal Care,Biscuits,4,131,0.17,434.92,84.01,Wallet
ORD04149,2023-09-11,9,September,37,DMart-Thane-3,Thane,Household,Tissue,1,153,0.14,131.58,13.25,Card
ORD04150,2023-08-02,8,August,31,DMart-Nagpur-1,Nagpur,Personal Care,Chips,4,259,0.24,787.36,215.35,Cash
ORD04151,2023-03-14,3,March,11,DMart-Nagpur-3,Nagpur,Household,Detergent,4,330,0.3,924.0,262.65,Card
ORD04152,2023-03-21,3,March,12,DMart-Mumbai-3,Mumbai,Household,Water,5,51,0.04,244.8,49.58,Wallet
ORD04153,2023-12-18,12,December,51,DMart-Pune-3,Pune,Personal Care,Sugar,1,151,0.14,129.86,13.68,UPI
ORD04154,2023-09-10,9,September,36,DMart-Thane-3,Thane,Household,Sugar,1,237,0.1,213.3,37.85,Wallet
ORD04155,2023-10-05,10,October,40,DMart-Thane-2,Thane,Groceries,Detergent,2,426,0.02,834.96,198.72,Wallet
ORD04156,2023-07-13,7,July,28,DMart-Mumbai-2,Mumbai,Personal Care,Toothpaste,5,465,0.26,1720.5,298.57,UPI
ORD04157,2023-08-27,8,August,34,DMart-Nashik-1,Nashik,Dairy,Detergent,1,479,0.28,344.88,46.5,Card
ORD04158,2023-03-10,3,March,10,DMart-Mumbai-2,Mumbai,Beverages,Tissue,3,141,0.21,334.17,79.24,Wallet
ORD04159,2023-01-10,1,January,2,DMart-Pune-2,Pune,Household,Sugar,1,329,0.19,266.49,56.3,Cash
ORD04160,2023-09-25,9,September,39,DMart-Nagpur-3,Nagpur,Groceries,Tea,1,496,0.15,421.6,42.26,Wallet
ORD04161,2023-09-06,9,September,36,DMart-Mumbai-2,Mumbai,Beverages,Oil,1,107,0.15,90.95,17.6,Cash
ORD04162,2023-08-30,8,August,35,DMart-Nagpur-3,Nagpur,Groceries,Toothpaste,2,165,0.07,306.9,56.75,Card
ORD04163,2023-08-15,8,August,33,DMart-Nagpur-1,Nagpur,Personal Care,Water,2,378,0.2,604.8,170.8,Cash
ORD04164,2023-12-09,12,December,49,DMart-Thane-1,Thane,Beverages,Wheat,1,54,0.01,53.46,15.25,Cash
ORD04165,2023-01-27,1,January,4,DMart-Pune-3,Pune,Groceries,Coffee,1,437,0.15,371.45,78.4,Cash
ORD04166,2023-04-01,4,April,13,DMart-Thane-1,Thane,Beverages,Rice,2,44,0.11,78.32,18.25,Wallet
ORD04167,2023-03-25,3,March,12,DMart-Thane-2,Thane,Household,Soap,1,109,0.02,106.82,10.94,UPI
ORD04168,2023-11-14,11,November,46,DMart-Pune-2,Pune,Beverages,Coffee,5,483,0.25,1811.25,399.58,Wallet
ORD04169,2023-12-12,12,December,50,DMart-Nashik-2,Nashik,Dairy,Chips,5,464,0.13,2018.4,331.54,Wallet
ORD04170,2023-06-08,6,June,23,DMart-Thane-2,Thane,Dairy,Shampoo,2,197,0.12,346.72,80.65,Card
ORD04171,2023-12-09,12,December,49,DMart-Pune-3,Pune,Groceries,Bread,1,164,0.12,144.32,22.64,UPI
ORD04172,2023-08-14,8,August,33,DMart-Pune-1,Pune,Groceries,Toothpaste,3,426,0.02,1252.44,350.8,UPI
ORD04173,2023-08-23,8,August,34,DMart-Thane-3,Thane,Personal Care,Soap,4,424,0.25,1272.0,318.41,Wallet
ORD04174,2023-07-14,7,July,28,DMart-Nashik-2,Nashik,Groceries,Tissue,4,400,0.24,1216.0,344.67,Card
ORD04175,2023-06-25,6,June,25,DMart-Mumbai-1,Mumbai,Groceries,Coffee,4,433,0.09,1576.12,346.34,Card
ORD04176,2023-09-24,9,September,38,DMart-Pune-2,Pune,Household,Toothpaste,4,390,0.16,1310.4,264.48,Card
ORD04177,2023-10-29,10,October,43,DMart-Pune-3,Pune,Household,Wheat,2,49,0.3,68.6,18.1,Wallet
ORD04178,2023-03-29,3,March,13,DMart-Pune-3,Pune,Groceries,Toothpaste,3,365,0.14,941.7,142.29,Cash
ORD04179,2023-10-17,10,October,42,DMart-Pune-1,Pune,Personal Care,Tissue,2,127,0.08,233.68,40.84,Card
ORD04180,2023-03-16,3,March,11,DMart-Thane-3,Thane,Household,Tea,1,75,0.28,54.0,6.66,Cash
ORD04181,2023-12-25,12,December,52,DMart-Nagpur-1,Nagpur,Beverages,Detergent,1,429,0.3,300.3,62.12,Wallet
ORD04182,2023-09-19,9,September,38,DMart-Pune-1,Pune,Beverages,Tissue,2,325,0.26,481.0,64.06,Card
ORD04183,2023-10-23,10,October,43,DMart-Nagpur-2,Nagpur,Groceries,Juice,2,276,0.01,546.48,144.13,UPI
ORD04184,2023-11-30,11,November,48,DMart-Thane-2,Thane,Household,Shampoo,1,24,0.28,17.28,2.27,Wallet
ORD04185,2023-05-16,5,May,20,DMart-Mumbai-1,Mumbai,Beverages,Milk,4,335,0.21,1058.6,303.27,Card
ORD04186,2023-06-19,6,June,25,DMart-Nashik-2,Nashik,Household,Toothpaste,2,443,0.26,655.64,140.89,Wallet
ORD04187,2023-10-08,10,October,40,DMart-Pune-2,Pune,Household,Oil,1,92,0.27,67.16,16.91,Wallet
ORD04188,2023-12-16,12,December,50,DMart-Nagpur-1,Nagpur,Household,Shampoo,5,393,0.08,1807.8,342.35,Cash
ORD04189,2023-05-31,5,May,22,DMart-Thane-3,Thane,Household,Bread,4,146,0.3,408.8,49.36,Card
ORD04190,2023-12-16,12,December,50,DMart-Mumbai-3,Mumbai,Dairy,Coffee,3,61,0.13,159.21,18.42,Wallet
ORD04191,2023-06-22,6,June,25,DMart-Thane-1,Thane,Groceries,Tissue,3,434,0.11,1158.78,301.42,UPI
ORD04192,2023-08-05,8,August,31,DMart-Nagpur-2,Nagpur,Personal Care,Tea,5,337,0.16,1415.4,325.27,Wallet
ORD04193,2023-08-29,8,August,35,DMart-Nagpur-2,Nagpur,Beverages,Chips,3,162,0.16,408.24,61.89,Card
ORD04194,2023-02-05,2,February,5,DMart-Mumbai-3,Mumbai,Beverages,Soap,1,22,0.29,15.62,3.47,UPI
ORD04195,2023-08-01,8,August,31,DMart-Pune-3,Pune,Beverages,Rice,4,328,0.05,1246.4,297.98,Cash
ORD04196,2023-12-24,12,December,51,DMart-Mumbai-2,Mumbai,Beverages,Eggs,2,212,0.16,356.16,78.56,UPI
ORD04197,2023-05-23,5,May,21,DMart-Nagpur-1,Nagpur,Beverages,Detergent,3,423,0.15,1078.65,238.18,Card
ORD04198,2023-07-28,7,July,30,DMart-Mumbai-3,Mumbai,Groceries,Oil,4,204,0.17,677.28,176.54,UPI
ORD04199,2023-12-26,12,December,52,DMart-Pune-3,Pune,Groceries,Soap,4,435,0.0,1740.0,402.72,Card
ORD04200,2023-09-23,9,September,38,DMart-Thane-3,Thane,Beverages,Rice,1,138,0.12,121.44,13.0,UPI
ORD04201,2023-08-19,8,August,33,DMart-Thane-2,Thane,Dairy,Toothpaste,1,147,0.06,138.18,36.95,UPI
ORD04202,2023-11-30,11,November,48,DMart-Pune-2,Pune,Groceries,Coffee,4,294,0.2,940.8,216.14,Card
ORD04203,2023-08-22,8,August,34,DMart-Mumbai-3,Mumbai,Personal Care,Biscuits,1,116,0.25,87.0,22.73,Cash
ORD04204,2023-04-18,4,April,16,DMart-Nashik-3,Nashik,Groceries,Tissue,5,271,0.27,989.15,135.71,Wallet
ORD04205,2023-10-04,10,October,40,DMart-Pune-2,Pune,Personal Care,Wheat,1,233,0.1,209.7,50.2,Card
ORD04206,2023-11-15,11,November,46,DMart-Nagpur-1,Nagpur,Beverages,Detergent,4,282,0.12,992.64,145.25,Card
ORD04207,2023-12-29,12,December,52,DMart-Nagpur-3,Nagpur,Groceries,Toothpaste,1,287,0.05,272.65,61.54,UPI
ORD04208,2023-06-23,6,June,25,DMart-Thane-3,Thane,Groceries,Milk,2,500,0.29,710.0,165.11,Wallet
ORD04209,2023-08-10,8,August,32,DMart-Nashik-3,Nashik,Beverages,Wheat,5,447,0.08,2056.2,366.05,Card
ORD04210,2023-03-31,3,March,13,DMart-Pune-2,Pune,Household,Tissue,2,475,0.22,741.0,198.69,Wallet
ORD04211,2023-01-19,1,January,3,DMart-Nashik-2,Nashik,Dairy,Chips,2,42,0.02,82.32,19.26,UPI
ORD04212,2023-11-12,11,November,45,DMart-Nashik-1,Nashik,Household,Tissue,4,463,0.02,1814.96,469.23,UPI
ORD04213,2023-04-18,4,April,16,DMart-Nagpur-1,Nagpur,Groceries,Bread,4,126,0.3,352.8,62.21,Card
ORD04214,2023-03-06,3,March,10,DMart-Nagpur-3,Nagpur,Personal Care,Tea,4,299,0.04,1148.16,212.98,Card
ORD04215,2023-04-06,4,April,14,DMart-Mumbai-1,Mumbai,Dairy,Coffee,4,290,0.23,893.2,156.97,UPI
ORD04216,2023-03-18,3,March,11,DMart-Nashik-2,Nashik,Household,Rice,4,487,0.14,1675.28,355.51,Card
ORD04217,2023-08-13,8,August,32,DMart-Nashik-2,Nashik,Groceries,Sugar,2,228,0.21,360.24,74.71,UPI
ORD04218,2023-05-17,5,May,20,DMart-Mumbai-3,Mumbai,Beverages,Biscuits,2,265,0.1,477.0,132.67,UPI
ORD04219,2023-11-29,11,November,48,DMart-Pune-1,Pune,Personal Care,Milk,1,275,0.01,272.25,41.09,Card
ORD04220,2023-09-29,9,September,39,DMart-Nashik-1,Nashik,Household,Biscuits,2,260,0.01,514.8,148.42,Wallet
ORD04221,2023-04-23,4,April,16,DMart-Nagpur-2,Nagpur,Dairy,Milk,3,301,0.26,668.22,190.37,Cash
ORD04222,2023-06-09,6,June,23,DMart-Pune-2,Pune,Beverages,Bread,2,41,0.1,73.8,12.43,Wallet
ORD04223,2023-09-24,9,September,38,DMart-Nagpur-2,Nagpur,Household,Soap,4,427,0.28,1229.76,348.15,Cash
ORD04224,2023-05-31,5,May,22,DMart-Mumbai-2,Mumbai,Groceries,Oil,4,232,0.17,770.24,159.82,Card
ORD04225,2023-10-26,10,October,43,DMart-Nashik-2,Nashik,Beverages,Juice,4,224,0.07,833.28,171.26,Card
ORD04226,2023-07-14,7,July,28,DMart-Pune-2,Pune,Beverages,Rice,5,162,0.21,639.9,182.68,Wallet
ORD04227,2023-09-13,9,September,37,DMart-Thane-3,Thane,Dairy,Soap,2,115,0.19,186.3,50.23,UPI
ORD04228,2023-05-26,5,May,21,DMart-Thane-3,Thane,Household,Tissue,3,189,0.17,470.61,90.85,Wallet
ORD04229,2023-01-15,1,January,2,DMart-Pune-2,Pune,Personal Care,Rice,2,476,0.07,885.36,208.48,Card
ORD04230,2023-10-26,10,October,43,DMart-Mumbai-1,Mumbai,Dairy,Shampoo,3,235,0.01,697.95,137.94,Card
ORD04231,2023-04-16,4,April,15,DMart-Pune-1,Pune,Groceries,Wheat,1,85,0.07,79.05,21.49,Cash
ORD04232,2023-12-22,12,December,51,DMart-Nashik-1,Nashik,Dairy,Oil,5,389,0.15,1653.25,195.45,Wallet
ORD04233,2023-03-15,3,March,11,DMart-Mumbai-1,Mumbai,Dairy,Tissue,3,146,0.13,381.06,80.0,Card
ORD04234,2023-10-08,10,October,40,DMart-Nashik-2,Nashik,Groceries,Sugar,1,296,0.3,207.2,25.57,UPI
ORD04235,2023-04-16,4,April,15,DMart-Mumbai-1,Mumbai,Beverages,Tea,2,448,0.1,806.4,145.75,UPI
ORD04236,2023-11-22,11,November,47,DMart-Pune-3,Pune,Personal Care,Tea,5,104,0.24,395.2,75.94,Wallet
ORD04237,2023-07-07,7,July,27,DMart-Thane-2,Thane,Household,Juice,4,208,0.22,648.96,183.85,Card
ORD04238,2023-06-30,6,June,26,DMart-Pune-3,Pune,Beverages,Coffee,3,310,0.19,753.3,161.21,Cash
ORD04239,2023-06-25,6,June,25,DMart-Thane-2,Thane,Dairy,Chips,4,372,0.04,1428.48,303.74,Cash
ORD04240,2023-08-15,8,August,33,DMart-Nashik-2,Nashik,Beverages,Oil,3,283,0.28,611.28,169.95,Card
ORD04241,2023-02-08,2,February,6,DMart-Pune-3,Pune,Dairy,Tissue,3,339,0.3,711.9,94.04,UPI
ORD04242,2023-12-06,12,December,49,DMart-Thane-2,Thane,Dairy,Biscuits,1,434,0.3,303.8,57.91,UPI
ORD04243,2023-02-08,2,February,6,DMart-Mumbai-3,Mumbai,Beverages,Water,1,69,0.19,55.89,12.62,Cash
ORD04244,2023-06-03,6,June,22,DMart-Nashik-1,Nashik,Personal Care,Biscuits,3,171,0.1,461.7,59.92,UPI
ORD04245,2023-01-21,1,January,3,DMart-Pune-2,Pune,Personal Care,Milk,4,342,0.24,1039.68,233.5,Wallet
ORD04246,2023-04-14,4,April,15,DMart-Mumbai-1,Mumbai,Household,Rice,5,394,0.04,1891.2,302.66,UPI
ORD04247,2023-07-05,7,July,27,DMart-Pune-2,Pune,Dairy,Soap,1,390,0.25,292.5,39.11,Card
ORD04248,2023-01-05,1,January,1,DMart-Nashik-2,Nashik,Household,Bread,4,122,0.07,453.84,71.67,Cash
ORD04249,2023-10-22,10,October,42,DMart-Mumbai-1,Mumbai,Groceries,Shampoo,1,110,0.26,81.4,17.12,Card
ORD04250,2023-12-04,12,December,49,DMart-Mumbai-1,Mumbai,Beverages,Bread,5,264,0.1,1188.0,257.32,Cash
ORD04251,2023-05-25,5,May,21,DMart-Nashik-3,Nashik,Household,Coffee,3,487,0.02,1431.78,182.21,UPI
ORD04252,2023-03-20,3,March,12,DMart-Thane-1,Thane,Beverages,Chips,1,228,0.02,223.44,47.09,Cash
ORD04253,2023-02-28,2,February,9,DMart-Thane-3,Thane,Beverages,Eggs,2,399,0.08,734.16,191.03,Card
ORD04254,2023-08-31,8,August,35,DMart-Nagpur-1,Nagpur,Dairy,Sugar,5,129,0.24,490.2,116.24,UPI
ORD04255,2023-08-25,8,August,34,DMart-Pune-2,Pune,Household,Juice,1,232,0.05,220.4,43.8,UPI
ORD04256,2023-03-01,3,March,9,DMart-Thane-3,Thane,Dairy,Oil,2,33,0.19,53.46,6.27,UPI
ORD04257,2023-09-15,9,September,37,DMart-Pune-2,Pune,Dairy,Sugar,1,40,0.09,36.4,7.95,Cash
ORD04258,2023-03-25,3,March,12,DMart-Thane-3,Thane,Household,Detergent,5,45,0.17,186.75,42.76,Cash
ORD04259,2023-10-24,10,October,43,DMart-Nashik-2,Nashik,Personal Care,Water,3,174,0.05,495.9,68.26,Cash
ORD04260,2023-12-13,12,December,50,DMart-Pune-3,Pune,Household,Wheat,1,98,0.21,77.42,11.1,Wallet
ORD04261,2023-10-15,10,October,41,DMart-Nashik-3,Nashik,Groceries,Eggs,2,246,0.07,457.56,115.34,Wallet
ORD04262,2023-09-08,9,September,36,DMart-Mumbai-1,Mumbai,Beverages,Wheat,1,493,0.29,350.03,68.9,UPI
ORD04263,2023-12-20,12,December,51,DMart-Nashik-1,Nashik,Household,Tissue,5,67,0.03,324.95,90.2,Wallet
ORD04264,2023-05-29,5,May,22,DMart-Pune-1,Pune,Beverages,Wheat,1,436,0.03,422.92,62.52,UPI
ORD04265,2023-01-12,1,January,2,DMart-Mumbai-1,Mumbai,Beverages,Soap,3,429,0.18,1055.34,183.18,Wallet
ORD04266,2023-02-09,2,February,6,DMart-Thane-3,Thane,Household,Shampoo,4,263,0.11,936.28,104.49,Wallet
ORD04267,2023-08-21,8,August,34,DMart-Nashik-2,Nashik,Dairy,Biscuits,4,203,0.04,779.52,113.2,Wallet
ORD04268,2023-04-17,4,April,16,DMart-Thane-2,Thane,Personal Care,Oil,2,33,0.21,52.14,10.4,Cash
ORD04269,2023-02-17,2,February,7,DMart-Pune-1,Pune,Beverages,Wheat,4,414,0.27,1208.88,355.66,Wallet
ORD04270,2023-04-16,4,April,15,DMart-Thane-1,Thane,Personal Care,Wheat,4,224,0.0,896.0,92.05,Card
ORD04271,2023-07-26,7,July,30,DMart-Mumbai-3,Mumbai,Personal Care,Water,5,371,0.07,1725.15,469.69,UPI
ORD04272,2023-04-22,4,April,16,DMart-Pune-3,Pune,Groceries,Tea,4,34,0.03,131.92,32.77,Cash
ORD04273,2023-01-14,1,January,2,DMart-Pune-1,Pune,Groceries,Coffee,1,160,0.17,132.8,24.46,UPI
ORD04274,2023-04-21,4,April,16,DMart-Pune-3,Pune,Dairy,Toothpaste,1,452,0.25,339.0,84.93,Wallet
ORD04275,2023-05-31,5,May,22,DMart-Nashik-3,Nashik,Household,Toothpaste,5,375,0.17,1556.25,215.6,UPI
ORD04276,2023-05-05,5,May,18,DMart-Mumbai-3,Mumbai,Beverages,Tea,1,327,0.26,241.98,52.16,UPI
ORD04277,2023-09-26,9,September,39,DMart-Pune-3,Pune,Household,Chips,2,449,0.21,709.42,123.98,Card
ORD04278,2023-07-02,7,July,26,DMart-Thane-1,Thane,Groceries,Chips,5,128,0.24,486.4,59.76,Wallet
ORD04279,2023-01-13,1,January,2,DMart-Nagpur-1,Nagpur,Beverages,Eggs,2,285,0.24,433.2,108.39,Wallet
ORD04280,2023-10-05,10,October,40,DMart-Thane-1,Thane,Dairy,Tissue,4,300,0.06,1128.0,202.22,UPI
ORD04281,2023-03-16,3,March,11,DMart-Nagpur-1,Nagpur,Household,Soap,1,28,0.08,25.76,6.16,Card
ORD04282,2023-08-13,8,August,32,DMart-Pune-2,Pune,Household,Biscuits,4,179,0.13,622.92,174.24,Wallet
ORD04283,2023-09-03,9,September,35,DMart-Mumbai-3,Mumbai,Groceries,Shampoo,2,221,0.15,375.7,95.18,Cash
ORD04284,2023-07-24,7,July,30,DMart-Thane-1,Thane,Groceries,Soap,3,254,0.11,678.18,188.57,Wallet
ORD04285,2023-09-04,9,September,36,DMart-Mumbai-1,Mumbai,Groceries,Water,3,82,0.11,218.94,44.37,Cash
ORD04286,2023-02-26,2,February,8,DMart-Nagpur-3,Nagpur,Beverages,Shampoo,1,429,0.11,381.81,71.74,Cash
ORD04287,2023-12-28,12,December,52,DMart-Nagpur-1,Nagpur,Dairy,Toothpaste,4,379,0.28,1091.52,124.09,Wallet
ORD04288,2023-03-02,3,March,9,DMart-Nagpur-1,Nagpur,Beverages,Oil,1,217,0.27,158.41,22.12,Cash
ORD04289,2023-02-15,2,February,7,DMart-Nashik-1,Nashik,Household,Detergent,4,105,0.23,323.4,80.74,Card
ORD04290,2023-06-24,6,June,25,DMart-Thane-3,Thane,Beverages,Chips,3,214,0.29,455.82,69.12,Wallet
ORD04291,2023-09-14,9,September,37,DMart-Nashik-1,Nashik,Personal Care,Soap,3,279,0.29,594.27,160.37,UPI
ORD04292,2023-09-13,9,September,37,DMart-Nashik-1,Nashik,Groceries,Tea,1,156,0.06,146.64,23.17,Card
ORD04293,2023-11-20,11,November,47,DMart-Nashik-1,Nashik,Beverages,Chips,5,193,0.11,858.85,201.76,Wallet
ORD04294,2023-01-15,1,January,2,DMart-Nagpur-1,Nagpur,Dairy,Rice,1,23,0.02,22.54,4.96,UPI
ORD04295,2023-03-19,3,March,11,DMart-Nagpur-2,Nagpur,Dairy,Coffee,5,132,0.12,580.8,150.99,Card
ORD04296,2023-12-18,12,December,51,DMart-Pune-1,Pune,Groceries,Milk,4,353,0.23,1087.24,298.4,Wallet
ORD04297,2023-09-29,9,September,39,DMart-Nashik-2,Nashik,Household,Soap,1,208,0.3,145.6,31.48,Wallet
ORD04298,2023-01-11,1,January,2,DMart-Thane-2,Thane,Beverages,Eggs,5,35,0.18,143.5,16.79,Card
ORD04299,2023-01-17,1,January,3,DMart-Nashik-1,Nashik,Groceries,Tissue,2,55,0.13,95.7,24.95,Card
ORD04300,2023-01-10,1,January,2,DMart-Pune-2,Pune,Beverages,Soap,5,437,0.2,1748.0,262.86,UPI
ORD04301,2023-08-31,8,August,35,DMart-Nashik-3,Nashik,Groceries,Tea,4,27,0.05,102.6,26.89,Card
ORD04302,2023-12-31,12,December,52,DMart-Pune-2,Pune,Groceries,Chips,2,176,0.19,285.12,82.95,Card
ORD04303,2023-11-10,11,November,45,DMart-Mumbai-2,Mumbai,Personal Care,Water,3,314,0.09,857.22,109.41,Wallet
ORD04304,2023-12-23,12,December,51,DMart-Mumbai-1,Mumbai,Personal Care,Biscuits,4,86,0.1,309.6,41.4,Cash
ORD04305,2023-02-27,2,February,9,DMart-Nagpur-2,Nagpur,Groceries,Juice,4,351,0.06,1319.76,203.48,Card
ORD04306,2023-12-23,12,December,51,DMart-Nashik-2,Nashik,Household,Chips,2,114,0.1,205.2,48.19,Wallet
ORD04307,2023-12-31,12,December,52,DMart-Thane-3,Thane,Household,Eggs,2,136,0.13,236.64,36.84,Wallet
ORD04308,2023-02-16,2,February,7,DMart-Mumbai-2,Mumbai,Groceries,Wheat,4,66,0.0,264.0,50.96,UPI
ORD04309,2023-12-16,12,December,50,DMart-Thane-3,Thane,Beverages,Toothpaste,4,249,0.3,697.2,80.16,UPI
ORD04310,2023-01-21,1,January,3,DMart-Nashik-3,Nashik,Household,Shampoo,5,174,0.09,791.7,93.4,Card
ORD04311,2023-03-30,3,March,13,DMart-Nashik-3,Nashik,Beverages,Soap,3,385,0.24,877.8,114.07,UPI
ORD04312,2023-11-24,11,November,47,DMart-Pune-3,Pune,Personal Care,Eggs,5,106,0.25,397.5,77.26,Wallet
ORD04313,2023-12-04,12,December,49,DMart-Nashik-3,Nashik,Household,Coffee,1,304,0.21,240.16,34.01,UPI
ORD04314,2023-08-01,8,August,31,DMart-Mumbai-2,Mumbai,Personal Care,Chips,4,160,0.3,448.0,108.5,Cash
ORD04315,2023-06-24,6,June,25,DMart-Nagpur-2,Nagpur,Household,Detergent,1,86,0.26,63.64,13.04,Cash
ORD04316,2023-12-12,12,December,50,DMart-Mumbai-1,Mumbai,Household,Detergent,1,162,0.29,115.02,28.1,Wallet
ORD04317,2023-10-23,10,October,43,DMart-Nagpur-1,Nagpur,Groceries,Oil,1,233,0.02,228.34,36.57,Card
ORD04318,2023-05-11,5,May,19,DMart-Mumbai-1,Mumbai,Groceries,Water,5,72,0.27,262.8,52.81,Wallet
ORD04319,2023-07-05,7,July,27,DMart-Pune-1,Pune,Dairy,Toothpaste,3,394,0.27,862.86,244.76,Card
ORD04320,2023-12-30,12,December,52,DMart-Nashik-2,Nashik,Dairy,Bread,4,274,0.09,997.36,211.35,Wallet
ORD04321,2023-08-23,8,August,34,DMart-Thane-2,Thane,Groceries,Rice,5,260,0.17,1079.0,299.39,UPI
ORD04322,2023-06-24,6,June,25,DMart-Thane-2,Thane,Dairy,Soap,1,191,0.05,181.45,21.29,Cash
ORD04323,2023-10-09,10,October,41,DMart-Mumbai-1,Mumbai,Dairy,Bread,4,227,0.18,744.56,219.14,Wallet
ORD04324,2023-12-07,12,December,49,DMart-Pune-3,Pune,Personal Care,Water,1,392,0.04,376.32,78.36,UPI
ORD04325,2023-10-09,10,October,41,DMart-Pune-2,Pune,Household,Eggs,3,351,0.14,905.58,102.0,Wallet
ORD04326,2023-12-09,12,December,49,DMart-Thane-2,Thane,Dairy,Detergent,1,75,0.26,55.5,5.7,Wallet
ORD04327,2023-01-05,1,January,1,DMart-Mumbai-1,Mumbai,Personal Care,Rice,2,43,0.15,73.1,14.92,Wallet
ORD04328,2023-12-27,12,December,52,DMart-Nashik-2,Nashik,Household,Juice,2,135,0.01,267.3,53.39,Cash
ORD04329,2023-10-20,10,October,42,DMart-Thane-2,Thane,Dairy,Detergent,5,159,0.08,731.4,160.01,Wallet
ORD04330,2023-09-09,9,September,36,DMart-Thane-1,Thane,Household,Toothpaste,4,245,0.29,695.8,164.78,Wallet
ORD04331,2023-06-27,6,June,26,DMart-Nashik-1,Nashik,Personal Care,Wheat,3,428,0.21,1014.36,276.61,Card
ORD04332,2023-07-22,7,July,29,DMart-Thane-2,Thane,Personal Care,Chips,4,88,0.15,299.2,53.57,Card
ORD04333,2023-02-15,2,February,7,DMart-Pune-2,Pune,Dairy,Detergent,1,277,0.14,238.22,71.37,Wallet
ORD04334,2023-09-02,9,September,35,DMart-Nashik-1,Nashik,Groceries,Biscuits,1,459,0.06,431.46,69.67,UPI
ORD04335,2023-03-18,3,March,11,DMart-Pune-1,Pune,Dairy,Wheat,2,243,0.12,427.68,95.07,Cash
ORD04336,2023-04-21,4,April,16,DMart-Nashik-3,Nashik,Personal Care,Milk,3,359,0.11,958.53,128.79,Card
ORD04337,2023-08-15,8,August,33,DMart-Mumbai-1,Mumbai,Dairy,Soap,5,25,0.29,88.75,21.58,Wallet
ORD04338,2023-05-13,5,May,19,DMart-Pune-3,Pune,Personal Care,Wheat,3,136,0.02,399.84,74.58,UPI
ORD04339,2023-11-28,11,November,48,DMart-Mumbai-2,Mumbai,Beverages,Milk,4,258,0.23,794.64,155.53,UPI
ORD04340,2023-06-25,6,June,25,DMart-Mumbai-1,Mumbai,Dairy,Tissue,5,266,0.18,1090.6,323.57,Card
ORD04341,2023-04-18,4,April,16,DMart-Nagpur-1,Nagpur,Personal Care,Water,2,327,0.06,614.76,78.2,UPI
ORD04342,2023-04-22,4,April,16,DMart-Nagpur-1,Nagpur,Dairy,Shampoo,5,96,0.3,336.0,57.45,UPI
ORD04343,2023-09-24,9,September,38,DMart-Mumbai-3,Mumbai,Personal Care,Soap,2,91,0.15,154.7,36.33,Card
ORD04344,2023-10-24,10,October,43,DMart-Nagpur-2,Nagpur,Groceries,Eggs,2,38,0.25,57.0,8.32,Cash
ORD04345,2023-01-04,1,January,1,DMart-Nashik-3,Nashik,Household,Tissue,2,179,0.2,286.4,40.53,Cash
ORD04346,2023-04-15,4,April,15,DMart-Nashik-1,Nashik,Groceries,Tea,2,156,0.06,293.28,43.01,UPI
ORD04347,2023-12-16,12,December,50,DMart-Pune-3,Pune,Household,Oil,5,474,0.06,2227.8,460.43,Wallet
ORD04348,2023-11-21,11,November,47,DMart-Nashik-3,Nashik,Dairy,Sugar,4,204,0.28,587.52,123.08,Cash
ORD04349,2023-05-18,5,May,20,DMart-Thane-3,Thane,Dairy,Tea,1,245,0.18,200.9,41.13,Card
ORD04350,2023-12-18,12,December,51,DMart-Mumbai-1,Mumbai,Personal Care,Oil,5,235,0.21,928.25,164.42,Wallet
ORD04351,2023-06-01,6,June,22,DMart-Mumbai-3,Mumbai,Beverages,Biscuits,3,177,0.23,408.87,108.92,Cash
ORD04352,2023-07-08,7,July,27,DMart-Mumbai-3,Mumbai,Household,Coffee,2,425,0.14,731.0,163.85,Wallet
ORD04353,2023-05-29,5,May,22,DMart-Pune-1,Pune,Beverages,Rice,2,125,0.2,200.0,52.96,Wallet
ORD04354,2023-09-25,9,September,39,DMart-Mumbai-3,Mumbai,Beverages,Detergent,2,335,0.08,616.4,151.12,UPI
ORD04355,2023-11-22,11,November,47,DMart-Nagpur-2,Nagpur,Dairy,Wheat,4,328,0.19,1062.72,299.72,UPI
ORD04356,2023-12-13,12,December,50,DMart-Mumbai-2,Mumbai,Groceries,Eggs,3,375,0.0,1125.0,166.06,Card
ORD04357,2023-10-25,10,October,43,DMart-Thane-2,Thane,Beverages,Juice,3,428,0.24,975.84,113.33,Cash
ORD04358,2023-03-07,3,March,10,DMart-Thane-3,Thane,Groceries,Chips,4,222,0.13,772.56,212.76,Wallet
ORD04359,2023-11-23,11,November,47,DMart-Nagpur-2,Nagpur,Personal Care,Wheat,4,350,0.07,1302.0,388.12,Wallet
ORD04360,2023-08-30,8,August,35,DMart-Nagpur-1,Nagpur,Beverages,Sugar,5,444,0.18,1820.4,429.08,UPI
ORD04361,2023-03-14,3,March,11,DMart-Mumbai-1,Mumbai,Household,Tissue,5,203,0.02,994.7,276.64,UPI
ORD04362,2023-09-28,9,September,39,DMart-Mumbai-3,Mumbai,Dairy,Chips,2,178,0.27,259.88,50.4,UPI
ORD04363,2023-02-22,2,February,8,DMart-Nagpur-2,Nagpur,Beverages,Chips,4,309,0.07,1149.48,323.59,Card
ORD04364,2023-04-16,4,April,15,DMart-Nashik-3,Nashik,Dairy,Juice,5,325,0.08,1495.0,333.41,Card
ORD04365,2023-01-04,1,January,1,DMart-Pune-2,Pune,Household,Eggs,3,308,0.1,831.6,214.2,Wallet
ORD04366,2023-07-05,7,July,27,DMart-Nagpur-2,Nagpur,Beverages,Juice,1,121,0.15,102.85,11.48,UPI
ORD04367,2023-01-17,1,January,3,DMart-Thane-3,Thane,Dairy,Wheat,1,398,0.0,398.0,92.51,Wallet
ORD04368,2023-04-15,4,April,15,DMart-Thane-2,Thane,Personal Care,Water,2,133,0.11,236.74,58.51,Wallet
ORD04369,2023-04-15,4,April,15,DMart-Nagpur-2,Nagpur,Dairy,Bread,2,393,0.09,715.26,202.87,Card
ORD04370,2023-10-16,10,October,42,DMart-Nashik-1,Nashik,Household,Eggs,4,53,0.21,167.48,29.86,Cash
ORD04371,2023-10-25,10,October,43,DMart-Nagpur-1,Nagpur,Groceries,Oil,1,328,0.09,298.48,62.6,Wallet
ORD04372,2023-01-12,1,January,2,DMart-Nashik-3,Nashik,Dairy,Tea,2,459,0.13,798.66,129.31,Wallet
ORD04373,2023-10-13,10,October,41,DMart-Pune-2,Pune,Personal Care,Eggs,3,283,0.19,687.69,118.7,Cash
ORD04374,2023-09-05,9,September,36,DMart-Pune-1,Pune,Groceries,Juice,5,422,0.21,1666.9,174.43,Wallet
ORD04375,2023-02-19,2,February,7,DMart-Mumbai-2,Mumbai,Beverages,Juice,3,488,0.2,1171.2,339.55,Cash
ORD04376,2023-05-27,5,May,21,DMart-Nagpur-1,Nagpur,Personal Care,Biscuits,2,437,0.22,681.72,105.24,Card
ORD04377,2023-05-11,5,May,19,DMart-Nagpur-3,Nagpur,Dairy,Coffee,2,372,0.17,617.52,116.15,Cash
ORD04378,2023-12-31,12,December,52,DMart-Nagpur-1,Nagpur,Dairy,Chips,5,276,0.0,1380.0,319.93,Wallet
ORD04379,2023-06-26,6,June,26,DMart-Pune-2,Pune,Household,Sugar,4,117,0.17,388.44,100.9,Wallet
ORD04380,2023-08-15,8,August,33,DMart-Nagpur-2,Nagpur,Household,Sugar,5,290,0.16,1218.0,179.38,Card
ORD04381,2023-05-06,5,May,18,DMart-Pune-3,Pune,Beverages,Shampoo,5,42,0.26,155.4,28.07,UPI
ORD04382,2023-09-15,9,September,37,DMart-Mumbai-1,Mumbai,Personal Care,Wheat,3,100,0.01,297.0,38.6,Wallet
ORD04383,2023-05-24,5,May,21,DMart-Pune-2,Pune,Household,Water,2,347,0.08,638.48,182.65,UPI
ORD04384,2023-07-03,7,July,27,DMart-Mumbai-2,Mumbai,Household,Shampoo,5,227,0.1,1021.5,138.27,UPI
ORD04385,2023-02-22,2,February,8,DMart-Mumbai-1,Mumbai,Personal Care,Biscuits,2,36,0.16,60.48,11.51,Cash
ORD04386,2023-04-18,4,April,16,DMart-Mumbai-1,Mumbai,Beverages,Chips,5,234,0.09,1064.7,187.76,Card
ORD04387,2023-10-28,10,October,43,DMart-Nagpur-2,Nagpur,Dairy,Wheat,4,264,0.08,971.52,182.9,Wallet
ORD04388,2023-10-26,10,October,43,DMart-Nashik-1,Nashik,Groceries,Oil,1,238,0.05,226.1,30.63,Card
ORD04389,2023-01-23,1,January,4,DMart-Pune-3,Pune,Household,Soap,4,437,0.22,1363.44,221.7,Wallet
ORD04390,2023-12-30,12,December,52,DMart-Mumbai-1,Mumbai,Groceries,Detergent,5,346,0.28,1245.6,283.71,Card
ORD04391,2023-03-04,3,March,9,DMart-Mumbai-3,Mumbai,Household,Chips,2,328,0.06,616.64,88.39,Wallet
ORD04392,2023-12-05,12,December,49,DMart-Thane-3,Thane,Groceries,Water,2,71,0.16,119.28,19.41,Cash
ORD04393,2023-01-14,1,January,2,DMart-Mumbai-1,Mumbai,Household,Bread,4,193,0.06,725.68,187.2,Cash
ORD04394,2023-01-16,1,January,3,DMart-Nagpur-2,Nagpur,Dairy,Sugar,3,458,0.25,1030.5,175.97,Cash
ORD04395,2023-10-05,10,October,40,DMart-Thane-2,Thane,Beverages,Sugar,1,306,0.12,269.28,67.19,Cash
ORD04396,2023-11-03,11,November,44,DMart-Nagpur-1,Nagpur,Household,Toothpaste,5,310,0.03,1503.5,207.39,Card
ORD04397,2023-01-19,1,January,3,DMart-Thane-3,Thane,Beverages,Biscuits,5,81,0.03,392.85,92.07,UPI
ORD04398,2023-10-23,10,October,43,DMart-Thane-2,Thane,Household,Juice,1,244,0.16,204.96,38.25,Wallet
ORD04399,2023-02-09,2,February,6,DMart-Mumbai-3,Mumbai,Groceries,Coffee,1,294,0.2,235.2,38.16,UPI
ORD04400,2023-12-29,12,December,52,DMart-Nashik-3,Nashik,Household,Bread,3,484,0.0,1452.0,287.61,Cash
ORD04401,2023-11-04,11,November,44,DMart-Mumbai-3,Mumbai,Groceries,Juice,5,98,0.07,455.7,64.48,Cash
ORD04402,2023-04-10,4,April,15,DMart-Thane-1,Thane,Household,Shampoo,2,200,0.3,280.0,35.55,Card
ORD04403,2023-01-22,1,January,3,DMart-Nagpur-2,Nagpur,Dairy,Wheat,1,264,0.29,187.44,53.57,Card
ORD04404,2023-09-25,9,September,39,DMart-Nagpur-3,Nagpur,Beverages,Tissue,2,217,0.22,338.52,64.25,Cash
ORD04405,2023-07-18,7,July,29,DMart-Thane-3,Thane,Groceries,Water,2,54,0.28,77.76,14.22,UPI
ORD04406,2023-01-17,1,January,3,DMart-Mumbai-2,Mumbai,Groceries,Soap,5,218,0.26,806.6,140.44,Wallet
ORD04407,2023-06-12,6,June,24,DMart-Mumbai-1,Mumbai,Groceries,Coffee,1,106,0.03,102.82,21.68,Cash
ORD04408,2023-10-05,10,October,40,DMart-Thane-2,Thane,Groceries,Sugar,2,361,0.27,527.06,123.14,UPI
ORD04409,2023-12-14,12,December,50,DMart-Nashik-2,Nashik,Dairy,Soap,2,50,0.1,90.0,15.43,Wallet
ORD04410,2023-10-25,10,October,43,DMart-Pune-2,Pune,Groceries,Milk,2,239,0.07,444.54,54.68,Card
ORD04411,2023-11-04,11,November,44,DMart-Nashik-2,Nashik,Household,Juice,5,356,0.22,1388.4,306.92,Cash
ORD04412,2023-01-11,1,January,2,DMart-Pune-2,Pune,Groceries,Water,4,312,0.27,911.04,190.88,Card
ORD04413,2023-01-16,1,January,3,DMart-Nashik-2,Nashik,Dairy,Biscuits,1,65,0.04,62.4,15.66,UPI
ORD04414,2023-08-05,8,August,31,DMart-Mumbai-2,Mumbai,Household,Rice,4,82,0.25,246.0,38.08,Cash
ORD04415,2023-05-10,5,May,19,DMart-Mumbai-2,Mumbai,Personal Care,Shampoo,1,449,0.28,323.28,67.31,Wallet
ORD04416,2023-02-22,2,February,8,DMart-Nagpur-1,Nagpur,Groceries,Shampoo,5,431,0.26,1594.7,234.77,Card
ORD04417,2023-05-15,5,May,20,DMart-Mumbai-1,Mumbai,Household,Shampoo,3,468,0.0,1404.0,370.72,Card
ORD04418,2023-09-14,9,September,37,DMart-Pune-2,Pune,Personal Care,Wheat,2,443,0.22,691.08,199.68,Card
ORD04419,2023-07-23,7,July,29,DMart-Nagpur-3,Nagpur,Household,Juice,2,305,0.21,481.9,107.78,Card
ORD04420,2023-10-20,10,October,42,DMart-Mumbai-2,Mumbai,Personal Care,Wheat,2,152,0.19,246.24,73.03,Card
ORD04421,2023-03-15,3,March,11,DMart-Thane-2,Thane,Beverages,Rice,3,337,0.14,869.46,248.65,Wallet
ORD04422,2023-08-09,8,August,32,DMart-Nagpur-3,Nagpur,Beverages,Bread,2,454,0.21,717.32,180.92,Card
ORD04423,2023-08-21,8,August,34,DMart-Pune-3,Pune,Personal Care,Water,1,329,0.28,236.88,52.14,UPI
ORD04424,2023-01-23,1,January,4,DMart-Thane-2,Thane,Personal Care,Oil,3,500,0.15,1275.0,162.94,Wallet
ORD04425,2023-03-05,3,March,9,DMart-Thane-1,Thane,Beverages,Coffee,4,364,0.28,1048.32,213.6,Cash
ORD04426,2023-03-10,3,March,10,DMart-Mumbai-2,Mumbai,Dairy,Water,4,331,0.3,926.8,164.62,Wallet
ORD04427,2023-07-18,7,July,29,DMart-Pune-2,Pune,Household,Milk,4,224,0.0,896.0,227.22,UPI
ORD04428,2023-05-19,5,May,20,DMart-Mumbai-2,Mumbai,Household,Water,4,324,0.15,1101.6,253.47,Wallet
ORD04429,2023-07-09,7,July,27,DMart-Thane-2,Thane,Dairy,Water,4,449,0.23,1382.92,274.11,Card
ORD04430,2023-01-23,1,January,4,DMart-Mumbai-3,Mumbai,Groceries,Bread,3,479,0.26,1063.38,305.14,UPI
ORD04431,2023-02-14,2,February,7,DMart-Pune-3,Pune,Beverages,Milk,3,95,0.05,270.75,79.11,UPI
ORD04432,2023-06-24,6,June,25,DMart-Nagpur-3,Nagpur,Groceries,Water,5,20,0.1,90.0,22.41,Card
ORD04433,2023-11-04,11,November,44,DMart-Nashik-2,Nashik,Groceries,Water,2,251,0.03,486.94,83.95,Cash
ORD04434,2023-06-23,6,June,25,DMart-Pune-1,Pune,Groceries,Milk,3,340,0.29,724.2,178.46,Card
ORD04435,2023-04-12,4,April,15,DMart-Nashik-3,Nashik,Dairy,Sugar,1,388,0.16,325.92,50.33,Wallet
ORD04436,2023-01-09,1,January,2,DMart-Mumbai-3,Mumbai,Household,Chips,5,444,0.07,2064.6,325.44,UPI
ORD04437,2023-03-18,3,March,11,DMart-Nashik-3,Nashik,Groceries,Milk,5,23,0.02,112.7,31.18,Card
ORD04438,2023-05-13,5,May,19,DMart-Nashik-1,Nashik,Groceries,Soap,3,425,0.29,905.25,216.96,Cash
ORD04439,2023-05-24,5,May,21,DMart-Thane-3,Thane,Household,Rice,4,494,0.16,1659.84,239.83,UPI
ORD04440,2023-12-15,12,December,50,DMart-Pune-2,Pune,Personal Care,Tea,5,322,0.04,1545.6,367.6,Cash
ORD04441,2023-03-18,3,March,11,DMart-Pune-1,Pune,Groceries,Oil,5,238,0.04,1142.4,166.35,Wallet
ORD04442,2023-11-15,11,November,46,DMart-Mumbai-1,Mumbai,Groceries,Detergent,1,277,0.2,221.6,22.85,Wallet
ORD04443,2023-03-19,3,March,11,DMart-Thane-1,Thane,Dairy,Toothpaste,3,229,0.14,590.82,120.45,Wallet
ORD04444,2023-04-22,4,April,16,DMart-Nashik-1,Nashik,Beverages,Chips,4,278,0.14,956.32,281.62,Card
ORD04445,2023-03-07,3,March,10,DMart-Nagpur-3,Nagpur,Dairy,Juice,3,412,0.16,1038.24,212.36,UPI
ORD04446,2023-04-11,4,April,15,DMart-Mumbai-3,Mumbai,Dairy,Coffee,3,181,0.09,494.13,123.32,Card
ORD04447,2023-04-14,4,April,15,DMart-Nashik-1,Nashik,Groceries,Chips,4,54,0.16,181.44,42.8,UPI
ORD04448,2023-10-11,10,October,41,DMart-Pune-1,Pune,Beverages,Rice,2,43,0.08,79.12,13.24,UPI
ORD04449,2023-09-19,9,September,38,DMart-Nagpur-1,Nagpur,Dairy,Coffee,3,23,0.14,59.34,10.64,Wallet
ORD04450,2023-07-13,7,July,28,DMart-Pune-2,Pune,Household,Wheat,5,85,0.17,352.75,103.7,Card
ORD04451,2023-12-28,12,December,52,DMart-Pune-3,Pune,Personal Care,Detergent,2,60,0.01,118.8,26.75,UPI
ORD04452,2023-02-06,2,February,6,DMart-Pune-3,Pune,Personal Care,Eggs,3,304,0.19,738.72,101.88,UPI
ORD04453,2023-07-22,7,July,29,DMart-Thane-3,Thane,Groceries,Milk,1,356,0.15,302.6,81.18,Cash
ORD04454,2023-05-12,5,May,19,DMart-Mumbai-2,Mumbai,Dairy,Shampoo,1,21,0.0,21.0,5.48,Card
ORD04455,2023-05-27,5,May,21,DMart-Pune-3,Pune,Dairy,Biscuits,5,322,0.12,1416.8,405.59,Wallet
ORD04456,2023-06-09,6,June,23,DMart-Nashik-2,Nashik,Dairy,Shampoo,1,129,0.19,104.49,27.08,Wallet
ORD04457,2023-02-19,2,February,7,DMart-Pune-2,Pune,Beverages,Oil,2,136,0.26,201.28,29.91,Wallet
ORD04458,2023-03-26,3,March,12,DMart-Mumbai-1,Mumbai,Household,Juice,1,259,0.02,253.82,26.66,UPI
ORD04459,2023-11-21,11,November,47,DMart-Pune-3,Pune,Dairy,Toothpaste,3,170,0.19,413.1,90.85,Card
ORD04460,2023-10-10,10,October,41,DMart-Nashik-2,Nashik,Groceries,Juice,5,395,0.16,1659.0,333.99,Wallet
ORD04461,2023-09-20,9,September,38,DMart-Thane-1,Thane,Groceries,Water,2,383,0.03,743.02,128.74,UPI
ORD04462,2023-09-13,9,September,37,DMart-Mumbai-3,Mumbai,Dairy,Shampoo,4,253,0.29,718.52,103.41,Wallet
ORD04463,2023-05-28,5,May,21,DMart-Pune-1,Pune,Dairy,Wheat,1,129,0.05,122.55,16.36,Card
ORD04464,2023-05-16,5,May,20,DMart-Pune-1,Pune,Groceries,Tissue,4,495,0.0,1980.0,312.78,Cash
ORD04465,2023-06-09,6,June,23,DMart-Nagpur-2,Nagpur,Dairy,Detergent,4,428,0.17,1420.96,273.77,Wallet
ORD04466,2023-09-12,9,September,37,DMart-Nagpur-1,Nagpur,Groceries,Shampoo,1,255,0.07,237.15,42.81,Card
ORD04467,2023-07-25,7,July,30,DMart-Mumbai-3,Mumbai,Groceries,Rice,4,364,0.12,1281.28,374.74,UPI
ORD04468,2023-10-09,10,October,41,DMart-Nagpur-3,Nagpur,Groceries,Milk,2,463,0.25,694.5,164.94,UPI
ORD04469,2023-03-03,3,March,9,DMart-Nashik-1,Nashik,Household,Eggs,5,232,0.05,1102.0,216.16,Card
ORD04470,2023-08-14,8,August,33,DMart-Nashik-2,Nashik,Personal Care,Milk,2,153,0.19,247.86,35.0,Cash
ORD04471,2023-06-03,6,June,22,DMart-Nashik-1,Nashik,Household,Biscuits,4,449,0.18,1472.72,196.2,Cash
ORD04472,2023-07-25,7,July,30,DMart-Pune-1,Pune,Personal Care,Water,3,36,0.17,89.64,15.28,Cash
ORD04473,2023-04-04,4,April,14,DMart-Nagpur-3,Nagpur,Beverages,Eggs,3,354,0.06,998.28,299.18,Card
ORD04474,2023-10-24,10,October,43,DMart-Nashik-2,Nashik,Groceries,Tissue,5,77,0.21,304.15,49.23,Wallet
ORD04475,2023-06-29,6,June,26,DMart-Nagpur-1,Nagpur,Dairy,Oil,2,153,0.03,296.82,31.41,UPI
ORD04476,2023-08-28,8,August,35,DMart-Thane-3,Thane,Groceries,Tissue,1,262,0.09,238.42,50.5,UPI
ORD04477,2023-07-12,7,July,28,DMart-Pune-3,Pune,Household,Shampoo,1,68,0.22,53.04,9.66,Card
ORD04478,2023-07-05,7,July,27,DMart-Pune-1,Pune,Beverages,Tissue,3,313,0.05,892.05,102.27,Wallet
ORD04479,2023-10-21,10,October,42,DMart-Nagpur-1,Nagpur,Groceries,Eggs,4,126,0.06,473.76,133.56,Card
ORD04480,2023-10-23,10,October,43,DMart-Nagpur-2,Nagpur,Dairy,Coffee,4,270,0.14,928.8,172.32,Wallet
ORD04481,2023-09-07,9,September,36,DMart-Mumbai-2,Mumbai,Household,Biscuits,3,127,0.25,285.75,60.52,UPI
ORD04482,2023-06-08,6,June,23,DMart-Pune-1,Pune,Personal Care,Sugar,5,151,0.02,739.9,160.53,Cash
ORD04483,2023-10-08,10,October,40,DMart-Mumbai-3,Mumbai,Beverages,Tissue,4,111,0.25,333.0,66.03,UPI
ORD04484,2023-04-13,4,April,15,DMart-Mumbai-1,Mumbai,Personal Care,Rice,4,454,0.03,1761.52,304.15,Cash
ORD04485,2023-02-18,2,February,7,DMart-Nagpur-3,Nagpur,Groceries,Sugar,5,134,0.03,649.9,108.44,Cash
ORD04486,2023-06-07,6,June,23,DMart-Nagpur-2,Nagpur,Dairy,Toothpaste,2,403,0.13,701.22,206.41,UPI
ORD04487,2023-02-08,2,February,6,DMart-Thane-3,Thane,Household,Shampoo,1,329,0.02,322.42,32.41,Wallet
ORD04488,2023-02-19,2,February,7,DMart-Pune-2,Pune,Beverages,Water,4,442,0.22,1379.04,304.93,Cash
ORD04489,2023-06-25,6,June,25,DMart-Thane-1,Thane,Dairy,Coffee,1,291,0.12,256.08,48.87,Wallet
ORD04490,2023-08-25,8,August,34,DMart-Nagpur-1,Nagpur,Personal Care,Soap,2,251,0.01,496.98,107.75,Cash
ORD04491,2023-01-24,1,January,4,DMart-Thane-2,Thane,Dairy,Bread,2,254,0.13,441.96,71.2,UPI
ORD04492,2023-01-30,1,January,5,DMart-Mumbai-3,Mumbai,Household,Biscuits,4,428,0.18,1403.84,299.27,Card
ORD04493,2023-07-05,7,July,27,DMart-Nagpur-2,Nagpur,Groceries,Coffee,3,360,0.11,961.2,272.02,UPI
ORD04494,2023-03-22,3,March,12,DMart-Pune-2,Pune,Personal Care,Coffee,1,23,0.03,22.31,5.27,Cash
ORD04495,2023-08-27,8,August,34,DMart-Nagpur-1,Nagpur,Dairy,Coffee,2,340,0.23,523.6,139.98,Cash
ORD04496,2023-10-28,10,October,43,DMart-Nagpur-3,Nagpur,Household,Juice,4,194,0.16,651.84,137.12,Wallet
ORD04497,2023-02-02,2,February,5,DMart-Pune-3,Pune,Household,Wheat,5,195,0.15,828.75,116.1,Wallet
ORD04498,2023-09-03,9,September,35,DMart-Pune-2,Pune,Dairy,Toothpaste,2,376,0.27,548.96,99.99,Wallet
ORD04499,2023-01-27,1,January,4,DMart-Nagpur-2,Nagpur,Personal Care,Bread,2,122,0.15,207.4,37.15,Wallet
ORD04500,2023-06-29,6,June,26,DMart-Thane-3,Thane,Beverages,Water,3,396,0.16,997.92,188.5,Wallet
ORD04501,2023-07-17,7,July,29,DMart-Pune-3,Pune,Household,Shampoo,3,344,0.14,887.52,220.92,Card
ORD04502,2023-11-18,11,November,46,DMart-Pune-3,Pune,Beverages,Soap,4,457,0.29,1297.88,195.39,Cash
ORD04503,2023-11-23,11,November,47,DMart-Mumbai-3,Mumbai,Beverages,Milk,3,32,0.07,89.28,16.83,Cash
ORD04504,2023-10-14,10,October,41,DMart-Thane-2,Thane,Household,Shampoo,4,332,0.1,1195.2,329.52,Card
ORD04505,2023-06-20,6,June,25,DMart-Mumbai-1,Mumbai,Dairy,Rice,3,245,0.08,676.2,142.54,Wallet
ORD04506,2023-09-26,9,September,39,DMart-Nagpur-3,Nagpur,Beverages,Rice,5,137,0.06,643.9,89.98,Card
ORD04507,2023-07-26,7,July,30,DMart-Thane-1,Thane,Dairy,Eggs,5,389,0.03,1886.65,282.12,Wallet
ORD04508,2023-06-05,6,June,23,DMart-Nagpur-2,Nagpur,Groceries,Detergent,3,376,0.25,846.0,216.71,UPI
ORD04509,2023-08-23,8,August,34,DMart-Thane-3,Thane,Groceries,Eggs,3,431,0.02,1267.14,215.86,Wallet
ORD04510,2023-04-22,4,April,16,DMart-Nashik-1,Nashik,Beverages,Bread,1,449,0.1,404.1,48.76,UPI
ORD04511,2023-07-28,7,July,30,DMart-Nagpur-1,Nagpur,Household,Biscuits,5,137,0.14,589.1,133.33,UPI
ORD04512,2023-04-14,4,April,15,DMart-Thane-3,Thane,Personal Care,Toothpaste,3,259,0.2,621.6,115.25,Wallet
ORD04513,2023-08-10,8,August,32,DMart-Nashik-2,Nashik,Dairy,Wheat,2,131,0.28,188.64,37.19,Wallet
ORD04514,2023-05-16,5,May,20,DMart-Nashik-1,Nashik,Beverages,Oil,2,324,0.25,486.0,53.82,Card
ORD04515,2023-02-05,2,February,5,DMart-Mumbai-1,Mumbai,Groceries,Wheat,2,30,0.2,48.0,9.5,Wallet
ORD04516,2023-10-01,10,October,39,DMart-Nagpur-3,Nagpur,Household,Oil,1,187,0.12,164.56,26.3,Card
ORD04517,2023-10-31,10,October,44,DMart-Pune-1,Pune,Personal Care,Tea,4,309,0.06,1161.84,236.64,Cash
ORD04518,2023-08-07,8,August,32,DMart-Nashik-2,Nashik,Beverages,Sugar,2,148,0.28,213.12,35.01,Card
ORD04519,2023-05-19,5,May,20,DMart-Nashik-1,Nashik,Household,Coffee,2,322,0.27,470.12,79.11,Card
ORD04520,2023-12-09,12,December,49,DMart-Thane-3,Thane,Personal Care,Bread,2,36,0.24,54.72,10.59,Wallet
ORD04521,2023-09-28,9,September,39,DMart-Thane-2,Thane,Beverages,Coffee,4,241,0.01,954.36,187.22,Cash
ORD04522,2023-03-23,3,March,12,DMart-Pune-1,Pune,Dairy,Bread,4,472,0.29,1340.48,159.48,Cash
ORD04523,2023-03-07,3,March,10,DMart-Thane-1,Thane,Personal Care,Eggs,3,256,0.11,683.52,150.13,Card
ORD04524,2023-12-11,12,December,50,DMart-Nagpur-3,Nagpur,Dairy,Oil,2,485,0.15,824.5,150.26,Wallet
ORD04525,2023-01-05,1,January,1,DMart-Nashik-1,Nashik,Household,Chips,1,418,0.15,355.3,76.66,Cash
ORD04526,2023-11-18,11,November,46,DMart-Mumbai-1,Mumbai,Beverages,Water,1,80,0.26,59.2,10.98,Wallet
ORD04527,2023-01-19,1,January,3,DMart-Nagpur-2,Nagpur,Household,Tea,5,124,0.21,489.8,112.21,Card
ORD04528,2023-09-20,9,September,38,DMart-Pune-3,Pune,Groceries,Eggs,3,136,0.16,342.72,91.95,Wallet
ORD04529,2023-04-20,4,April,16,DMart-Nashik-2,Nashik,Beverages,Juice,3,357,0.22,835.38,196.88,Card
ORD04530,2023-05-15,5,May,20,DMart-Pune-1,Pune,Personal Care,Milk,5,114,0.01,564.3,125.76,Cash
ORD04531,2023-08-20,8,August,33,DMart-Pune-1,Pune,Household,Tissue,4,145,0.25,435.0,129.28,Cash
ORD04532,2023-08-08,8,August,32,DMart-Pune-2,Pune,Household,Coffee,5,186,0.16,781.2,207.59,Card
ORD04533,2023-01-22,1,January,3,DMart-Thane-3,Thane,Household,Tissue,5,357,0.28,1285.2,209.6,UPI
ORD04534,2023-01-13,1,January,2,DMart-Pune-3,Pune,Dairy,Eggs,1,340,0.14,292.4,65.87,Wallet
ORD04535,2023-01-03,1,January,1,DMart-Mumbai-2,Mumbai,Dairy,Chips,5,236,0.19,955.8,244.92,Card
ORD04536,2023-03-23,3,March,12,DMart-Thane-2,Thane,Groceries,Eggs,2,480,0.19,777.6,225.13,Wallet
ORD04537,2023-07-15,7,July,28,DMart-Nashik-3,Nashik,Dairy,Eggs,5,30,0.26,111.0,30.89,UPI
ORD04538,2023-07-03,7,July,27,DMart-Thane-1,Thane,Beverages,Water,1,155,0.07,144.15,15.26,Cash
ORD04539,2023-06-30,6,June,26,DMart-Nashik-3,Nashik,Groceries,Shampoo,2,431,0.21,680.98,131.14,UPI
ORD04540,2023-01-14,1,January,2,DMart-Nagpur-3,Nagpur,Dairy,Oil,5,463,0.11,2060.35,294.63,Card
ORD04541,2023-01-03,1,January,1,DMart-Nagpur-3,Nagpur,Beverages,Rice,2,85,0.02,166.6,38.79,UPI
ORD04542,2023-12-25,12,December,52,DMart-Mumbai-1,Mumbai,Personal Care,Wheat,5,497,0.04,2385.6,623.95,Card
ORD04543,2023-09-28,9,September,39,DMart-Nashik-3,Nashik,Groceries,Oil,2,310,0.29,440.2,129.22,Card
ORD04544,2023-06-02,6,June,22,DMart-Pune-3,Pune,Beverages,Detergent,4,382,0.06,1436.32,406.54,Wallet
ORD04545,2023-09-06,9,September,36,DMart-Pune-2,Pune,Dairy,Tea,5,320,0.3,1120.0,279.66,Card
ORD04546,2023-11-23,11,November,47,DMart-Nagpur-3,Nagpur,Dairy,Chips,1,289,0.11,257.21,69.86,UPI
ORD04547,2023-09-06,9,September,36,DMart-Nashik-3,Nashik,Dairy,Milk,5,411,0.27,1500.15,191.44,Card
ORD04548,2023-03-09,3,March,10,DMart-Pune-3,Pune,Groceries,Biscuits,3,278,0.05,792.3,217.22,Wallet
ORD04549,2023-12-18,12,December,51,DMart-Pune-3,Pune,Household,Juice,5,421,0.21,1662.95,407.03,Card
ORD04550,2023-10-30,10,October,44,DMart-Thane-3,Thane,Dairy,Wheat,5,47,0.03,227.95,49.02,Card
ORD04551,2023-06-05,6,June,23,DMart-Pune-3,Pune,Household,Shampoo,4,252,0.03,977.76,229.81,Cash
ORD04552,2023-12-29,12,December,52,DMart-Nashik-3,Nashik,Household,Toothpaste,3,303,0.18,745.38,184.77,Card
ORD04553,2023-01-16,1,January,3,DMart-Pune-2,Pune,Household,Detergent,3,89,0.09,242.97,44.09,Cash
ORD04554,2023-05-02,5,May,18,DMart-Pune-3,Pune,Groceries,Chips,4,247,0.19,800.28,228.93,Card
ORD04555,2023-11-04,11,November,44,DMart-Nashik-2,Nashik,Beverages,Eggs,3,460,0.16,1159.2,234.34,Cash
ORD04556,2023-09-17,9,September,37,DMart-Nagpur-2,Nagpur,Dairy,Milk,4,248,0.24,753.92,125.11,Wallet
ORD04557,2023-11-18,11,November,46,DMart-Pune-3,Pune,Personal Care,Coffee,3,159,0.18,391.14,107.48,Card
ORD04558,2023-12-29,12,December,52,DMart-Pune-2,Pune,Dairy,Oil,5,131,0.14,563.3,73.05,UPI
ORD04559,2023-09-05,9,September,36,DMart-Pune-2,Pune,Household,Coffee,1,39,0.15,33.15,3.73,Card
ORD04560,2023-07-06,7,July,27,DMart-Nagpur-1,Nagpur,Household,Toothpaste,3,446,0.18,1097.16,260.68,Wallet
ORD04561,2023-05-16,5,May,20,DMart-Pune-3,Pune,Personal Care,Oil,2,238,0.06,447.44,105.39,Wallet
ORD04562,2023-12-04,12,December,49,DMart-Pune-3,Pune,Groceries,Coffee,3,98,0.11,261.66,56.84,Cash
ORD04563,2023-03-28,3,March,13,DMart-Mumbai-1,Mumbai,Personal Care,Tea,3,248,0.19,602.64,148.76,Wallet
ORD04564,2023-06-04,6,June,22,DMart-Nagpur-2,Nagpur,Dairy,Oil,2,486,0.15,826.2,107.0,Wallet
ORD04565,2023-07-04,7,July,27,DMart-Thane-2,Thane,Groceries,Eggs,3,164,0.3,344.4,42.24,UPI
ORD04566,2023-05-22,5,May,21,DMart-Pune-3,Pune,Personal Care,Oil,1,484,0.01,479.16,80.4,Card
ORD04567,2023-10-12,10,October,41,DMart-Nashik-3,Nashik,Beverages,Soap,3,200,0.19,486.0,142.24,Card
ORD04568,2023-08-11,8,August,32,DMart-Pune-1,Pune,Groceries,Bread,5,237,0.3,829.5,243.85,UPI
ORD04569,2023-07-10,7,July,28,DMart-Nashik-1,Nashik,Personal Care,Coffee,5,232,0.01,1148.4,243.57,Card
ORD04570,2023-01-04,1,January,1,DMart-Thane-3,Thane,Household,Toothpaste,1,66,0.16,55.44,10.17,Cash
ORD04571,2023-05-31,5,May,22,DMart-Thane-2,Thane,Groceries,Eggs,1,262,0.11,233.18,65.79,Wallet
ORD04572,2023-10-14,10,October,41,DMart-Pune-1,Pune,Dairy,Chips,5,67,0.14,288.1,62.41,Wallet
ORD04573,2023-10-12,10,October,41,DMart-Nashik-2,Nashik,Groceries,Water,5,418,0.21,1651.1,483.95,Cash
ORD04574,2023-12-09,12,December,49,DMart-Nagpur-3,Nagpur,Groceries,Juice,5,288,0.3,1008.0,295.05,Card
ORD04575,2023-11-27,11,November,48,DMart-Nagpur-3,Nagpur,Groceries,Rice,3,37,0.11,98.79,25.49,UPI
ORD04576,2023-11-02,11,November,44,DMart-Mumbai-1,Mumbai,Groceries,Sugar,3,75,0.26,166.5,23.46,UPI
ORD04577,2023-07-27,7,July,30,DMart-Thane-2,Thane,Groceries,Toothpaste,5,36,0.22,140.4,19.37,UPI
ORD04578,2023-12-29,12,December,52,DMart-Mumbai-3,Mumbai,Household,Eggs,2,241,0.15,409.7,89.1,Cash
ORD04579,2023-12-07,12,December,49,DMart-Thane-2,Thane,Household,Soap,4,306,0.16,1028.16,137.68,Cash
ORD04580,2023-10-14,10,October,41,DMart-Nagpur-2,Nagpur,Household,Tissue,5,128,0.09,582.4,91.24,Cash
ORD04581,2023-07-31,7,July,31,DMart-Nashik-3,Nashik,Personal Care,Tea,2,226,0.23,348.04,96.2,UPI
ORD04582,2023-01-05,1,January,1,DMart-Pune-2,Pune,Dairy,Tissue,5,173,0.22,674.7,79.98,UPI
ORD04583,2023-07-27,7,July,30,DMart-Nagpur-1,Nagpur,Beverages,Juice,3,266,0.04,766.08,188.14,Card
ORD04584,2023-05-21,5,May,20,DMart-Nashik-1,Nashik,Beverages,Rice,5,257,0.06,1207.9,305.96,UPI
ORD04585,2023-09-11,9,September,37,DMart-Pune-3,Pune,Personal Care,Juice,4,142,0.19,460.08,118.23,Cash
ORD04586,2023-12-16,12,December,50,DMart-Mumbai-3,Mumbai,Personal Care,Tissue,3,247,0.08,681.72,151.26,Card
ORD04587,2023-07-18,7,July,29,DMart-Pune-2,Pune,Personal Care,Detergent,1,359,0.09,326.69,93.58,Wallet
ORD04588,2023-11-09,11,November,45,DMart-Pune-3,Pune,Household,Eggs,3,335,0.07,934.65,110.63,Card
ORD04589,2023-08-12,8,August,32,DMart-Mumbai-1,Mumbai,Beverages,Water,2,354,0.06,665.52,148.42,UPI
ORD04590,2023-11-17,11,November,46,DMart-Thane-1,Thane,Household,Water,1,408,0.27,297.84,62.88,Wallet
ORD04591,2023-05-18,5,May,20,DMart-Mumbai-2,Mumbai,Personal Care,Water,5,234,0.02,1146.6,334.52,UPI
ORD04592,2023-03-13,3,March,11,DMart-Nagpur-2,Nagpur,Dairy,Milk,2,360,0.08,662.4,117.07,UPI
ORD04593,2023-04-06,4,April,14,DMart-Nagpur-3,Nagpur,Dairy,Wheat,2,259,0.07,481.74,95.0,Card
ORD04594,2023-01-28,1,January,4,DMart-Pune-2,Pune,Groceries,Water,5,124,0.13,539.4,107.01,Card
ORD04595,2023-09-11,9,September,37,DMart-Thane-1,Thane,Dairy,Detergent,3,46,0.25,103.5,17.17,Wallet
ORD04596,2023-12-18,12,December,51,DMart-Nashik-3,Nashik,Personal Care,Chips,4,359,0.2,1148.8,303.16,Card
ORD04597,2023-08-24,8,August,34,DMart-Pune-3,Pune,Personal Care,Detergent,1,307,0.01,303.93,84.29,Cash
ORD04598,2023-03-09,3,March,10,DMart-Thane-1,Thane,Personal Care,Water,4,353,0.08,1299.04,295.96,Card
ORD04599,2023-04-20,4,April,16,DMart-Mumbai-2,Mumbai,Dairy,Juice,4,104,0.01,411.84,71.47,Card
ORD04600,2023-08-11,8,August,32,DMart-Mumbai-1,Mumbai,Dairy,Biscuits,3,471,0.25,1059.75,159.64,Cash
ORD04601,2023-05-30,5,May,22,DMart-Nagpur-2,Nagpur,Groceries,Milk,5,370,0.13,1609.5,303.58,Cash
ORD04602,2023-07-08,7,July,27,DMart-Mumbai-2,Mumbai,Groceries,Milk,3,147,0.02,432.18,97.81,Card
ORD04603,2023-12-10,12,December,49,DMart-Pune-1,Pune,Beverages,Rice,3,229,0.2,549.6,66.09,Card
ORD04604,2023-10-08,10,October,40,DMart-Pune-1,Pune,Groceries,Chips,1,298,0.2,238.4,36.39,UPI
ORD04605,2023-04-06,4,April,14,DMart-Pune-1,Pune,Personal Care,Detergent,4,480,0.13,1670.4,404.31,UPI
ORD04606,2023-09-08,9,September,36,DMart-Mumbai-1,Mumbai,Beverages,Wheat,2,85,0.06,159.8,33.49,Wallet
ORD04607,2023-01-21,1,January,3,DMart-Mumbai-3,Mumbai,Household,Detergent,4,59,0.01,233.64,25.15,UPI
ORD04608,2023-11-05,11,November,44,DMart-Thane-2,Thane,Household,Sugar,3,156,0.14,402.48,112.71,Card
ORD04609,2023-10-25,10,October,43,DMart-Mumbai-3,Mumbai,Beverages,Juice,5,336,0.0,1680.0,280.14,Wallet
ORD04610,2023-01-10,1,January,2,DMart-Mumbai-2,Mumbai,Beverages,Bread,5,335,0.13,1457.25,173.61,Card
ORD04611,2023-04-21,4,April,16,DMart-Nashik-2,Nashik,Household,Chips,2,440,0.01,871.2,141.5,Cash
ORD04612,2023-11-18,11,November,46,DMart-Nagpur-1,Nagpur,Personal Care,Coffee,3,394,0.03,1146.54,165.29,Cash
ORD04613,2023-01-06,1,January,1,DMart-Pune-2,Pune,Dairy,Milk,4,75,0.17,249.0,54.17,Card
ORD04614,2023-04-13,4,April,15,DMart-Mumbai-3,Mumbai,Groceries,Tea,4,164,0.07,610.08,178.93,Cash
ORD04615,2023-05-26,5,May,21,DMart-Nashik-1,Nashik,Groceries,Soap,2,332,0.14,571.04,89.31,Cash
ORD04616,2023-04-02,4,April,13,DMart-Mumbai-3,Mumbai,Personal Care,Juice,3,230,0.12,607.2,164.66,UPI
ORD04617,2023-04-14,4,April,15,DMart-Nagpur-3,Nagpur,Groceries,Water,4,483,0.3,1352.4,231.48,Cash
ORD04618,2023-08-03,8,August,31,DMart-Nagpur-1,Nagpur,Beverages,Milk,3,252,0.1,680.4,114.09,Wallet
ORD04619,2023-03-13,3,March,11,DMart-Nagpur-2,Nagpur,Dairy,Wheat,4,227,0.23,699.16,77.95,Card
ORD04620,2023-02-27,2,February,9,DMart-Nashik-2,Nashik,Groceries,Rice,3,475,0.28,1026.0,256.16,Wallet
ORD04621,2023-10-09,10,October,41,DMart-Mumbai-2,Mumbai,Groceries,Coffee,5,238,0.0,1190.0,194.97,Cash
ORD04622,2023-04-02,4,April,13,DMart-Thane-1,Thane,Household,Sugar,4,66,0.14,227.04,62.19,UPI
ORD04623,2023-04-03,4,April,14,DMart-Nashik-1,Nashik,Beverages,Soap,2,429,0.18,703.56,183.41,UPI
ORD04624,2023-01-09,1,January,2,DMart-Pune-3,Pune,Beverages,Biscuits,3,291,0.23,672.21,145.57,Cash
ORD04625,2023-08-03,8,August,31,DMart-Pune-2,Pune,Personal Care,Chips,1,438,0.28,315.36,59.44,UPI
ORD04626,2023-03-16,3,March,11,DMart-Nagpur-1,Nagpur,Household,Oil,1,136,0.04,130.56,20.14,Card
ORD04627,2023-07-31,7,July,31,DMart-Mumbai-1,Mumbai,Beverages,Detergent,3,341,0.23,787.71,96.16,UPI
ORD04628,2023-01-18,1,January,3,DMart-Nagpur-3,Nagpur,Groceries,Toothpaste,1,458,0.1,412.2,99.76,Cash
ORD04629,2023-06-11,6,June,23,DMart-Nashik-1,Nashik,Groceries,Oil,2,330,0.06,620.4,97.33,Card
ORD04630,2023-05-07,5,May,18,DMart-Thane-3,Thane,Personal Care,Soap,2,123,0.0,246.0,40.13,Card
ORD04631,2023-12-25,12,December,52,DMart-Nagpur-3,Nagpur,Dairy,Toothpaste,1,258,0.0,258.0,55.61,Card
ORD04632,2023-03-03,3,March,9,DMart-Thane-2,Thane,Beverages,Water,4,139,0.29,394.76,74.92,UPI
ORD04633,2023-02-19,2,February,7,DMart-Nashik-2,Nashik,Groceries,Tea,3,444,0.14,1145.52,128.64,UPI
ORD04634,2023-06-24,6,June,25,DMart-Nashik-3,Nashik,Household,Bread,2,480,0.27,700.8,99.82,Wallet
ORD04635,2023-02-17,2,February,7,DMart-Nagpur-1,Nagpur,Household,Tea,4,211,0.16,708.96,86.27,Wallet
ORD04636,2023-07-11,7,July,28,DMart-Pune-1,Pune,Beverages,Wheat,1,329,0.15,279.65,81.2,UPI
ORD04637,2023-01-16,1,January,3,DMart-Nashik-2,Nashik,Groceries,Sugar,3,371,0.23,857.01,147.93,Cash
ORD04638,2023-07-13,7,July,28,DMart-Nashik-3,Nashik,Dairy,Tissue,1,146,0.15,124.1,27.03,Wallet
ORD04639,2023-05-28,5,May,21,DMart-Thane-3,Thane,Groceries,Coffee,5,285,0.22,1111.5,292.68,Card
ORD04640,2023-01-23,1,January,4,DMart-Pune-3,Pune,Beverages,Water,3,380,0.29,809.4,241.65,UPI
ORD04641,2023-06-21,6,June,25,DMart-Nagpur-1,Nagpur,Beverages,Eggs,1,259,0.21,204.61,40.82,Card
ORD04642,2023-01-04,1,January,1,DMart-Thane-2,Thane,Personal Care,Shampoo,1,112,0.15,95.2,19.76,Card
ORD04643,2023-08-06,8,August,31,DMart-Mumbai-3,Mumbai,Dairy,Milk,1,250,0.18,205.0,47.63,Wallet
ORD04644,2023-01-14,1,January,2,DMart-Nagpur-3,Nagpur,Personal Care,Milk,1,423,0.03,410.31,87.08,Cash
ORD04645,2023-03-02,3,March,9,DMart-Thane-1,Thane,Household,Rice,2,473,0.13,823.02,220.31,Cash
ORD04646,2023-10-29,10,October,43,DMart-Mumbai-1,Mumbai,Household,Shampoo,5,21,0.02,102.9,23.74,Cash
ORD04647,2023-04-11,4,April,15,DMart-Mumbai-1,Mumbai,Personal Care,Milk,4,373,0.21,1178.68,157.49,Card
ORD04648,2023-12-09,12,December,49,DMart-Mumbai-1,Mumbai,Personal Care,Detergent,4,258,0.27,753.36,150.03,Cash
ORD04649,2023-05-23,5,May,21,DMart-Mumbai-2,Mumbai,Dairy,Tea,4,377,0.16,1266.72,159.47,Cash
ORD04650,2023-10-16,10,October,42,DMart-Nagpur-1,Nagpur,Personal Care,Chips,5,351,0.29,1246.05,224.6,Cash
ORD04651,2023-09-09,9,September,36,DMart-Nagpur-1,Nagpur,Dairy,Tea,3,345,0.3,724.5,158.61,Cash
ORD04652,2023-10-31,10,October,44,DMart-Nashik-2,Nashik,Dairy,Bread,3,38,0.27,83.22,21.9,Cash
ORD04653,2023-04-15,4,April,15,DMart-Nagpur-2,Nagpur,Personal Care,Biscuits,5,142,0.29,504.1,124.87,Card
ORD04654,2023-09-29,9,September,39,DMart-Nagpur-1,Nagpur,Beverages,Bread,1,42,0.15,35.7,6.12,Wallet
ORD04655,2023-05-17,5,May,20,DMart-Mumbai-2,Mumbai,Personal Care,Detergent,4,347,0.06,1304.72,225.22,UPI
ORD04656,2023-02-27,2,February,9,DMart-Pune-2,Pune,Personal Care,Coffee,5,154,0.14,662.2,191.23,Wallet
ORD04657,2023-08-19,8,August,33,DMart-Thane-2,Thane,Beverages,Soap,5,462,0.29,1640.1,368.35,Card
ORD04658,2023-12-02,12,December,48,DMart-Thane-1,Thane,Beverages,Tissue,5,130,0.07,604.5,105.53,Wallet
ORD04659,2023-03-05,3,March,9,DMart-Pune-1,Pune,Beverages,Bread,1,94,0.26,69.56,8.07,Cash
ORD04660,2023-12-23,12,December,51,DMart-Nashik-1,Nashik,Beverages,Water,5,238,0.03,1154.3,149.76,Wallet
ORD04661,2023-02-27,2,February,9,DMart-Pune-3,Pune,Household,Sugar,5,235,0.18,963.5,132.8,UPI
ORD04662,2023-12-14,12,December,50,DMart-Nagpur-2,Nagpur,Dairy,Wheat,1,341,0.07,317.13,80.21,UPI
ORD04663,2023-01-21,1,January,3,DMart-Thane-3,Thane,Personal Care,Chips,2,291,0.16,488.88,126.9,Wallet
ORD04664,2023-07-11,7,July,28,DMart-Mumbai-3,Mumbai,Dairy,Soap,3,188,0.05,535.8,98.97,Cash
ORD04665,2023-03-11,3,March,10,DMart-Mumbai-2,Mumbai,Household,Shampoo,3,271,0.15,691.05,138.79,UPI
ORD04666,2023-10-13,10,October,41,DMart-Pune-3,Pune,Personal Care,Bread,5,322,0.06,1513.4,239.23,Cash
ORD04667,2023-08-20,8,August,33,DMart-Mumbai-2,Mumbai,Household,Soap,2,104,0.04,199.68,43.09,Wallet
ORD04668,2023-11-27,11,November,48,DMart-Nashik-1,Nashik,Household,Tea,3,240,0.28,518.4,148.54,UPI
ORD04669,2023-10-18,10,October,42,DMart-Nagpur-2,Nagpur,Personal Care,Shampoo,1,211,0.1,189.9,31.36,Wallet
ORD04670,2023-09-05,9,September,36,DMart-Thane-2,Thane,Personal Care,Sugar,2,173,0.02,339.08,95.93,Card
ORD04671,2023-04-19,4,April,16,DMart-Thane-3,Thane,Beverages,Toothpaste,3,125,0.07,348.75,69.95,Cash
ORD04672,2023-02-05,2,February,5,DMart-Nashik-3,Nashik,Personal Care,Chips,1,200,0.27,146.0,31.76,Wallet
ORD04673,2023-03-22,3,March,12,DMart-Pune-1,Pune,Household,Wheat,5,159,0.01,787.05,194.1,Wallet
ORD04674,2023-10-30,10,October,44,DMart-Thane-1,Thane,Personal Care,Biscuits,3,349,0.13,910.89,125.06,Card
ORD04675,2023-04-11,4,April,15,DMart-Nashik-2,Nashik,Household,Eggs,4,71,0.17,235.72,41.37,Wallet
ORD04676,2023-01-03,1,January,1,DMart-Nashik-1,Nashik,Household,Detergent,3,181,0.0,543.0,97.71,Card
ORD04677,2023-04-27,4,April,17,DMart-Mumbai-2,Mumbai,Beverages,Shampoo,1,430,0.01,425.7,109.48,Cash
ORD04678,2023-06-03,6,June,22,DMart-Pune-1,Pune,Personal Care,Milk,5,419,0.15,1780.75,270.83,Card
ORD04679,2023-05-23,5,May,21,DMart-Nashik-1,Nashik,Groceries,Milk,1,491,0.03,476.27,128.67,Cash
ORD04680,2023-09-16,9,September,37,DMart-Thane-2,Thane,Household,Tissue,5,232,0.28,835.2,240.21,Cash
ORD04681,2023-04-20,4,April,16,DMart-Pune-3,Pune,Household,Milk,3,145,0.14,374.1,110.07,UPI
ORD04682,2023-09-28,9,September,39,DMart-Thane-3,Thane,Household,Toothpaste,1,474,0.03,459.78,54.18,Wallet
ORD04683,2023-01-20,1,January,3,DMart-Mumbai-2,Mumbai,Beverages,Eggs,3,254,0.12,670.56,74.19,Wallet
ORD04684,2023-05-27,5,May,21,DMart-Nashik-3,Nashik,Personal Care,Bread,3,115,0.26,255.3,73.57,Card
ORD04685,2023-05-26,5,May,21,DMart-Pune-1,Pune,Dairy,Juice,2,21,0.3,29.4,3.67,Card
ORD04686,2023-12-30,12,December,52,DMart-Thane-1,Thane,Personal Care,Shampoo,2,338,0.04,648.96,151.03,Card
ORD04687,2023-01-03,1,January,1,DMart-Pune-1,Pune,Groceries,Coffee,4,404,0.07,1502.88,350.59,Card
ORD04688,2023-07-17,7,July,29,DMart-Nashik-3,Nashik,Groceries,Water,5,490,0.29,1739.5,292.42,Card
ORD04689,2023-08-30,8,August,35,DMart-Nashik-3,Nashik,Groceries,Wheat,1,233,0.25,174.75,45.13,Cash
ORD04690,2023-01-27,1,January,4,DMart-Pune-3,Pune,Household,Tea,3,416,0.03,1210.56,215.77,UPI
ORD04691,2023-02-08,2,February,6,DMart-Mumbai-3,Mumbai,Groceries,Shampoo,2,398,0.0,796.0,224.89,Card
ORD04692,2023-11-21,11,November,47,DMart-Mumbai-1,Mumbai,Personal Care,Oil,4,193,0.02,756.56,133.6,Card
ORD04693,2023-08-12,8,August,32,DMart-Pune-1,Pune,Groceries,Shampoo,3,290,0.08,800.4,99.55,UPI
ORD04694,2023-08-11,8,August,32,DMart-Thane-1,Thane,Beverages,Water,1,394,0.04,378.24,77.0,Cash
ORD04695,2023-06-18,6,June,24,DMart-Mumbai-2,Mumbai,Beverages,Juice,1,302,0.14,259.72,59.57,Card
ORD04696,2023-08-31,8,August,35,DMart-Thane-3,Thane,Dairy,Tissue,1,309,0.22,241.02,39.97,Card
ORD04697,2023-10-31,10,October,44,DMart-Thane-2,Thane,Dairy,Bread,5,63,0.27,229.95,28.34,Cash
ORD04698,2023-11-30,11,November,48,DMart-Nagpur-3,Nagpur,Dairy,Toothpaste,5,312,0.29,1107.6,245.36,Cash
ORD04699,2023-05-29,5,May,22,DMart-Pune-3,Pune,Beverages,Oil,1,23,0.06,21.62,5.69,Wallet
ORD04700,2023-10-23,10,October,43,DMart-Pune-3,Pune,Household,Eggs,3,81,0.27,177.39,23.71,UPI
ORD04701,2023-01-03,1,January,1,DMart-Nashik-3,Nashik,Dairy,Oil,1,440,0.03,426.8,81.11,Cash
ORD04702,2023-03-19,3,March,11,DMart-Pune-2,Pune,Household,Wheat,5,481,0.2,1924.0,308.89,Wallet
ORD04703,2023-11-13,11,November,46,DMart-Pune-2,Pune,Household,Detergent,4,286,0.12,1006.72,173.96,Cash
ORD04704,2023-12-20,12,December,51,DMart-Mumbai-2,Mumbai,Dairy,Tissue,2,257,0.3,359.8,93.5,UPI
ORD04705,2023-12-05,12,December,49,DMart-Mumbai-2,Mumbai,Personal Care,Water,3,474,0.3,995.4,220.32,Wallet
ORD04706,2023-06-09,6,June,23,DMart-Thane-3,Thane,Household,Shampoo,3,83,0.06,234.06,60.66,Cash
ORD04707,2023-10-14,10,October,41,DMart-Nashik-3,Nashik,Groceries,Rice,2,70,0.01,138.6,28.2,UPI
ORD04708,2023-04-22,4,April,16,DMart-Pune-1,Pune,Beverages,Oil,5,226,0.24,858.8,115.22,Card
ORD04709,2023-04-04,4,April,14,DMart-Nashik-3,Nashik,Beverages,Tissue,1,498,0.23,383.46,47.96,Card
ORD04710,2023-07-22,7,July,29,DMart-Nashik-1,Nashik,Personal Care,Bread,1,264,0.2,211.2,31.37,UPI
ORD04711,2023-01-06,1,January,1,DMart-Nagpur-1,Nagpur,Beverages,Milk,3,146,0.05,416.1,61.73,Wallet
ORD04712,2023-01-21,1,January,3,DMart-Thane-1,Thane,Personal Care,Tea,1,217,0.09,197.47,50.27,UPI
ORD04713,2023-11-30,11,November,48,DMart-Nagpur-2,Nagpur,Personal Care,Tissue,4,347,0.22,1082.64,193.82,Card
ORD04714,2023-01-27,1,January,4,DMart-Thane-2,Thane,Personal Care,Tissue,2,269,0.02,527.24,56.91,Card
ORD04715,2023-04-02,4,April,13,DMart-Mumbai-1,Mumbai,Groceries,Toothpaste,2,30,0.26,44.4,6.38,Card
ORD04716,2023-02-07,2,February,6,DMart-Pune-2,Pune,Household,Rice,4,385,0.3,1078.0,305.55,Wallet
ORD04717,2023-03-12,3,March,10,DMart-Mumbai-2,Mumbai,Beverages,Biscuits,4,113,0.11,402.28,63.51,Wallet
ORD04718,2023-12-08,12,December,49,DMart-Nashik-2,Nashik,Household,Tissue,2,363,0.18,595.32,80.71,Wallet
ORD04719,2023-12-30,12,December,52,DMart-Nagpur-3,Nagpur,Household,Soap,3,302,0.22,706.68,96.85,Cash
ORD04720,2023-10-10,10,October,41,DMart-Pune-1,Pune,Household,Bread,2,315,0.29,447.3,78.84,UPI
ORD04721,2023-08-24,8,August,34,DMart-Thane-3,Thane,Personal Care,Tissue,1,284,0.15,241.4,66.85,Cash
ORD04722,2023-05-21,5,May,20,DMart-Mumbai-2,Mumbai,Dairy,Bread,4,200,0.24,608.0,139.89,Card
ORD04723,2023-10-24,10,October,43,DMart-Thane-1,Thane,Groceries,Soap,1,440,0.23,338.8,62.77,UPI
ORD04724,2023-12-12,12,December,50,DMart-Thane-3,Thane,Dairy,Sugar,2,183,0.09,333.06,80.41,Cash
ORD04725,2023-06-27,6,June,26,DMart-Mumbai-1,Mumbai,Personal Care,Rice,1,457,0.15,388.45,76.1,Card
ORD04726,2023-10-17,10,October,42,DMart-Pune-1,Pune,Household,Toothpaste,5,332,0.25,1245.0,351.82,Card
ORD04727,2023-08-22,8,August,34,DMart-Pune-1,Pune,Household,Water,4,233,0.04,894.72,227.03,Cash
ORD04728,2023-06-16,6,June,24,DMart-Pune-3,Pune,Groceries,Biscuits,3,332,0.17,826.68,128.88,Card
ORD04729,2023-03-29,3,March,13,DMart-Nashik-2,Nashik,Beverages,Bread,3,318,0.1,858.6,103.17,UPI
ORD04730,2023-12-29,12,December,52,DMart-Thane-1,Thane,Beverages,Wheat,1,333,0.11,296.37,47.07,Wallet
ORD04731,2023-04-17,4,April,16,DMart-Nagpur-2,Nagpur,Groceries,Biscuits,1,491,0.0,491.0,107.69,Card
ORD04732,2023-06-25,6,June,25,DMart-Pune-3,Pune,Dairy,Oil,4,460,0.07,1711.2,308.67,Cash
ORD04733,2023-06-21,6,June,25,DMart-Nashik-3,Nashik,Beverages,Rice,4,53,0.07,197.16,39.3,UPI
ORD04734,2023-03-14,3,March,11,DMart-Nashik-2,Nashik,Beverages,Soap,4,88,0.27,256.96,61.78,Wallet
ORD04735,2023-01-21,1,January,3,DMart-Mumbai-2,Mumbai,Dairy,Eggs,5,130,0.03,630.5,80.69,Wallet
ORD04736,2023-02-02,2,February,5,DMart-Nashik-2,Nashik,Household,Detergent,5,354,0.24,1345.2,196.42,Card
ORD04737,2023-12-12,12,December,50,DMart-Mumbai-2,Mumbai,Beverages,Tea,2,469,0.3,656.6,173.49,UPI
ORD04738,2023-08-14,8,August,33,DMart-Nashik-3,Nashik,Household,Chips,2,236,0.24,358.72,97.33,UPI
ORD04739,2023-02-06,2,February,6,DMart-Mumbai-2,Mumbai,Beverages,Sugar,2,330,0.07,613.8,182.98,Cash
ORD04740,2023-10-01,10,October,39,DMart-Thane-3,Thane,Personal Care,Detergent,2,102,0.01,201.96,53.17,Card
ORD04741,2023-10-25,10,October,43,DMart-Mumbai-2,Mumbai,Groceries,Shampoo,2,33,0.26,48.84,13.95,Cash
ORD04742,2023-05-05,5,May,18,DMart-Mumbai-1,Mumbai,Beverages,Juice,3,300,0.22,702.0,83.21,Cash
ORD04743,2023-03-08,3,March,10,DMart-Mumbai-1,Mumbai,Household,Sugar,3,98,0.02,288.12,69.52,Cash
ORD04744,2023-08-18,8,August,33,DMart-Thane-2,Thane,Dairy,Wheat,3,285,0.13,743.85,83.71,Wallet
ORD04745,2023-09-30,9,September,39,DMart-Thane-1,Thane,Dairy,Tea,1,114,0.09,103.74,22.16,Wallet
ORD04746,2023-01-06,1,January,1,DMart-Thane-2,Thane,Dairy,Eggs,3,30,0.06,84.6,19.36,Wallet
ORD04747,2023-05-11,5,May,19,DMart-Nagpur-1,Nagpur,Dairy,Eggs,3,177,0.04,509.76,61.63,Card
ORD04748,2023-02-03,2,February,5,DMart-Thane-2,Thane,Groceries,Wheat,4,170,0.0,680.0,76.93,Card
ORD04749,2023-02-26,2,February,8,DMart-Thane-3,Thane,Groceries,Eggs,3,140,0.11,373.8,62.35,Wallet
ORD04750,2023-10-20,10,October,42,DMart-Mumbai-3,Mumbai,Dairy,Toothpaste,4,44,0.24,133.76,39.48,UPI
ORD04751,2023-12-14,12,December,50,DMart-Thane-3,Thane,Household,Soap,4,202,0.24,614.08,167.11,Wallet
ORD04752,2023-03-08,3,March,10,DMart-Nashik-1,Nashik,Personal Care,Sugar,1,213,0.22,166.14,33.98,Wallet
ORD04753,2023-10-11,10,October,41,DMart-Pune-3,Pune,Personal Care,Tea,4,236,0.23,726.88,136.36,Cash
ORD04754,2023-04-22,4,April,16,DMart-Thane-1,Thane,Personal Care,Detergent,1,257,0.04,246.72,63.65,Cash
ORD04755,2023-09-30,9,September,39,DMart-Nagpur-2,Nagpur,Household,Soap,2,253,0.01,500.94,77.92,UPI
ORD04756,2023-01-20,1,January,3,DMart-Thane-3,Thane,Beverages,Shampoo,5,79,0.08,363.4,59.53,Wallet
ORD04757,2023-09-19,9,September,38,DMart-Nagpur-3,Nagpur,Personal Care,Sugar,2,444,0.08,816.96,100.24,Cash
ORD04758,2023-09-13,9,September,37,DMart-Nashik-1,Nashik,Beverages,Water,1,392,0.07,364.56,82.13,Cash
ORD04759,2023-06-28,6,June,26,DMart-Thane-1,Thane,Beverages,Coffee,3,281,0.19,682.83,94.6,Cash
ORD04760,2023-10-04,10,October,40,DMart-Pune-3,Pune,Dairy,Chips,4,358,0.23,1102.64,141.18,Card
ORD04761,2023-06-06,6,June,23,DMart-Thane-1,Thane,Dairy,Eggs,2,318,0.14,546.96,63.57,Card
ORD04762,2023-05-09,5,May,19,DMart-Nashik-3,Nashik,Personal Care,Rice,5,136,0.1,612.0,164.93,Wallet
ORD04763,2023-01-05,1,January,1,DMart-Nashik-1,Nashik,Groceries,Milk,4,398,0.3,1114.4,252.94,Card
ORD04764,2023-04-11,4,April,15,DMart-Nashik-3,Nashik,Household,Tea,3,356,0.05,1014.6,112.66,Card
ORD04765,2023-07-03,7,July,27,DMart-Pune-2,Pune,Beverages,Biscuits,2,406,0.21,641.48,105.15,Cash
ORD04766,2023-08-19,8,August,33,DMart-Nagpur-3,Nagpur,Household,Detergent,4,366,0.14,1259.04,243.75,UPI
ORD04767,2023-11-26,11,November,47,DMart-Nashik-1,Nashik,Groceries,Milk,1,410,0.23,315.7,34.01,UPI
ORD04768,2023-12-14,12,December,50,DMart-Mumbai-2,Mumbai,Beverages,Rice,5,31,0.09,141.05,28.05,Cash
ORD04769,2023-03-30,3,March,13,DMart-Nagpur-3,Nagpur,Personal Care,Toothpaste,4,74,0.11,263.44,61.57,Cash
ORD04770,2023-05-24,5,May,21,DMart-Nagpur-2,Nagpur,Groceries,Oil,3,375,0.17,933.75,173.21,Cash
ORD04771,2023-09-25,9,September,39,DMart-Nashik-1,Nashik,Beverages,Juice,2,159,0.3,222.6,41.56,Card
ORD04772,2023-06-03,6,June,22,DMart-Nagpur-2,Nagpur,Groceries,Coffee,3,376,0.18,924.96,193.99,Cash
ORD04773,2023-02-28,2,February,9,DMart-Pune-1,Pune,Groceries,Rice,4,277,0.14,952.88,243.67,UPI
ORD04774,2023-03-22,3,March,12,DMart-Pune-2,Pune,Personal Care,Chips,1,417,0.22,325.26,51.08,UPI
ORD04775,2023-01-15,1,January,2,DMart-Nagpur-1,Nagpur,Dairy,Tea,3,88,0.26,195.36,34.24,Wallet
ORD04776,2023-12-03,12,December,48,DMart-Nashik-1,Nashik,Household,Shampoo,1,435,0.24,330.6,47.2,Cash
ORD04777,2023-05-14,5,May,19,DMart-Nashik-3,Nashik,Household,Soap,4,71,0.14,244.24,54.92,UPI
ORD04778,2023-05-14,5,May,19,DMart-Nashik-2,Nashik,Household,Water,3,102,0.14,263.16,27.49,Cash
ORD04779,2023-02-23,2,February,8,DMart-Pune-2,Pune,Groceries,Eggs,5,67,0.13,291.45,73.9,UPI
ORD04780,2023-03-11,3,March,10,DMart-Nagpur-1,Nagpur,Groceries,Soap,3,436,0.29,928.68,159.23,Card
ORD04781,2023-02-19,2,February,7,DMart-Nashik-3,Nashik,Groceries,Detergent,4,105,0.11,373.8,81.84,Wallet
ORD04782,2023-01-30,1,January,5,DMart-Pune-2,Pune,Dairy,Rice,2,158,0.28,227.52,57.29,UPI
ORD04783,2023-03-21,3,March,12,DMart-Nashik-2,Nashik,Personal Care,Biscuits,4,432,0.09,1572.48,166.16,Card
ORD04784,2023-04-18,4,April,16,DMart-Mumbai-3,Mumbai,Dairy,Water,1,181,0.28,130.32,29.96,UPI
ORD04785,2023-03-05,3,March,9,DMart-Thane-1,Thane,Beverages,Sugar,1,152,0.2,121.6,13.78,Cash
ORD04786,2023-11-24,11,November,47,DMart-Thane-3,Thane,Groceries,Milk,1,214,0.15,181.9,21.92,Wallet
ORD04787,2023-11-29,11,November,48,DMart-Mumbai-3,Mumbai,Groceries,Eggs,1,421,0.11,374.69,102.75,Cash
ORD04788,2023-12-12,12,December,50,DMart-Thane-2,Thane,Beverages,Toothpaste,4,103,0.25,309.0,88.22,UPI
ORD04789,2023-07-07,7,July,27,DMart-Mumbai-2,Mumbai,Household,Eggs,2,155,0.1,279.0,71.14,Cash
ORD04790,2023-07-29,7,July,30,DMart-Pune-2,Pune,Beverages,Oil,5,362,0.18,1484.2,360.79,Card
ORD04791,2023-03-14,3,March,11,DMart-Pune-3,Pune,Groceries,Juice,3,293,0.27,641.67,170.3,UPI
ORD04792,2023-08-13,8,August,32,DMart-Thane-2,Thane,Household,Chips,4,98,0.16,329.28,41.31,Card
ORD04793,2023-01-31,1,January,5,DMart-Thane-2,Thane,Groceries,Tissue,5,158,0.18,647.8,170.63,Card
ORD04794,2023-01-17,1,January,3,DMart-Thane-1,Thane,Dairy,Bread,2,88,0.11,156.64,33.06,UPI
ORD04795,2023-06-28,6,June,26,DMart-Nashik-3,Nashik,Groceries,Detergent,2,375,0.3,525.0,122.81,Card
ORD04796,2023-11-27,11,November,48,DMart-Nashik-1,Nashik,Household,Bread,1,285,0.1,256.5,27.09,Wallet
ORD04797,2023-06-11,6,June,23,DMart-Nashik-3,Nashik,Personal Care,Wheat,5,386,0.02,1891.4,410.78,Wallet
ORD04798,2023-04-19,4,April,16,DMart-Mumbai-3,Mumbai,Beverages,Biscuits,3,423,0.29,900.99,113.8,Card
ORD04799,2023-12-27,12,December,52,DMart-Nashik-3,Nashik,Personal Care,Coffee,4,270,0.08,993.6,156.05,Card
ORD04800,2023-10-17,10,October,42,DMart-Nagpur-1,Nagpur,Beverages,Water,5,426,0.07,1980.9,211.53,Card
ORD04801,2023-01-28,1,January,4,DMart-Nagpur-3,Nagpur,Personal Care,Wheat,4,24,0.18,78.72,16.25,UPI
ORD04802,2023-07-19,7,July,29,DMart-Nagpur-2,Nagpur,Household,Toothpaste,2,242,0.3,338.8,84.14,Card
ORD04803,2023-07-06,7,July,27,DMart-Nashik-2,Nashik,Personal Care,Eggs,5,256,0.07,1190.4,305.97,Card
ORD04804,2023-11-30,11,November,48,DMart-Mumbai-1,Mumbai,Personal Care,Toothpaste,5,30,0.03,145.5,18.62,Card
ORD04805,2023-01-13,1,January,2,DMart-Pune-3,Pune,Dairy,Tea,3,460,0.08,1269.6,332.59,UPI
ORD04806,2023-11-05,11,November,44,DMart-Thane-1,Thane,Groceries,Juice,4,67,0.01,265.32,56.96,UPI
ORD04807,2023-03-14,3,March,11,DMart-Mumbai-3,Mumbai,Personal Care,Shampoo,4,35,0.18,114.8,14.77,Card
ORD04808,2023-12-09,12,December,49,DMart-Nashik-1,Nashik,Personal Care,Oil,2,171,0.03,331.74,78.66,Cash
ORD04809,2023-04-22,4,April,16,DMart-Thane-3,Thane,Beverages,Milk,2,50,0.23,77.0,18.18,Card
ORD04810,2023-05-07,5,May,18,DMart-Nagpur-3,Nagpur,Household,Detergent,3,152,0.3,319.2,41.79,Card
ORD04811,2023-03-21,3,March,12,DMart-Thane-1,Thane,Personal Care,Soap,4,66,0.18,216.48,61.06,Wallet
ORD04812,2023-05-15,5,May,20,DMart-Nashik-2,Nashik,Beverages,Chips,3,329,0.22,769.86,172.94,Wallet
ORD04813,2023-09-17,9,September,37,DMart-Thane-3,Thane,Dairy,Oil,2,249,0.23,383.46,46.72,Card
ORD04814,2023-12-15,12,December,50,DMart-Nashik-2,Nashik,Personal Care,Milk,1,393,0.16,330.12,48.1,UPI
ORD04815,2023-12-16,12,December,50,DMart-Nagpur-1,Nagpur,Groceries,Shampoo,2,102,0.19,165.24,48.42,UPI
ORD04816,2023-09-01,9,September,35,DMart-Thane-3,Thane,Groceries,Water,4,256,0.29,727.04,191.31,Cash
ORD04817,2023-12-08,12,December,49,DMart-Mumbai-2,Mumbai,Groceries,Shampoo,4,162,0.1,583.2,135.74,Cash
ORD04818,2023-03-25,3,March,12,DMart-Mumbai-1,Mumbai,Personal Care,Tissue,5,138,0.02,676.2,197.04,Card
ORD04819,2023-01-04,1,January,1,DMart-Nashik-1,Nashik,Dairy,Milk,5,292,0.05,1387.0,149.2,Card
ORD04820,2023-12-14,12,December,50,DMart-Nagpur-3,Nagpur,Household,Chips,2,202,0.25,303.0,87.65,UPI
ORD04821,2023-08-15,8,August,33,DMart-Pune-1,Pune,Personal Care,Juice,3,266,0.05,758.1,107.09,Card
ORD04822,2023-12-24,12,December,51,DMart-Nashik-3,Nashik,Dairy,Shampoo,2,486,0.26,719.28,163.82,Wallet
ORD04823,2023-04-10,4,April,15,DMart-Thane-3,Thane,Personal Care,Milk,2,286,0.19,463.32,85.09,UPI
ORD04824,2023-02-10,2,February,6,DMart-Nagpur-2,Nagpur,Groceries,Biscuits,1,41,0.04,39.36,6.92,Wallet
ORD04825,2023-03-26,3,March,12,DMart-Nagpur-3,Nagpur,Beverages,Sugar,3,119,0.3,249.9,74.8,Wallet
ORD04826,2023-10-19,10,October,42,DMart-Pune-3,Pune,Beverages,Water,4,130,0.02,509.6,87.77,Wallet
ORD04827,2023-05-08,5,May,19,DMart-Nagpur-3,Nagpur,Groceries,Oil,2,202,0.0,404.0,85.67,UPI
ORD04828,2023-02-03,2,February,5,DMart-Pune-3,Pune,Personal Care,Tissue,1,133,0.21,105.07,27.53,Cash
ORD04829,2023-09-01,9,September,35,DMart-Pune-1,Pune,Dairy,Eggs,4,259,0.27,756.28,201.11,Cash
ORD04830,2023-03-08,3,March,10,DMart-Pune-2,Pune,Dairy,Coffee,3,475,0.3,997.5,116.83,Card
ORD04831,2023-01-27,1,January,4,DMart-Nashik-3,Nashik,Personal Care,Bread,3,362,0.19,879.66,200.37,Cash
ORD04832,2023-09-27,9,September,39,DMart-Nagpur-2,Nagpur,Personal Care,Milk,1,298,0.0,298.0,66.01,UPI
ORD04833,2023-03-30,3,March,13,DMart-Nashik-1,Nashik,Household,Rice,4,355,0.02,1391.6,381.69,Cash
ORD04834,2023-09-25,9,September,39,DMart-Thane-3,Thane,Beverages,Shampoo,2,112,0.19,181.44,54.29,Card
ORD04835,2023-10-19,10,October,42,DMart-Pune-3,Pune,Groceries,Juice,2,87,0.06,163.56,18.82,Wallet
ORD04836,2023-06-29,6,June,26,DMart-Pune-1,Pune,Personal Care,Oil,4,204,0.25,612.0,137.22,UPI
ORD04837,2023-04-11,4,April,15,DMart-Nashik-2,Nashik,Household,Rice,5,289,0.01,1430.55,370.33,Cash
ORD04838,2023-11-06,11,November,45,DMart-Nashik-1,Nashik,Groceries,Toothpaste,3,258,0.0,774.0,103.61,Card
ORD04839,2023-03-04,3,March,9,DMart-Nagpur-1,Nagpur,Groceries,Soap,4,44,0.16,147.84,33.27,Wallet
ORD04840,2023-11-29,11,November,48,DMart-Nagpur-3,Nagpur,Household,Biscuits,4,378,0.1,1360.8,228.8,Card
ORD04841,2023-01-03,1,January,1,DMart-Pune-2,Pune,Household,Chips,1,405,0.09,368.55,61.57,Wallet
ORD04842,2023-04-01,4,April,13,DMart-Mumbai-3,Mumbai,Personal Care,Soap,5,231,0.09,1051.05,247.45,Wallet
ORD04843,2023-04-02,4,April,13,DMart-Pune-2,Pune,Personal Care,Detergent,1,193,0.17,160.19,45.21,UPI
ORD04844,2023-01-21,1,January,3,DMart-Pune-3,Pune,Dairy,Toothpaste,5,353,0.08,1623.8,410.96,Cash
ORD04845,2023-12-16,12,December,50,DMart-Pune-2,Pune,Personal Care,Shampoo,1,94,0.15,79.9,22.0,UPI
ORD04846,2023-06-01,6,June,22,DMart-Nashik-3,Nashik,Household,Eggs,3,482,0.03,1402.62,259.69,Wallet
ORD04847,2023-08-18,8,August,33,DMart-Thane-2,Thane,Groceries,Shampoo,5,246,0.28,885.6,208.79,Wallet
ORD04848,2023-10-16,10,October,42,DMart-Mumbai-2,Mumbai,Beverages,Detergent,3,292,0.14,753.36,116.13,Cash
ORD04849,2023-01-28,1,January,4,DMart-Mumbai-2,Mumbai,Personal Care,Water,2,254,0.13,441.96,69.8,Wallet
ORD04850,2023-11-16,11,November,46,DMart-Pune-1,Pune,Household,Soap,5,250,0.19,1012.5,282.04,Wallet
ORD04851,2023-08-31,8,August,35,DMart-Nashik-2,Nashik,Groceries,Wheat,3,101,0.18,248.46,35.42,Cash
ORD04852,2023-08-09,8,August,32,DMart-Nashik-3,Nashik,Beverages,Shampoo,5,366,0.16,1537.2,460.65,Card
ORD04853,2023-05-07,5,May,18,DMart-Mumbai-1,Mumbai,Household,Tea,3,27,0.14,69.66,7.0,Wallet
ORD04854,2023-11-18,11,November,46,DMart-Nagpur-2,Nagpur,Personal Care,Eggs,1,196,0.25,147.0,29.66,Card
ORD04855,2023-07-21,7,July,29,DMart-Nashik-2,Nashik,Personal Care,Bread,5,480,0.04,2304.0,579.16,UPI
ORD04856,2023-12-09,12,December,49,DMart-Mumbai-3,Mumbai,Personal Care,Bread,3,126,0.24,287.28,57.24,Card
ORD04857,2023-07-19,7,July,29,DMart-Mumbai-1,Mumbai,Dairy,Coffee,2,57,0.27,83.22,12.47,Card
ORD04858,2023-08-23,8,August,34,DMart-Mumbai-3,Mumbai,Household,Detergent,5,198,0.03,960.3,166.59,Card
ORD04859,2023-04-03,4,April,14,DMart-Nashik-1,Nashik,Personal Care,Chips,1,214,0.0,214.0,46.24,Cash
ORD04860,2023-06-20,6,June,25,DMart-Thane-3,Thane,Household,Coffee,4,128,0.2,409.6,90.58,UPI
ORD04861,2023-01-16,1,January,3,DMart-Pune-3,Pune,Beverages,Eggs,2,57,0.26,84.36,19.18,UPI
ORD04862,2023-03-06,3,March,10,DMart-Thane-2,Thane,Beverages,Detergent,5,242,0.08,1113.2,248.58,Wallet
ORD04863,2023-08-14,8,August,33,DMart-Nagpur-2,Nagpur,Personal Care,Rice,1,430,0.13,374.1,40.7,Card
ORD04864,2023-07-13,7,July,28,DMart-Mumbai-1,Mumbai,Beverages,Oil,2,423,0.07,786.78,215.87,Cash
ORD04865,2023-05-23,5,May,21,DMart-Nagpur-2,Nagpur,Personal Care,Sugar,3,178,0.06,501.96,89.1,Cash
ORD04866,2023-12-05,12,December,49,DMart-Mumbai-2,Mumbai,Dairy,Water,4,277,0.13,963.96,132.34,Card
ORD04867,2023-09-02,9,September,35,DMart-Pune-3,Pune,Beverages,Coffee,1,446,0.23,343.42,56.67,Wallet
ORD04868,2023-08-08,8,August,32,DMart-Nagpur-2,Nagpur,Household,Oil,3,96,0.24,218.88,45.49,Card
ORD04869,2023-02-04,2,February,5,DMart-Thane-2,Thane,Dairy,Shampoo,5,270,0.11,1201.5,332.19,Cash
ORD04870,2023-05-09,5,May,19,DMart-Pune-1,Pune,Household,Oil,5,277,0.15,1177.25,158.49,Card
ORD04871,2023-12-18,12,December,51,DMart-Pune-1,Pune,Groceries,Bread,2,344,0.04,660.48,93.12,UPI
ORD04872,2023-03-04,3,March,9,DMart-Nashik-2,Nashik,Household,Chips,1,422,0.0,422.0,81.11,Cash
ORD04873,2023-04-19,4,April,16,DMart-Nashik-3,Nashik,Groceries,Milk,3,168,0.3,352.8,71.37,Card
ORD04874,2023-08-03,8,August,31,DMart-Pune-2,Pune,Personal Care,Tea,3,56,0.26,124.32,33.01,Cash
ORD04875,2023-08-26,8,August,34,DMart-Thane-1,Thane,Personal Care,Water,3,23,0.1,62.1,11.4,UPI
ORD04876,2023-10-23,10,October,43,DMart-Nagpur-1,Nagpur,Groceries,Sugar,3,225,0.11,600.75,112.96,Wallet
ORD04877,2023-12-08,12,December,49,DMart-Nagpur-1,Nagpur,Personal Care,Tea,3,497,0.26,1103.34,214.89,Wallet
ORD04878,2023-07-25,7,July,30,DMart-Mumbai-1,Mumbai,Personal Care,Shampoo,1,221,0.17,183.43,31.29,Card
ORD04879,2023-11-25,11,November,47,DMart-Nashik-3,Nashik,Household,Milk,3,243,0.1,656.1,181.14,UPI
ORD04880,2023-02-06,2,February,6,DMart-Nagpur-3,Nagpur,Beverages,Coffee,3,51,0.18,125.46,28.18,Wallet
ORD04881,2023-09-28,9,September,39,DMart-Nagpur-2,Nagpur,Household,Milk,5,305,0.15,1296.25,387.86,Card
ORD04882,2023-06-03,6,June,22,DMart-Thane-3,Thane,Dairy,Shampoo,1,105,0.13,91.35,10.54,Card
ORD04883,2023-12-21,12,December,51,DMart-Nagpur-3,Nagpur,Personal Care,Wheat,5,475,0.05,2256.25,494.08,Wallet
ORD04884,2023-12-14,12,December,50,DMart-Nashik-1,Nashik,Household,Soap,3,241,0.01,715.77,80.41,Wallet
ORD04885,2023-03-13,3,March,11,DMart-Pune-1,Pune,Personal Care,Toothpaste,4,460,0.06,1729.6,375.03,UPI
ORD04886,2023-02-14,2,February,7,DMart-Pune-1,Pune,Dairy,Shampoo,2,48,0.02,94.08,19.64,UPI
ORD04887,2023-05-04,5,May,18,DMart-Pune-2,Pune,Groceries,Rice,1,75,0.25,56.25,15.4,Cash
ORD04888,2023-07-25,7,July,30,DMart-Nagpur-2,Nagpur,Beverages,Biscuits,5,276,0.1,1242.0,209.44,Card
ORD04889,2023-07-10,7,July,28,DMart-Pune-3,Pune,Beverages,Milk,2,202,0.18,331.28,59.15,Cash
ORD04890,2023-05-22,5,May,21,DMart-Nagpur-2,Nagpur,Personal Care,Eggs,4,331,0.29,940.04,141.56,UPI
ORD04891,2023-06-12,6,June,24,DMart-Nagpur-2,Nagpur,Personal Care,Sugar,5,312,0.06,1466.4,337.32,Cash
ORD04892,2023-12-03,12,December,48,DMart-Thane-1,Thane,Beverages,Soap,4,198,0.3,554.4,102.48,Wallet
ORD04893,2023-05-07,5,May,18,DMart-Thane-3,Thane,Household,Eggs,5,384,0.11,1708.8,413.73,Wallet
ORD04894,2023-12-07,12,December,49,DMart-Thane-2,Thane,Groceries,Shampoo,5,257,0.29,912.35,116.94,Wallet
ORD04895,2023-01-24,1,January,4,DMart-Nashik-3,Nashik,Household,Oil,5,334,0.03,1619.9,413.05,Wallet
ORD04896,2023-03-08,3,March,10,DMart-Nagpur-1,Nagpur,Personal Care,Shampoo,5,498,0.09,2265.9,513.82,UPI
ORD04897,2023-10-31,10,October,44,DMart-Nagpur-3,Nagpur,Personal Care,Eggs,5,430,0.09,1956.5,249.41,Card
ORD04898,2023-03-01,3,March,9,DMart-Thane-3,Thane,Household,Coffee,2,254,0.13,441.96,86.75,Cash
ORD04899,2023-02-16,2,February,7,DMart-Nashik-1,Nashik,Dairy,Rice,4,355,0.26,1050.8,121.28,Cash
ORD04900,2023-12-14,12,December,50,DMart-Thane-2,Thane,Dairy,Chips,1,448,0.06,421.12,87.6,Wallet
ORD04901,2023-03-23,3,March,12,DMart-Mumbai-1,Mumbai,Dairy,Oil,3,83,0.2,199.2,22.92,Card
ORD04902,2023-06-30,6,June,26,DMart-Pune-2,Pune,Dairy,Water,3,443,0.26,983.46,292.33,Wallet
ORD04903,2023-12-19,12,December,51,DMart-Nagpur-1,Nagpur,Dairy,Bread,1,38,0.12,33.44,5.6,UPI
ORD04904,2023-11-20,11,November,47,DMart-Pune-2,Pune,Household,Soap,3,128,0.01,380.16,77.7,UPI
ORD04905,2023-03-09,3,March,10,DMart-Pune-2,Pune,Dairy,Water,2,185,0.21,292.3,60.71,Cash
ORD04906,2023-05-01,5,May,18,DMart-Nashik-1,Nashik,Personal Care,Wheat,3,180,0.3,378.0,102.45,Card
ORD04907,2023-02-03,2,February,5,DMart-Pune-2,Pune,Dairy,Shampoo,2,51,0.28,73.44,11.5,UPI
ORD04908,2023-06-27,6,June,26,DMart-Thane-3,Thane,Personal Care,Wheat,3,163,0.0,489.0,123.22,UPI
ORD04909,2023-05-07,5,May,18,DMart-Thane-1,Thane,Household,Bread,5,47,0.2,188.0,54.15,Wallet
ORD04910,2023-01-13,1,January,2,DMart-Pune-1,Pune,Beverages,Milk,1,158,0.09,143.78,41.06,Cash
ORD04911,2023-01-13,1,January,2,DMart-Pune-1,Pune,Personal Care,Rice,1,267,0.21,210.93,44.6,Card
ORD04912,2023-12-26,12,December,52,DMart-Pune-1,Pune,Dairy,Soap,4,407,0.15,1383.8,312.63,Wallet
ORD04913,2023-08-12,8,August,32,DMart-Mumbai-3,Mumbai,Beverages,Biscuits,4,151,0.12,531.52,60.05,Wallet
ORD04914,2023-07-02,7,July,26,DMart-Mumbai-2,Mumbai,Dairy,Coffee,3,192,0.09,524.16,110.85,Card
ORD04915,2023-08-28,8,August,35,DMart-Pune-3,Pune,Dairy,Oil,4,485,0.13,1687.8,313.25,UPI
ORD04916,2023-10-25,10,October,43,DMart-Nagpur-2,Nagpur,Household,Eggs,2,401,0.19,649.62,99.56,Cash
ORD04917,2023-03-13,3,March,11,DMart-Nashik-2,Nashik,Beverages,Sugar,1,50,0.06,47.0,13.02,UPI
ORD04918,2023-11-22,11,November,47,DMart-Nashik-2,Nashik,Household,Soap,4,45,0.05,171.0,33.26,Card
ORD04919,2023-09-16,9,September,37,DMart-Thane-3,Thane,Beverages,Bread,4,435,0.15,1479.0,203.79,Cash
ORD04920,2023-03-09,3,March,10,DMart-Mumbai-3,Mumbai,Dairy,Wheat,1,250,0.22,195.0,42.92,Wallet
ORD04921,2023-06-27,6,June,26,DMart-Nashik-3,Nashik,Household,Soap,3,376,0.1,1015.2,195.32,Cash
ORD04922,2023-05-28,5,May,21,DMart-Mumbai-3,Mumbai,Groceries,Bread,1,424,0.13,368.88,106.27,UPI
ORD04923,2023-01-18,1,January,3,DMart-Pune-2,Pune,Beverages,Water,1,326,0.01,322.74,32.52,Card
ORD04924,2023-04-08,4,April,14,DMart-Pune-2,Pune,Beverages,Water,2,468,0.12,823.68,126.36,UPI
ORD04925,2023-03-24,3,March,12,DMart-Nashik-1,Nashik,Household,Juice,3,67,0.04,192.96,25.33,Cash
ORD04926,2023-11-20,11,November,47,DMart-Nagpur-2,Nagpur,Personal Care,Wheat,2,342,0.05,649.8,184.52,Wallet
ORD04927,2023-09-14,9,September,37,DMart-Thane-2,Thane,Beverages,Soap,4,100,0.16,336.0,36.76,Wallet
ORD04928,2023-10-07,10,October,40,DMart-Pune-1,Pune,Personal Care,Chips,1,74,0.19,59.94,16.98,Card
ORD04929,2023-04-22,4,April,16,DMart-Thane-2,Thane,Groceries,Wheat,5,42,0.01,207.9,58.19,Wallet
ORD04930,2023-04-19,4,April,16,DMart-Nashik-3,Nashik,Beverages,Milk,4,283,0.2,905.6,263.95,Wallet
ORD04931,2023-06-19,6,June,25,DMart-Mumbai-3,Mumbai,Personal Care,Toothpaste,5,209,0.13,909.15,112.84,Card
ORD04932,2023-08-25,8,August,34,DMart-Pune-1,Pune,Dairy,Rice,3,168,0.25,378.0,69.64,UPI
ORD04933,2023-04-05,4,April,14,DMart-Pune-2,Pune,Personal Care,Toothpaste,4,201,0.27,586.92,160.1,Cash
ORD04934,2023-06-21,6,June,25,DMart-Pune-3,Pune,Personal Care,Toothpaste,2,396,0.1,712.8,88.54,Wallet
ORD04935,2023-04-15,4,April,15,DMart-Thane-3,Thane,Groceries,Chips,5,438,0.11,1949.1,237.1,Wallet
ORD04936,2023-07-22,7,July,29,DMart-Nagpur-1,Nagpur,Beverages,Water,5,380,0.11,1691.0,477.92,Card
ORD04937,2023-07-30,7,July,30,DMart-Thane-3,Thane,Groceries,Rice,2,422,0.22,658.32,94.66,Card
ORD04938,2023-03-20,3,March,12,DMart-Pune-2,Pune,Household,Bread,4,451,0.23,1389.08,214.49,UPI
ORD04939,2023-02-15,2,February,7,DMart-Mumbai-2,Mumbai,Household,Rice,2,101,0.28,145.44,18.26,Card
ORD04940,2023-06-23,6,June,25,DMart-Thane-3,Thane,Personal Care,Biscuits,5,489,0.2,1956.0,339.67,UPI
ORD04941,2023-08-21,8,August,34,DMart-Mumbai-2,Mumbai,Dairy,Milk,4,268,0.13,932.64,101.67,Card
ORD04942,2023-03-15,3,March,11,DMart-Nagpur-2,Nagpur,Beverages,Juice,1,129,0.05,122.55,27.42,Cash
ORD04943,2023-10-07,10,October,40,DMart-Nagpur-3,Nagpur,Dairy,Sugar,4,424,0.04,1628.16,221.08,UPI
ORD04944,2023-03-04,3,March,9,DMart-Mumbai-3,Mumbai,Household,Rice,2,418,0.11,744.04,169.4,Card
ORD04945,2023-12-10,12,December,49,DMart-Mumbai-1,Mumbai,Household,Eggs,2,98,0.19,158.76,36.13,Cash
ORD04946,2023-12-11,12,December,50,DMart-Nagpur-2,Nagpur,Household,Toothpaste,2,221,0.17,366.86,55.78,Wallet
ORD04947,2023-12-13,12,December,50,DMart-Nagpur-3,Nagpur,Dairy,Chips,1,328,0.29,232.88,48.71,UPI
ORD04948,2023-12-04,12,December,49,DMart-Mumbai-1,Mumbai,Personal Care,Toothpaste,4,226,0.21,714.16,160.5,Wallet
ORD04949,2023-09-16,9,September,37,DMart-Nagpur-1,Nagpur,Beverages,Milk,4,175,0.13,609.0,180.33,Card
ORD04950,2023-12-19,12,December,51,DMart-Thane-2,Thane,Dairy,Tissue,1,240,0.21,189.6,55.66,Card
ORD04951,2023-04-18,4,April,16,DMart-Pune-3,Pune,Personal Care,Detergent,2,278,0.28,400.32,94.66,Cash
ORD04952,2023-09-29,9,September,39,DMart-Nagpur-1,Nagpur,Beverages,Chips,2,316,0.1,568.8,146.42,UPI
ORD04953,2023-10-20,10,October,42,DMart-Mumbai-3,Mumbai,Dairy,Coffee,4,213,0.18,698.64,174.77,UPI
ORD04954,2023-03-15,3,March,11,DMart-Pune-2,Pune,Personal Care,Chips,2,396,0.15,673.2,100.31,Wallet
ORD04955,2023-10-04,10,October,40,DMart-Nashik-1,Nashik,Personal Care,Bread,3,48,0.14,123.84,16.76,UPI
ORD04956,2023-05-10,5,May,19,DMart-Mumbai-2,Mumbai,Personal Care,Shampoo,4,233,0.03,904.04,98.72,Card
ORD04957,2023-11-03,11,November,44,DMart-Nagpur-1,Nagpur,Groceries,Water,1,299,0.12,263.12,72.1,UPI
ORD04958,2023-09-15,9,September,37,DMart-Nagpur-2,Nagpur,Personal Care,Tissue,5,407,0.22,1587.3,324.37,UPI
ORD04959,2023-05-20,5,May,20,DMart-Pune-1,Pune,Household,Shampoo,3,477,0.28,1030.32,106.95,Card
ORD04960,2023-02-12,2,February,6,DMart-Pune-1,Pune,Personal Care,Detergent,3,338,0.13,882.18,229.37,Card
ORD04961,2023-05-20,5,May,20,DMart-Nashik-2,Nashik,Household,Wheat,2,296,0.22,461.76,106.74,Cash
ORD04962,2023-10-06,10,October,40,DMart-Pune-1,Pune,Household,Soap,1,34,0.12,29.92,6.46,Card
ORD04963,2023-08-29,8,August,35,DMart-Nashik-3,Nashik,Household,Juice,2,54,0.2,86.4,23.03,UPI
ORD04964,2023-09-10,9,September,36,DMart-Nagpur-3,Nagpur,Household,Coffee,2,421,0.2,673.6,198.0,Cash
ORD04965,2023-02-16,2,February,7,DMart-Mumbai-2,Mumbai,Dairy,Bread,1,496,0.02,486.08,86.09,Card
ORD04966,2023-04-03,4,April,14,DMart-Pune-3,Pune,Groceries,Rice,2,341,0.07,634.26,136.99,UPI
ORD04967,2023-04-21,4,April,16,DMart-Pune-1,Pune,Dairy,Sugar,4,144,0.2,460.8,116.11,Cash
ORD04968,2023-05-30,5,May,22,DMart-Mumbai-1,Mumbai,Household,Rice,2,303,0.02,593.88,79.34,UPI
ORD04969,2023-05-06,5,May,18,DMart-Nashik-2,Nashik,Household,Oil,4,324,0.15,1101.6,151.43,Cash
ORD04970,2023-04-04,4,April,14,DMart-Nagpur-2,Nagpur,Household,Biscuits,2,29,0.03,56.26,13.09,Wallet
ORD04971,2023-11-22,11,November,47,DMart-Mumbai-1,Mumbai,Personal Care,Chips,5,482,0.22,1879.8,447.11,Cash
ORD04972,2023-12-20,12,December,51,DMart-Nashik-2,Nashik,Household,Oil,1,347,0.3,242.9,46.78,Card
ORD04973,2023-04-19,4,April,16,DMart-Pune-1,Pune,Beverages,Bread,3,455,0.16,1146.6,169.34,Wallet
ORD04974,2023-02-28,2,February,9,DMart-Nagpur-1,Nagpur,Groceries,Biscuits,3,180,0.23,415.8,82.56,Cash
ORD04975,2023-02-28,2,February,9,DMart-Nagpur-2,Nagpur,Groceries,Tea,5,479,0.14,2059.7,210.42,UPI
ORD04976,2023-09-30,9,September,39,DMart-Pune-1,Pune,Groceries,Bread,3,452,0.01,1342.44,146.75,Cash
ORD04977,2023-10-07,10,October,40,DMart-Nashik-2,Nashik,Beverages,Eggs,5,341,0.2,1364.0,167.51,UPI
ORD04978,2023-03-27,3,March,13,DMart-Thane-1,Thane,Personal Care,Oil,1,361,0.0,361.0,63.15,UPI
ORD04979,2023-04-02,4,April,13,DMart-Nashik-1,Nashik,Groceries,Shampoo,2,299,0.04,574.08,135.86,Card
ORD04980,2023-04-06,4,April,14,DMart-Mumbai-1,Mumbai,Personal Care,Tea,3,102,0.04,293.76,67.89,UPI
ORD04981,2023-02-15,2,February,7,DMart-Thane-3,Thane,Groceries,Soap,4,70,0.14,240.8,51.24,Card
ORD04982,2023-03-26,3,March,12,DMart-Mumbai-2,Mumbai,Dairy,Detergent,4,105,0.15,357.0,84.23,Cash
ORD04983,2023-07-25,7,July,30,DMart-Nashik-3,Nashik,Household,Tea,1,76,0.25,57.0,10.64,Wallet
ORD04984,2023-10-02,10,October,40,DMart-Pune-3,Pune,Dairy,Juice,1,326,0.05,309.7,50.78,UPI
ORD04985,2023-09-17,9,September,37,DMart-Nashik-1,Nashik,Beverages,Water,2,406,0.13,706.44,133.15,Cash
ORD04986,2023-03-29,3,March,13,DMart-Thane-2,Thane,Groceries,Bread,5,334,0.09,1519.7,177.4,Card
ORD04987,2023-04-17,4,April,16,DMart-Mumbai-2,Mumbai,Beverages,Rice,1,364,0.11,323.96,83.71,Card
ORD04988,2023-02-08,2,February,6,DMart-Mumbai-1,Mumbai,Beverages,Wheat,4,34,0.1,122.4,31.71,Card
ORD04989,2023-09-14,9,September,37,DMart-Nagpur-2,Nagpur,Dairy,Chips,3,300,0.13,783.0,223.8,Cash
ORD04990,2023-04-30,4,April,17,DMart-Mumbai-1,Mumbai,Household,Coffee,4,148,0.14,509.12,113.02,Cash
ORD04991,2023-10-14,10,October,41,DMart-Pune-2,Pune,Groceries,Soap,4,353,0.12,1242.56,192.0,Cash
ORD04992,2023-06-23,6,June,25,DMart-Mumbai-2,Mumbai,Dairy,Detergent,3,184,0.22,430.56,120.19,Wallet
ORD04993,2023-03-25,3,March,12,DMart-Thane-3,Thane,Dairy,Tea,5,252,0.14,1083.6,160.89,UPI
ORD04994,2023-10-08,10,October,40,DMart-Nashik-3,Nashik,Household,Bread,1,33,0.27,24.09,5.73,UPI
ORD04995,2023-03-08,3,March,10,DMart-Nashik-2,Nashik,Beverages,Rice,1,75,0.24,57.0,7.5,UPI
ORD04996,2023-05-11,5,May,19,DMart-Mumbai-1,Mumbai,Personal Care,Rice,2,478,0.27,697.88,123.29,Cash
ORD04997,2023-11-13,11,November,46,DMart-Pune-3,Pune,Beverages,Wheat,2,35,0.09,63.7,6.9,Cash
ORD04998,2023-02-03,2,February,5,DMart-Mumbai-2,Mumbai,Beverages,Coffee,4,458,0.25,1374.0,158.74,Wallet
ORD04999,2023-01-26,1,January,4,DMart-Nagpur-2,Nagpur,Beverages,Water,3,296,0.3,621.6,163.11,Wallet
ORD05000,2023-09-19,9,September,38,DMart-Nashik-1,Nashik,Personal Care,Tissue,1,119,0.05,113.05,31.52,Card
ORD05001,2023-01-29,1,January,4,DMart-Thane-2,Thane,Household,Tea,3,32,0.2,76.8,12.25,Cash
ORD05002,2023-05-07,5,May,18,DMart-Mumbai-2,Mumbai,Household,Tissue,5,81,0.01,400.95,113.38,Card
ORD05003,2023-06-21,6,June,25,DMart-Nashik-3,Nashik,Personal Care,Juice,4,427,0.14,1468.88,275.85,Cash
ORD05004,2023-10-27,10,October,43,DMart-Mumbai-2,Mumbai,Dairy,Chips,5,157,0.12,690.8,171.01,Wallet
ORD05005,2023-01-20,1,January,3,DMart-Nashik-3,Nashik,Groceries,Milk,4,250,0.09,910.0,151.26,Wallet
ORD05006,2023-08-27,8,August,34,DMart-Mumbai-1,Mumbai,Dairy,Wheat,2,472,0.21,745.76,105.25,Card
ORD05007,2023-12-27,12,December,52,DMart-Nagpur-2,Nagpur,Dairy,Biscuits,4,176,0.16,591.36,162.5,Wallet
ORD05008,2023-12-03,12,December,48,DMart-Thane-1,Thane,Beverages,Milk,2,461,0.23,709.94,92.12,Card
ORD05009,2023-11-22,11,November,47,DMart-Nashik-1,Nashik,Household,Bread,5,157,0.18,643.7,135.9,UPI
ORD05010,2023-07-04,7,July,27,DMart-Thane-1,Thane,Personal Care,Detergent,4,109,0.3,305.2,40.98,UPI
ORD05011,2023-04-21,4,April,16,DMart-Pune-2,Pune,Personal Care,Chips,1,476,0.05,452.2,108.53,Cash
ORD05012,2023-11-10,11,November,45,DMart-Thane-3,Thane,Household,Soap,4,277,0.21,875.32,161.7,Card
ORD05013,2023-07-16,7,July,28,DMart-Pune-1,Pune,Household,Toothpaste,3,166,0.04,478.08,112.57,UPI
ORD05014,2023-06-13,6,June,24,DMart-Thane-3,Thane,Beverages,Water,2,87,0.19,140.94,16.28,Wallet
ORD05015,2023-12-05,12,December,49,DMart-Nashik-2,Nashik,Personal Care,Tea,2,105,0.15,178.5,26.74,UPI
ORD05016,2023-05-01,5,May,18,DMart-Nashik-2,Nashik,Groceries,Toothpaste,4,500,0.2,1600.0,210.57,Cash
ORD05017,2023-07-30,7,July,30,DMart-Pune-2,Pune,Dairy,Juice,3,145,0.24,330.6,36.97,UPI
ORD05018,2023-02-17,2,February,7,DMart-Pune-3,Pune,Personal Care,Biscuits,2,373,0.08,686.32,189.73,UPI
ORD05019,2023-08-01,8,August,31,DMart-Nashik-3,Nashik,Personal Care,Eggs,5,107,0.17,444.05,81.67,UPI
ORD05020,2023-04-10,4,April,15,DMart-Pune-3,Pune,Personal Care,Biscuits,3,36,0.08,99.36,15.23,Cash
ORD05021,2023-12-01,12,December,48,DMart-Mumbai-2,Mumbai,Dairy,Toothpaste,3,158,0.29,336.54,43.57,Cash
ORD05022,2023-08-28,8,August,35,DMart-Thane-1,Thane,Beverages,Chips,5,475,0.08,2185.0,346.55,Card
ORD05023,2023-09-02,9,September,35,DMart-Thane-3,Thane,Dairy,Toothpaste,1,411,0.2,328.8,69.33,Card
ORD05024,2023-04-02,4,April,13,DMart-Mumbai-2,Mumbai,Personal Care,Toothpaste,5,141,0.03,683.85,191.37,UPI
ORD05025,2023-11-16,11,November,46,DMart-Thane-2,Thane,Groceries,Oil,4,485,0.08,1784.8,447.07,UPI
ORD05026,2023-05-09,5,May,19,DMart-Nagpur-2,Nagpur,Beverages,Water,5,111,0.19,449.55,123.94,UPI
ORD05027,2023-05-10,5,May,19,DMart-Thane-1,Thane,Dairy,Tea,2,185,0.2,296.0,83.32,Wallet
ORD05028,2023-07-11,7,July,28,DMart-Nashik-1,Nashik,Beverages,Oil,1,142,0.01,140.58,27.12,Cash
ORD05029,2023-05-14,5,May,19,DMart-Nagpur-2,Nagpur,Groceries,Biscuits,5,428,0.07,1990.2,539.99,UPI
ORD05030,2023-12-18,12,December,51,DMart-Mumbai-3,Mumbai,Groceries,Soap,4,193,0.26,571.28,158.66,Card
ORD05031,2023-06-16,6,June,24,DMart-Nagpur-1,Nagpur,Groceries,Eggs,5,33,0.02,161.7,20.71,Card
ORD05032,2023-05-03,5,May,18,DMart-Pune-1,Pune,Household,Coffee,4,347,0.3,971.6,129.8,Cash
ORD05033,2023-11-22,11,November,47,DMart-Thane-3,Thane,Beverages,Sugar,4,343,0.0,1372.0,254.03,Wallet
ORD05034,2023-02-28,2,February,9,DMart-Thane-3,Thane,Personal Care,Rice,5,434,0.2,1736.0,317.07,Wallet
ORD05035,2023-06-08,6,June,23,DMart-Thane-1,Thane,Dairy,Oil,1,429,0.16,360.36,101.83,Cash
ORD05036,2023-07-17,7,July,29,DMart-Nagpur-2,Nagpur,Groceries,Chips,1,237,0.27,173.01,44.04,Cash
ORD05037,2023-06-29,6,June,26,DMart-Thane-3,Thane,Groceries,Rice,2,75,0.1,135.0,13.56,UPI
ORD05038,2023-02-11,2,February,6,DMart-Nashik-3,Nashik,Groceries,Juice,3,20,0.24,45.6,5.04,Wallet
ORD05039,2023-03-26,3,March,12,DMart-Nashik-2,Nashik,Household,Tissue,4,297,0.25,891.0,266.41,UPI
ORD05040,2023-11-24,11,November,47,DMart-Nashik-3,Nashik,Groceries,Milk,2,493,0.01,976.14,205.81,Cash
ORD05041,2023-05-16,5,May,20,DMart-Thane-1,Thane,Beverages,Tissue,3,92,0.01,273.24,73.8,Wallet
ORD05042,2023-07-14,7,July,28,DMart-Mumbai-1,Mumbai,Household,Tea,3,468,0.05,1333.8,142.03,Cash
ORD05043,2023-05-27,5,May,21,DMart-Mumbai-1,Mumbai,Beverages,Sugar,3,449,0.04,1293.12,195.88,Wallet
ORD05044,2023-04-25,4,April,17,DMart-Thane-3,Thane,Dairy,Coffee,5,146,0.29,518.3,95.69,Card
ORD05045,2023-10-24,10,October,43,DMart-Nashik-2,Nashik,Dairy,Biscuits,3,285,0.23,658.35,144.7,Card
ORD05046,2023-08-22,8,August,34,DMart-Nashik-3,Nashik,Personal Care,Chips,4,377,0.06,1417.52,395.6,Wallet
ORD05047,2023-12-26,12,December,52,DMart-Nagpur-2,Nagpur,Dairy,Detergent,2,323,0.0,646.0,108.53,Wallet
ORD05048,2023-10-22,10,October,42,DMart-Nagpur-1,Nagpur,Household,Coffee,5,348,0.27,1270.2,338.33,Wallet
ORD05049,2023-08-11,8,August,32,DMart-Pune-1,Pune,Personal Care,Rice,1,179,0.01,177.21,30.8,Card
ORD05050,2023-12-11,12,December,50,DMart-Nashik-2,Nashik,Groceries,Tissue,1,182,0.24,138.32,21.6,UPI
ORD05051,2023-10-19,10,October,42,DMart-Mumbai-3,Mumbai,Dairy,Wheat,4,194,0.23,597.52,62.79,Card
ORD05052,2023-10-10,10,October,41,DMart-Nashik-2,Nashik,Household,Juice,4,343,0.13,1193.64,290.46,Wallet
ORD05053,2023-04-19,4,April,16,DMart-Mumbai-1,Mumbai,Beverages,Biscuits,4,366,0.29,1039.44,294.63,Wallet
ORD05054,2023-06-17,6,June,24,DMart-Mumbai-3,Mumbai,Dairy,Sugar,1,64,0.02,62.72,12.55,Wallet
ORD05055,2023-03-26,3,March,12,DMart-Mumbai-1,Mumbai,Personal Care,Milk,3,179,0.29,381.27,46.04,UPI
ORD05056,2023-05-23,5,May,21,DMart-Nashik-1,Nashik,Household,Biscuits,1,170,0.16,142.8,24.25,UPI
ORD05057,2023-06-14,6,June,24,DMart-Thane-2,Thane,Beverages,Water,3,143,0.05,407.55,106.05,UPI
ORD05058,2023-08-29,8,August,35,DMart-Nashik-3,Nashik,Household,Tea,1,189,0.26,139.86,26.5,Wallet
ORD05059,2023-12-16,12,December,50,DMart-Pune-2,Pune,Beverages,Biscuits,2,254,0.15,431.8,118.79,Card
ORD05060,2023-03-21,3,March,12,DMart-Nashik-2,Nashik,Groceries,Chips,2,107,0.3,149.8,24.9,Card
ORD05061,2023-08-03,8,August,31,DMart-Nashik-1,Nashik,Household,Tea,1,452,0.02,442.96,102.74,Card
ORD05062,2023-03-28,3,March,13,DMart-Thane-2,Thane,Personal Care,Bread,2,321,0.19,520.02,80.47,Wallet
ORD05063,2023-06-17,6,June,24,DMart-Thane-2,Thane,Dairy,Bread,5,422,0.12,1856.8,370.0,Cash
ORD05064,2023-03-14,3,March,11,DMart-Nagpur-2,Nagpur,Dairy,Wheat,5,360,0.1,1620.0,249.22,Cash
ORD05065,2023-01-31,1,January,5,DMart-Mumbai-2,Mumbai,Beverages,Tissue,1,408,0.1,367.2,78.61,UPI
ORD05066,2023-05-25,5,May,21,DMart-Pune-1,Pune,Personal Care,Milk,3,308,0.15,785.4,218.18,Card
ORD05067,2023-02-05,2,February,5,DMart-Pune-3,Pune,Household,Eggs,4,465,0.12,1636.8,394.61,UPI
ORD05068,2023-11-11,11,November,45,DMart-Thane-3,Thane,Personal Care,Toothpaste,3,56,0.04,161.28,39.45,UPI
ORD05069,2023-01-12,1,January,2,DMart-Nashik-1,Nashik,Groceries,Shampoo,3,281,0.04,809.28,84.56,UPI
ORD05070,2023-04-15,4,April,15,DMart-Nagpur-3,Nagpur,Personal Care,Shampoo,1,59,0.16,49.56,10.89,Wallet
ORD05071,2023-04-07,4,April,14,DMart-Pune-3,Pune,Dairy,Tea,2,286,0.2,457.6,80.76,UPI
ORD05072,2023-12-04,12,December,49,DMart-Thane-1,Thane,Household,Eggs,3,41,0.03,119.31,28.92,Cash
ORD05073,2023-09-04,9,September,36,DMart-Thane-3,Thane,Personal Care,Sugar,2,44,0.06,82.72,24.57,UPI
ORD05074,2023-02-01,2,February,5,DMart-Pune-2,Pune,Beverages,Detergent,3,169,0.02,496.86,102.27,UPI
ORD05075,2023-08-03,8,August,31,DMart-Thane-1,Thane,Groceries,Juice,2,360,0.21,568.8,58.69,UPI
ORD05076,2023-02-14,2,February,7,DMart-Mumbai-3,Mumbai,Personal Care,Soap,5,486,0.17,2016.9,221.16,Cash
ORD05077,2023-01-17,1,January,3,DMart-Nashik-1,Nashik,Personal Care,Soap,4,268,0.15,911.2,262.34,Wallet
ORD05078,2023-08-21,8,August,34,DMart-Pune-3,Pune,Personal Care,Soap,4,195,0.12,686.4,111.35,Card
ORD05079,2023-06-19,6,June,25,DMart-Nashik-1,Nashik,Dairy,Wheat,5,148,0.03,717.8,159.84,Card
ORD05080,2023-04-14,4,April,15,DMart-Pune-1,Pune,Groceries,Biscuits,1,75,0.04,72.0,12.7,Card
ORD05081,2023-07-10,7,July,28,DMart-Nashik-1,Nashik,Dairy,Eggs,1,441,0.17,366.03,81.86,UPI
ORD05082,2023-04-09,4,April,14,DMart-Thane-3,Thane,Dairy,Soap,1,354,0.06,332.76,57.58,Cash
ORD05083,2023-06-09,6,June,23,DMart-Nagpur-1,Nagpur,Beverages,Detergent,1,192,0.14,165.12,17.27,Card
ORD05084,2023-01-09,1,January,2,DMart-Pune-2,Pune,Dairy,Juice,4,429,0.0,1716.0,303.91,Cash
ORD05085,2023-06-13,6,June,24,DMart-Mumbai-2,Mumbai,Beverages,Oil,5,176,0.15,748.0,140.17,Wallet
ORD05086,2023-05-27,5,May,21,DMart-Thane-3,Thane,Dairy,Tissue,3,396,0.21,938.52,119.34,Wallet
ORD05087,2023-05-08,5,May,19,DMart-Pune-3,Pune,Dairy,Wheat,3,318,0.01,944.46,176.95,Wallet
ORD05088,2023-03-28,3,March,13,DMart-Nashik-1,Nashik,Dairy,Biscuits,1,361,0.05,342.95,49.99,Card
ORD05089,2023-09-17,9,September,37,DMart-Mumbai-3,Mumbai,Personal Care,Eggs,1,256,0.05,243.2,42.52,Card
ORD05090,2023-09-29,9,September,39,DMart-Nashik-2,Nashik,Household,Tissue,1,477,0.18,391.14,91.52,Card
ORD05091,2023-11-05,11,November,44,DMart-Thane-3,Thane,Groceries,Biscuits,3,216,0.19,524.88,113.62,Card
ORD05092,2023-06-10,6,June,23,DMart-Mumbai-3,Mumbai,Beverages,Water,4,172,0.08,632.96,160.45,UPI
ORD05093,2023-10-27,10,October,43,DMart-Pune-2,Pune,Groceries,Rice,1,152,0.3,106.4,18.52,UPI
ORD05094,2023-09-27,9,September,39,DMart-Nashik-3,Nashik,Personal Care,Water,3,295,0.1,796.5,120.37,Cash
ORD05095,2023-02-05,2,February,5,DMart-Nashik-1,Nashik,Household,Detergent,4,260,0.19,842.4,200.07,Cash
ORD05096,2023-03-05,3,March,9,DMart-Thane-2,Thane,Personal Care,Toothpaste,1,251,0.23,193.27,55.4,UPI
ORD05097,2023-08-05,8,August,31,DMart-Mumbai-3,Mumbai,Dairy,Coffee,3,408,0.28,881.28,95.96,Cash
ORD05098,2023-01-30,1,January,5,DMart-Nashik-2,Nashik,Groceries,Toothpaste,4,256,0.28,737.28,178.58,Wallet
ORD05099,2023-05-04,5,May,18,DMart-Pune-1,Pune,Personal Care,Shampoo,2,41,0.03,79.54,14.53,Card
ORD05100,2023-01-07,1,January,1,DMart-Mumbai-2,Mumbai,Household,Coffee,2,336,0.25,504.0,119.47,Wallet
ORD05101,2023-05-18,5,May,20,DMart-Thane-2,Thane,Personal Care,Biscuits,2,185,0.15,314.5,53.17,UPI
ORD05102,2023-09-15,9,September,37,DMart-Thane-2,Thane,Dairy,Eggs,5,409,0.24,1554.2,279.64,Card
ORD05103,2023-02-16,2,February,7,DMart-Mumbai-2,Mumbai,Groceries,Biscuits,4,236,0.16,792.96,227.66,Card
ORD05104,2023-07-03,7,July,27,DMart-Thane-2,Thane,Groceries,Tea,3,374,0.11,998.58,266.79,Wallet
ORD05105,2023-02-11,2,February,6,DMart-Mumbai-1,Mumbai,Personal Care,Juice,5,306,0.28,1101.6,176.59,UPI
ORD05106,2023-08-04,8,August,31,DMart-Thane-1,Thane,Personal Care,Soap,4,148,0.2,473.6,48.7,Card
ORD05107,2023-06-10,6,June,23,DMart-Pune-3,Pune,Personal Care,Oil,1,79,0.07,73.47,10.39,Wallet
ORD05108,2023-04-07,4,April,14,DMart-Mumbai-3,Mumbai,Dairy,Bread,3,153,0.29,325.89,37.45,Card
ORD05109,2023-07-22,7,July,29,DMart-Thane-2,Thane,Groceries,Water,2,323,0.02,633.08,183.44,Wallet
ORD05110,2023-10-18,10,October,42,DMart-Pune-2,Pune,Beverages,Tea,4,305,0.18,1000.4,197.3,Wallet
ORD05111,2023-10-20,10,October,42,DMart-Nashik-3,Nashik,Household,Detergent,2,229,0.02,448.84,96.2,UPI
ORD05112,2023-01-30,1,January,5,DMart-Nagpur-1,Nagpur,Dairy,Biscuits,1,273,0.08,251.16,60.71,UPI
ORD05113,2023-04-03,4,April,14,DMart-Pune-1,Pune,Household,Biscuits,1,394,0.13,342.78,51.45,Cash
ORD05114,2023-03-03,3,March,9,DMart-Nashik-1,Nashik,Personal Care,Milk,4,164,0.18,537.92,152.42,Cash
ORD05115,2023-02-26,2,February,8,DMart-Thane-1,Thane,Personal Care,Coffee,1,124,0.24,94.24,20.84,Wallet
ORD05116,2023-05-05,5,May,18,DMart-Pune-1,Pune,Groceries,Tea,5,448,0.11,1993.6,465.45,Wallet
ORD05117,2023-01-03,1,January,1,DMart-Pune-3,Pune,Dairy,Juice,2,108,0.0,216.0,39.45,Wallet
ORD05118,2023-08-29,8,August,35,DMart-Thane-3,Thane,Beverages,Eggs,4,271,0.11,964.76,172.03,Card
ORD05119,2023-03-27,3,March,13,DMart-Nashik-3,Nashik,Beverages,Detergent,1,429,0.0,429.0,111.48,Cash
ORD05120,2023-12-30,12,December,52,DMart-Pune-1,Pune,Dairy,Wheat,2,457,0.15,776.9,109.27,UPI
ORD05121,2023-06-07,6,June,23,DMart-Nagpur-1,Nagpur,Dairy,Detergent,4,383,0.09,1394.12,380.56,UPI
ORD05122,2023-06-16,6,June,24,DMart-Mumbai-2,Mumbai,Dairy,Milk,3,422,0.26,936.84,171.1,UPI
ORD05123,2023-01-07,1,January,1,DMart-Thane-3,Thane,Household,Soap,4,21,0.27,61.32,16.24,Card
ORD05124,2023-09-16,9,September,37,DMart-Nashik-3,Nashik,Dairy,Juice,1,358,0.17,297.14,49.61,Cash
ORD05125,2023-12-30,12,December,52,DMart-Nagpur-2,Nagpur,Groceries,Oil,2,355,0.16,596.4,150.54,Wallet
ORD05126,2023-11-05,11,November,44,DMart-Pune-1,Pune,Dairy,Rice,4,346,0.13,1204.08,213.11,Wallet
ORD05127,2023-11-30,11,November,48,DMart-Mumbai-3,Mumbai,Personal Care,Toothpaste,5,109,0.02,534.1,122.85,Wallet
ORD05128,2023-06-17,6,June,24,DMart-Thane-2,Thane,Beverages,Detergent,1,192,0.06,180.48,25.31,Wallet
ORD05129,2023-11-09,11,November,45,DMart-Mumbai-1,Mumbai,Dairy,Wheat,5,361,0.08,1660.6,494.16,UPI
ORD05130,2023-09-09,9,September,36,DMart-Thane-2,Thane,Dairy,Biscuits,2,196,0.21,309.68,76.94,UPI
ORD05131,2023-03-21,3,March,12,DMart-Nagpur-1,Nagpur,Beverages,Shampoo,4,84,0.3,235.2,55.91,Wallet
ORD05132,2023-02-20,2,February,8,DMart-Nagpur-3,Nagpur,Groceries,Chips,2,436,0.01,863.28,150.06,Wallet
ORD05133,2023-10-12,10,October,41,DMart-Nashik-1,Nashik,Personal Care,Wheat,1,424,0.04,407.04,97.77,Wallet
ORD05134,2023-06-18,6,June,24,DMart-Thane-1,Thane,Beverages,Milk,5,454,0.09,2065.7,535.22,Cash
ORD05135,2023-09-14,9,September,37,DMart-Nagpur-3,Nagpur,Dairy,Biscuits,5,429,0.3,1501.5,301.9,UPI
ORD05136,2023-01-03,1,January,1,DMart-Nagpur-2,Nagpur,Beverages,Sugar,3,81,0.18,199.26,38.53,Wallet
ORD05137,2023-05-18,5,May,20,DMart-Nagpur-2,Nagpur,Dairy,Sugar,1,224,0.13,194.88,52.9,Wallet
ORD05138,2023-06-27,6,June,26,DMart-Nashik-1,Nashik,Household,Milk,2,481,0.3,673.4,85.37,Wallet
ORD05139,2023-02-25,2,February,8,DMart-Nashik-3,Nashik,Beverages,Chips,5,382,0.21,1508.9,396.72,UPI
ORD05140,2023-10-16,10,October,42,DMart-Pune-1,Pune,Household,Toothpaste,3,458,0.18,1126.68,288.14,Card
ORD05141,2023-06-13,6,June,24,DMart-Thane-3,Thane,Personal Care,Tea,4,446,0.27,1302.32,233.14,UPI
ORD05142,2023-10-05,10,October,40,DMart-Nashik-3,Nashik,Personal Care,Tissue,3,195,0.0,585.0,149.4,Cash
ORD05143,2023-12-29,12,December,52,DMart-Nagpur-2,Nagpur,Beverages,Sugar,3,324,0.23,748.44,134.76,UPI
ORD05144,2023-03-14,3,March,11,DMart-Thane-1,Thane,Household,Eggs,3,376,0.3,789.6,226.74,UPI
ORD05145,2023-07-16,7,July,28,DMart-Nagpur-2,Nagpur,Groceries,Rice,3,316,0.02,929.04,121.56,Cash
ORD05146,2023-08-01,8,August,31,DMart-Mumbai-1,Mumbai,Groceries,Water,3,307,0.21,727.59,106.19,Wallet
ORD05147,2023-10-01,10,October,39,DMart-Nashik-3,Nashik,Personal Care,Wheat,1,89,0.21,70.31,9.0,UPI
ORD05148,2023-11-21,11,November,47,DMart-Mumbai-1,Mumbai,Household,Eggs,1,301,0.3,210.7,23.88,Wallet
ORD05149,2023-07-22,7,July,29,DMart-Pune-1,Pune,Personal Care,Coffee,4,132,0.05,501.6,144.89,Wallet
ORD05150,2023-04-25,4,April,17,DMart-Nagpur-1,Nagpur,Beverages,Toothpaste,2,277,0.28,398.88,69.83,Wallet
ORD05151,2023-01-01,1,January,52,DMart-Nashik-2,Nashik,Groceries,Tea,1,316,0.11,281.24,50.94,Card
ORD05152,2023-09-09,9,September,36,DMart-Pune-3,Pune,Dairy,Toothpaste,4,321,0.15,1091.4,213.55,Card
ORD05153,2023-07-20,7,July,29,DMart-Thane-3,Thane,Dairy,Tea,2,327,0.02,640.92,114.4,Cash
ORD05154,2023-10-30,10,October,44,DMart-Thane-3,Thane,Beverages,Chips,5,237,0.2,948.0,195.8,UPI
ORD05155,2023-12-05,12,December,49,DMart-Mumbai-1,Mumbai,Beverages,Wheat,5,284,0.13,1235.4,255.43,UPI
ORD05156,2023-06-19,6,June,25,DMart-Nashik-2,Nashik,Groceries,Eggs,5,89,0.25,333.75,45.13,Wallet
ORD05157,2023-03-07,3,March,10,DMart-Mumbai-1,Mumbai,Beverages,Chips,5,273,0.28,982.8,107.85,Card
ORD05158,2023-09-22,9,September,38,DMart-Mumbai-2,Mumbai,Beverages,Wheat,1,27,0.24,20.52,3.26,Card
ORD05159,2023-11-08,11,November,45,DMart-Thane-2,Thane,Groceries,Tea,1,40,0.02,39.2,11.1,Cash
ORD05160,2023-01-18,1,January,3,DMart-Nagpur-1,Nagpur,Dairy,Tea,5,285,0.3,997.5,163.64,Wallet
ORD05161,2023-12-30,12,December,52,DMart-Nagpur-1,Nagpur,Beverages,Soap,4,392,0.09,1426.88,212.32,UPI
ORD05162,2023-10-21,10,October,42,DMart-Thane-1,Thane,Household,Wheat,3,329,0.03,957.39,136.08,Card
ORD05163,2023-10-22,10,October,42,DMart-Pune-1,Pune,Personal Care,Water,5,54,0.07,251.1,32.31,Cash
ORD05164,2023-06-29,6,June,26,DMart-Nashik-1,Nashik,Dairy,Toothpaste,5,497,0.2,1988.0,299.44,UPI
ORD05165,2023-07-03,7,July,27,DMart-Nashik-1,Nashik,Groceries,Sugar,5,64,0.2,256.0,27.74,Card
ORD05166,2023-11-04,11,November,44,DMart-Pune-2,Pune,Groceries,Toothpaste,3,315,0.05,897.75,208.61,Cash
ORD05167,2023-04-03,4,April,14,DMart-Thane-1,Thane,Household,Chips,5,249,0.19,1008.45,249.76,Cash
ORD05168,2023-12-16,12,December,50,DMart-Thane-2,Thane,Dairy,Soap,5,146,0.17,605.9,146.59,Wallet
ORD05169,2023-08-28,8,August,35,DMart-Thane-3,Thane,Personal Care,Water,4,38,0.26,112.48,14.97,Card
ORD05170,2023-02-06,2,February,6,DMart-Nagpur-2,Nagpur,Beverages,Eggs,2,28,0.18,45.92,10.21,UPI
ORD05171,2023-10-01,10,October,39,DMart-Nagpur-3,Nagpur,Beverages,Tea,2,168,0.0,336.0,69.08,UPI
ORD05172,2023-07-28,7,July,30,DMart-Thane-1,Thane,Dairy,Soap,5,373,0.21,1473.35,207.6,Wallet
ORD05173,2023-12-28,12,December,52,DMart-Nashik-3,Nashik,Dairy,Rice,4,217,0.07,807.24,163.03,Cash
ORD05174,2023-08-30,8,August,35,DMart-Pune-3,Pune,Beverages,Oil,3,497,0.17,1237.53,143.52,Cash
ORD05175,2023-04-24,4,April,17,DMart-Pune-3,Pune,Groceries,Soap,4,59,0.16,198.24,36.28,Wallet
ORD05176,2023-08-18,8,August,33,DMart-Thane-3,Thane,Personal Care,Water,1,272,0.18,223.04,28.4,UPI
ORD05177,2023-01-18,1,January,3,DMart-Nagpur-2,Nagpur,Groceries,Soap,2,491,0.16,824.88,242.54,Card
ORD05178,2023-08-13,8,August,32,DMart-Mumbai-3,Mumbai,Groceries,Shampoo,5,203,0.19,822.15,205.93,UPI
ORD05179,2023-12-14,12,December,50,DMart-Nagpur-3,Nagpur,Dairy,Rice,1,233,0.12,205.04,38.46,Wallet
ORD05180,2023-02-26,2,February,8,DMart-Mumbai-3,Mumbai,Beverages,Bread,5,408,0.15,1734.0,403.12,Wallet
ORD05181,2023-06-15,6,June,24,DMart-Thane-1,Thane,Personal Care,Chips,2,52,0.29,73.84,13.36,Wallet
ORD05182,2023-09-02,9,September,35,DMart-Pune-3,Pune,Beverages,Shampoo,3,68,0.1,183.6,26.76,UPI
ORD05183,2023-07-01,7,July,26,DMart-Nashik-2,Nashik,Beverages,Tea,3,433,0.21,1026.21,269.05,UPI
ORD05184,2023-06-15,6,June,24,DMart-Thane-3,Thane,Personal Care,Milk,5,355,0.18,1455.5,427.08,Cash
ORD05185,2023-09-24,9,September,38,DMart-Thane-3,Thane,Groceries,Biscuits,1,410,0.26,303.4,37.15,Wallet
ORD05186,2023-09-01,9,September,35,DMart-Nagpur-1,Nagpur,Dairy,Soap,3,298,0.02,876.12,143.64,Card
ORD05187,2023-08-04,8,August,31,DMart-Nashik-1,Nashik,Groceries,Coffee,3,352,0.01,1045.44,242.76,Cash
ORD05188,2023-11-08,11,November,45,DMart-Pune-1,Pune,Dairy,Tissue,2,278,0.02,544.88,148.15,Card
ORD05189,2023-08-11,8,August,32,DMart-Nagpur-1,Nagpur,Groceries,Chips,4,110,0.1,396.0,79.92,Cash
ORD05190,2023-05-08,5,May,19,DMart-Pune-1,Pune,Beverages,Toothpaste,2,212,0.22,330.72,49.02,UPI
ORD05191,2023-05-06,5,May,18,DMart-Pune-3,Pune,Household,Toothpaste,3,473,0.04,1362.24,212.21,Wallet
ORD05192,2023-01-28,1,January,4,DMart-Nagpur-3,Nagpur,Groceries,Chips,3,182,0.23,420.42,81.6,UPI
ORD05193,2023-07-26,7,July,30,DMart-Nashik-1,Nashik,Household,Eggs,1,298,0.26,220.52,50.27,UPI
ORD05194,2023-05-18,5,May,20,DMart-Thane-3,Thane,Personal Care,Milk,4,65,0.03,252.2,58.77,Wallet
ORD05195,2023-03-24,3,March,12,DMart-Nagpur-2,Nagpur,Personal Care,Detergent,4,316,0.3,884.8,218.69,Wallet
ORD05196,2023-04-03,4,April,14,DMart-Thane-2,Thane,Personal Care,Eggs,2,32,0.21,50.56,10.68,Card
ORD05197,2023-08-29,8,August,35,DMart-Thane-1,Thane,Personal Care,Tissue,2,405,0.13,704.7,144.69,UPI
ORD05198,2023-03-04,3,March,9,DMart-Nashik-1,Nashik,Dairy,Milk,5,390,0.3,1365.0,213.08,UPI
ORD05199,2023-12-26,12,December,52,DMart-Nashik-2,Nashik,Dairy,Soap,1,281,0.27,205.13,59.04,Wallet
ORD05200,2023-04-05,4,April,14,DMart-Mumbai-2,Mumbai,Dairy,Biscuits,5,370,0.08,1702.0,465.51,Card
ORD05201,2023-05-21,5,May,20,DMart-Mumbai-3,Mumbai,Beverages,Chips,1,162,0.26,119.88,24.91,Card
ORD05202,2023-10-03,10,October,40,DMart-Nashik-3,Nashik,Dairy,Detergent,3,63,0.24,143.64,14.47,UPI
ORD05203,2023-06-27,6,June,26,DMart-Nagpur-3,Nagpur,Dairy,Water,2,34,0.28,48.96,13.85,UPI
ORD05204,2023-08-09,8,August,32,DMart-Pune-2,Pune,Dairy,Coffee,3,187,0.27,409.53,91.11,Wallet
ORD05205,2023-10-24,10,October,43,DMart-Nashik-1,Nashik,Personal Care,Tissue,4,204,0.03,791.52,146.69,Wallet
ORD05206,2023-12-01,12,December,48,DMart-Pune-3,Pune,Groceries,Milk,2,119,0.24,180.88,44.83,Cash
ORD05207,2023-09-26,9,September,39,DMart-Pune-3,Pune,Dairy,Juice,5,455,0.13,1979.25,557.05,Wallet
ORD05208,2023-05-30,5,May,22,DMart-Nagpur-3,Nagpur,Beverages,Eggs,4,244,0.01,966.24,229.04,UPI
ORD05209,2023-04-18,4,April,16,DMart-Nagpur-3,Nagpur,Household,Rice,3,107,0.17,266.43,50.05,Card
ORD05210,2023-07-22,7,July,29,DMart-Pune-1,Pune,Dairy,Tea,2,221,0.02,433.16,77.68,Cash
ORD05211,2023-10-11,10,October,41,DMart-Nagpur-1,Nagpur,Personal Care,Toothpaste,1,41,0.15,34.85,4.58,UPI
ORD05212,2023-09-21,9,September,38,DMart-Nagpur-3,Nagpur,Dairy,Rice,4,126,0.09,458.64,101.7,Card
ORD05213,2023-12-08,12,December,49,DMart-Nashik-1,Nashik,Beverages,Coffee,1,312,0.2,249.6,29.47,UPI
ORD05214,2023-05-11,5,May,19,DMart-Thane-3,Thane,Groceries,Soap,1,137,0.01,135.63,32.91,Cash
ORD05215,2023-07-18,7,July,29,DMart-Nashik-1,Nashik,Dairy,Juice,4,413,0.13,1437.24,195.16,UPI
ORD05216,2023-09-26,9,September,39,DMart-Nashik-1,Nashik,Beverages,Shampoo,3,448,0.09,1223.04,140.01,Cash
ORD05217,2023-10-01,10,October,39,DMart-Thane-1,Thane,Personal Care,Chips,4,335,0.04,1286.4,170.54,Card
ORD05218,2023-02-08,2,February,6,DMart-Mumbai-1,Mumbai,Groceries,Oil,3,281,0.16,708.12,131.28,Wallet
ORD05219,2023-08-01,8,August,31,DMart-Nagpur-1,Nagpur,Groceries,Wheat,4,113,0.28,325.44,32.94,Cash
ORD05220,2023-11-23,11,November,47,DMart-Nagpur-3,Nagpur,Personal Care,Oil,5,154,0.21,608.3,101.65,Cash
ORD05221,2023-07-14,7,July,28,DMart-Nagpur-1,Nagpur,Beverages,Milk,1,162,0.3,113.4,11.88,Wallet
ORD05222,2023-10-07,10,October,40,DMart-Nashik-2,Nashik,Beverages,Tissue,4,183,0.27,534.36,152.82,UPI
ORD05223,2023-02-08,2,February,6,DMart-Mumbai-3,Mumbai,Beverages,Juice,2,48,0.29,68.16,16.13,UPI
ORD05224,2023-09-26,9,September,39,DMart-Nagpur-2,Nagpur,Beverages,Eggs,3,156,0.27,341.64,91.25,Cash
ORD05225,2023-02-04,2,February,5,DMart-Mumbai-1,Mumbai,Personal Care,Rice,2,407,0.19,659.34,133.95,UPI
ORD05226,2023-05-05,5,May,18,DMart-Nagpur-2,Nagpur,Beverages,Rice,1,347,0.26,256.78,47.54,Cash
ORD05227,2023-05-10,5,May,19,DMart-Mumbai-2,Mumbai,Beverages,Tissue,2,139,0.21,219.62,30.71,Wallet
ORD05228,2023-02-11,2,February,6,DMart-Nashik-1,Nashik,Personal Care,Shampoo,3,314,0.11,838.38,126.67,Cash
ORD05229,2023-03-29,3,March,13,DMart-Nashik-2,Nashik,Dairy,Tissue,5,169,0.05,802.75,105.42,UPI
ORD05230,2023-09-17,9,September,37,DMart-Nashik-2,Nashik,Groceries,Tissue,2,202,0.01,399.96,80.71,Card
ORD05231,2023-03-13,3,March,11,DMart-Nashik-2,Nashik,Personal Care,Oil,4,466,0.17,1547.12,155.82,UPI
ORD05232,2023-08-02,8,August,31,DMart-Mumbai-1,Mumbai,Dairy,Juice,1,191,0.27,139.43,23.08,Wallet
ORD05233,2023-04-27,4,April,17,DMart-Thane-1,Thane,Beverages,Milk,5,403,0.02,1974.7,288.97,Card
ORD05234,2023-05-03,5,May,18,DMart-Nashik-1,Nashik,Dairy,Wheat,2,438,0.11,779.64,85.11,UPI
ORD05235,2023-09-07,9,September,36,DMart-Nagpur-3,Nagpur,Household,Shampoo,2,223,0.25,334.5,98.56,UPI
ORD05236,2023-09-16,9,September,37,DMart-Pune-3,Pune,Beverages,Toothpaste,2,44,0.15,74.8,17.09,Card
ORD05237,2023-04-18,4,April,16,DMart-Nagpur-3,Nagpur,Dairy,Shampoo,5,451,0.24,1713.8,293.53,Cash
ORD05238,2023-04-08,4,April,14,DMart-Mumbai-2,Mumbai,Groceries,Soap,4,287,0.2,918.4,138.62,Card
ORD05239,2023-10-12,10,October,41,DMart-Nagpur-3,Nagpur,Dairy,Juice,2,444,0.18,728.16,167.31,Card
ORD05240,2023-01-11,1,January,2,DMart-Nashik-2,Nashik,Groceries,Chips,3,406,0.29,864.78,202.54,Wallet
ORD05241,2023-12-05,12,December,49,DMart-Nagpur-3,Nagpur,Beverages,Oil,1,319,0.26,236.06,38.48,UPI
ORD05242,2023-04-19,4,April,16,DMart-Nagpur-2,Nagpur,Personal Care,Tea,1,107,0.01,105.93,23.61,Card
ORD05243,2023-05-28,5,May,21,DMart-Mumbai-2,Mumbai,Personal Care,Shampoo,2,313,0.18,513.32,62.34,Wallet
ORD05244,2023-03-05,3,March,9,DMart-Pune-2,Pune,Beverages,Coffee,1,457,0.0,457.0,64.02,Card
ORD05245,2023-07-21,7,July,29,DMart-Nagpur-1,Nagpur,Household,Detergent,3,372,0.29,792.36,229.48,Card
ORD05246,2023-12-12,12,December,50,DMart-Nagpur-1,Nagpur,Dairy,Coffee,3,265,0.24,604.2,94.03,Wallet
ORD05247,2023-07-13,7,July,28,DMart-Mumbai-1,Mumbai,Personal Care,Rice,2,89,0.12,156.64,27.52,Card
ORD05248,2023-08-29,8,August,35,DMart-Mumbai-1,Mumbai,Groceries,Shampoo,1,95,0.17,78.85,9.55,UPI
ORD05249,2023-08-12,8,August,32,DMart-Nashik-2,Nashik,Household,Detergent,5,127,0.2,508.0,66.43,UPI
ORD05250,2023-10-01,10,October,39,DMart-Pune-3,Pune,Groceries,Toothpaste,2,176,0.18,288.64,43.13,Cash
ORD05251,2023-07-25,7,July,30,DMart-Nagpur-2,Nagpur,Dairy,Rice,5,222,0.24,843.6,203.91,Wallet
ORD05252,2023-07-11,7,July,28,DMart-Nashik-3,Nashik,Personal Care,Milk,5,234,0.09,1064.7,308.16,Cash
ORD05253,2023-04-22,4,April,16,DMart-Nagpur-2,Nagpur,Personal Care,Oil,4,120,0.15,408.0,83.5,Card
ORD05254,2023-03-18,3,March,11,DMart-Nagpur-1,Nagpur,Household,Shampoo,2,54,0.1,97.2,14.47,Card
ORD05255,2023-03-22,3,March,12,DMart-Thane-1,Thane,Dairy,Detergent,5,407,0.07,1892.55,193.58,Card
ORD05256,2023-05-04,5,May,18,DMart-Nagpur-3,Nagpur,Dairy,Biscuits,4,399,0.01,1580.04,322.93,Card
ORD05257,2023-04-07,4,April,14,DMart-Pune-1,Pune,Household,Bread,5,432,0.26,1598.4,309.45,Card
ORD05258,2023-12-27,12,December,52,DMart-Nagpur-2,Nagpur,Groceries,Rice,3,63,0.19,153.09,40.1,Card
ORD05259,2023-08-22,8,August,34,DMart-Thane-2,Thane,Beverages,Chips,4,392,0.06,1473.92,345.48,Wallet
ORD05260,2023-08-26,8,August,34,DMart-Thane-1,Thane,Beverages,Wheat,5,409,0.3,1431.5,319.5,Wallet
ORD05261,2023-08-23,8,August,34,DMart-Nagpur-1,Nagpur,Groceries,Tissue,3,328,0.11,875.76,231.71,Card
ORD05262,2023-10-22,10,October,42,DMart-Nashik-3,Nashik,Personal Care,Coffee,5,139,0.12,611.6,72.67,Cash
ORD05263,2023-12-06,12,December,49,DMart-Nashik-3,Nashik,Beverages,Eggs,3,30,0.15,76.5,10.8,Wallet
ORD05264,2023-10-05,10,October,40,DMart-Thane-3,Thane,Groceries,Oil,1,285,0.09,259.35,67.97,Wallet
ORD05265,2023-06-10,6,June,23,DMart-Nagpur-2,Nagpur,Household,Juice,3,347,0.28,749.52,107.12,UPI
ORD05266,2023-02-23,2,February,8,DMart-Thane-3,Thane,Household,Detergent,4,253,0.25,759.0,86.28,Wallet
ORD05267,2023-10-23,10,October,43,DMart-Nagpur-1,Nagpur,Personal Care,Oil,5,183,0.14,786.9,107.18,UPI
ORD05268,2023-06-07,6,June,23,DMart-Nagpur-2,Nagpur,Groceries,Sugar,3,36,0.17,89.64,24.36,Wallet
ORD05269,2023-08-19,8,August,33,DMart-Mumbai-3,Mumbai,Dairy,Oil,3,217,0.25,488.25,95.41,Cash
ORD05270,2023-10-11,10,October,41,DMart-Nashik-1,Nashik,Household,Milk,1,450,0.05,427.5,115.38,Card
ORD05271,2023-11-29,11,November,48,DMart-Nagpur-1,Nagpur,Beverages,Bread,5,315,0.02,1543.5,347.14,Cash
ORD05272,2023-11-23,11,November,47,DMart-Nashik-1,Nashik,Beverages,Detergent,3,71,0.21,168.27,50.46,Card
ORD05273,2023-07-08,7,July,27,DMart-Pune-2,Pune,Personal Care,Eggs,2,385,0.01,762.3,183.89,UPI
ORD05274,2023-08-22,8,August,34,DMart-Nagpur-1,Nagpur,Dairy,Juice,5,83,0.1,373.5,64.87,Wallet
ORD05275,2023-01-12,1,January,2,DMart-Nagpur-3,Nagpur,Groceries,Coffee,5,242,0.26,895.4,135.29,Cash
ORD05276,2023-05-19,5,May,20,DMart-Mumbai-1,Mumbai,Groceries,Toothpaste,1,22,0.23,16.94,4.18,Wallet
ORD05277,2023-07-09,7,July,27,DMart-Mumbai-2,Mumbai,Groceries,Juice,2,96,0.24,145.92,39.73,Cash
ORD05278,2023-08-05,8,August,31,DMart-Nagpur-1,Nagpur,Groceries,Toothpaste,5,247,0.15,1049.75,138.34,UPI
ORD05279,2023-04-01,4,April,13,DMart-Mumbai-3,Mumbai,Household,Tissue,3,358,0.23,826.98,213.7,Wallet
ORD05280,2023-04-16,4,April,15,DMart-Thane-1,Thane,Beverages,Shampoo,4,321,0.18,1052.88,278.56,UPI
ORD05281,2023-07-11,7,July,28,DMart-Thane-2,Thane,Household,Oil,2,265,0.25,397.5,72.43,Card
ORD05282,2023-05-22,5,May,21,DMart-Thane-2,Thane,Beverages,Tea,4,280,0.26,828.8,175.75,UPI
ORD05283,2023-12-08,12,December,49,DMart-Pune-1,Pune,Groceries,Coffee,1,486,0.26,359.64,86.37,UPI
ORD05284,2023-07-01,7,July,26,DMart-Pune-3,Pune,Personal Care,Wheat,4,374,0.14,1286.56,159.63,UPI
ORD05285,2023-07-25,7,July,30,DMart-Mumbai-1,Mumbai,Groceries,Rice,3,263,0.29,560.19,81.16,Card
ORD05286,2023-02-01,2,February,5,DMart-Pune-1,Pune,Beverages,Bread,1,213,0.01,210.87,33.47,Cash
ORD05287,2023-07-29,7,July,30,DMart-Mumbai-1,Mumbai,Personal Care,Water,3,258,0.04,743.04,145.68,Wallet
ORD05288,2023-02-26,2,February,8,DMart-Pune-1,Pune,Personal Care,Milk,4,314,0.03,1218.32,228.82,Card
ORD05289,2023-01-05,1,January,1,DMart-Thane-1,Thane,Beverages,Juice,4,111,0.05,421.8,90.22,Cash
ORD05290,2023-12-19,12,December,51,DMart-Nashik-3,Nashik,Dairy,Toothpaste,5,282,0.2,1128.0,135.52,Wallet
ORD05291,2023-08-25,8,August,34,DMart-Mumbai-1,Mumbai,Dairy,Water,2,497,0.27,725.62,200.83,UPI
ORD05292,2023-06-28,6,June,26,DMart-Pune-1,Pune,Dairy,Toothpaste,4,56,0.2,179.2,53.19,Cash
ORD05293,2023-06-13,6,June,24,DMart-Pune-3,Pune,Beverages,Detergent,3,235,0.28,507.6,99.74,Wallet
ORD05294,2023-01-28,1,January,4,DMart-Thane-2,Thane,Personal Care,Toothpaste,4,433,0.28,1247.04,252.49,Cash
ORD05295,2023-12-16,12,December,50,DMart-Mumbai-2,Mumbai,Personal Care,Eggs,1,337,0.12,296.56,70.8,Card
ORD05296,2023-12-30,12,December,52,DMart-Pune-1,Pune,Groceries,Biscuits,2,359,0.12,631.84,178.22,Card
ORD05297,2023-01-16,1,January,3,DMart-Thane-2,Thane,Dairy,Coffee,2,67,0.04,128.64,33.27,Cash
ORD05298,2023-12-31,12,December,52,DMart-Pune-2,Pune,Personal Care,Juice,4,244,0.12,858.88,252.53,Cash
ORD05299,2023-06-16,6,June,24,DMart-Mumbai-2,Mumbai,Dairy,Soap,2,162,0.2,259.2,76.29,Wallet
ORD05300,2023-10-17,10,October,42,DMart-Nagpur-3,Nagpur,Dairy,Shampoo,2,191,0.22,297.96,39.73,Wallet
ORD05301,2023-02-07,2,February,6,DMart-Mumbai-2,Mumbai,Household,Tea,1,360,0.11,320.4,67.54,UPI
ORD05302,2023-09-23,9,September,38,DMart-Nagpur-1,Nagpur,Beverages,Wheat,2,251,0.05,476.9,58.73,Wallet
ORD05303,2023-10-13,10,October,41,DMart-Mumbai-3,Mumbai,Personal Care,Tissue,3,171,0.1,461.7,123.01,Wallet
ORD05304,2023-02-26,2,February,8,DMart-Pune-3,Pune,Groceries,Chips,4,35,0.0,140.0,41.8,Card
ORD05305,2023-09-12,9,September,37,DMart-Nagpur-3,Nagpur,Beverages,Rice,5,100,0.3,350.0,61.14,Wallet
ORD05306,2023-09-30,9,September,39,DMart-Pune-3,Pune,Beverages,Coffee,1,168,0.04,161.28,41.04,Wallet
ORD05307,2023-12-02,12,December,48,DMart-Nagpur-1,Nagpur,Beverages,Bread,4,307,0.19,994.68,129.4,UPI
ORD05308,2023-06-10,6,June,23,DMart-Thane-2,Thane,Groceries,Juice,4,37,0.2,118.4,16.27,Card
ORD05309,2023-02-02,2,February,5,DMart-Thane-3,Thane,Groceries,Biscuits,5,267,0.27,974.55,244.67,Card
ORD05310,2023-02-08,2,February,6,DMart-Pune-1,Pune,Personal Care,Eggs,5,469,0.08,2157.4,469.43,Cash
ORD05311,2023-03-30,3,March,13,DMart-Nagpur-3,Nagpur,Dairy,Tea,3,156,0.25,351.0,96.04,Cash
ORD05312,2023-12-09,12,December,49,DMart-Pune-1,Pune,Household,Sugar,4,272,0.22,848.64,111.94,Card
ORD05313,2023-08-02,8,August,31,DMart-Thane-3,Thane,Personal Care,Sugar,4,161,0.02,631.12,103.48,Wallet
ORD05314,2023-06-21,6,June,25,DMart-Nashik-1,Nashik,Dairy,Soap,2,435,0.04,835.2,224.98,Card
ORD05315,2023-08-19,8,August,33,DMart-Thane-3,Thane,Household,Wheat,1,68,0.03,65.96,10.15,Cash
ORD05316,2023-03-27,3,March,13,DMart-Nashik-1,Nashik,Groceries,Tea,5,335,0.17,1390.25,214.79,Card
ORD05317,2023-05-07,5,May,18,DMart-Nagpur-1,Nagpur,Beverages,Tea,1,303,0.25,227.25,28.9,Cash
ORD05318,2023-09-07,9,September,36,DMart-Pune-3,Pune,Groceries,Soap,1,392,0.16,329.28,89.02,Cash
ORD05319,2023-06-18,6,June,24,DMart-Pune-1,Pune,Groceries,Detergent,1,299,0.08,275.08,28.39,Card
ORD05320,2023-12-31,12,December,52,DMart-Thane-3,Thane,Beverages,Rice,5,37,0.26,136.9,33.98,Cash
ORD05321,2023-06-23,6,June,25,DMart-Nagpur-1,Nagpur,Dairy,Water,5,194,0.23,746.9,197.72,Cash
ORD05322,2023-11-21,11,November,47,DMart-Thane-3,Thane,Groceries,Bread,2,418,0.02,819.28,97.86,Wallet
ORD05323,2023-10-19,10,October,42,DMart-Mumbai-3,Mumbai,Personal Care,Toothpaste,2,31,0.3,43.4,9.86,Card
ORD05324,2023-08-09,8,August,32,DMart-Mumbai-3,Mumbai,Personal Care,Tea,3,417,0.04,1200.96,241.57,Card
ORD05325,2023-10-17,10,October,42,DMart-Nashik-1,Nashik,Dairy,Detergent,2,223,0.01,441.54,84.51,Card
ORD05326,2023-11-15,11,November,46,DMart-Thane-3,Thane,Household,Detergent,3,421,0.18,1035.66,290.29,Card
ORD05327,2023-11-03,11,November,44,DMart-Mumbai-1,Mumbai,Dairy,Sugar,1,219,0.27,159.87,34.49,UPI
ORD05328,2023-04-25,4,April,17,DMart-Thane-2,Thane,Beverages,Sugar,4,401,0.11,1427.56,261.89,Card
ORD05329,2023-09-11,9,September,37,DMart-Nashik-3,Nashik,Personal Care,Oil,3,220,0.15,561.0,151.54,Cash
ORD05330,2023-04-19,4,April,16,DMart-Pune-2,Pune,Beverages,Rice,5,314,0.11,1397.3,377.09,UPI
ORD05331,2023-09-14,9,September,37,DMart-Mumbai-1,Mumbai,Beverages,Water,1,352,0.12,309.76,47.74,Wallet
ORD05332,2023-03-15,3,March,11,DMart-Pune-1,Pune,Dairy,Chips,2,426,0.24,647.52,81.21,Cash
ORD05333,2023-08-30,8,August,35,DMart-Pune-2,Pune,Beverages,Milk,5,477,0.29,1693.35,335.01,Cash
ORD05334,2023-04-06,4,April,14,DMart-Pune-3,Pune,Groceries,Juice,2,477,0.21,753.66,205.96,Card
ORD05335,2023-09-08,9,September,36,DMart-Mumbai-1,Mumbai,Beverages,Shampoo,4,298,0.03,1156.24,232.17,Card
ORD05336,2023-09-16,9,September,37,DMart-Nagpur-3,Nagpur,Household,Eggs,3,145,0.28,313.2,91.73,UPI
ORD05337,2023-07-08,7,July,27,DMart-Nagpur-3,Nagpur,Beverages,Shampoo,2,450,0.21,711.0,161.98,Card
ORD05338,2023-10-17,10,October,42,DMart-Thane-1,Thane,Household,Tissue,5,83,0.05,394.25,40.62,Wallet
ORD05339,2023-07-10,7,July,28,DMart-Thane-1,Thane,Household,Water,2,120,0.11,213.6,49.74,Wallet
ORD05340,2023-03-14,3,March,11,DMart-Nagpur-3,Nagpur,Personal Care,Tea,2,372,0.04,714.24,105.71,UPI
ORD05341,2023-02-12,2,February,6,DMart-Nagpur-3,Nagpur,Personal Care,Bread,2,194,0.28,279.36,42.15,UPI
ORD05342,2023-11-10,11,November,45,DMart-Thane-3,Thane,Beverages,Biscuits,4,345,0.26,1021.2,216.7,Cash
ORD05343,2023-03-24,3,March,12,DMart-Mumbai-2,Mumbai,Household,Milk,1,29,0.27,21.17,4.04,Cash
ORD05344,2023-08-04,8,August,31,DMart-Mumbai-3,Mumbai,Household,Milk,3,171,0.27,374.49,105.92,Wallet
ORD05345,2023-12-05,12,December,49,DMart-Pune-1,Pune,Beverages,Toothpaste,2,252,0.24,383.04,66.25,Card
ORD05346,2023-02-18,2,February,7,DMart-Mumbai-3,Mumbai,Dairy,Toothpaste,1,338,0.0,338.0,84.03,UPI
ORD05347,2023-12-25,12,December,52,DMart-Thane-1,Thane,Household,Oil,4,240,0.3,672.0,130.19,Cash
ORD05348,2023-08-06,8,August,31,DMart-Thane-2,Thane,Personal Care,Juice,3,401,0.15,1022.55,200.84,UPI
ORD05349,2023-01-27,1,January,4,DMart-Pune-1,Pune,Groceries,Oil,1,358,0.09,325.78,32.68,Card
ORD05350,2023-05-07,5,May,18,DMart-Thane-2,Thane,Household,Tea,4,108,0.0,432.0,111.66,Wallet
ORD05351,2023-08-29,8,August,35,DMart-Nashik-2,Nashik,Household,Coffee,3,405,0.2,972.0,140.3,Card
ORD05352,2023-03-14,3,March,11,DMart-Mumbai-3,Mumbai,Beverages,Milk,5,128,0.07,595.2,171.56,UPI
ORD05353,2023-05-16,5,May,20,DMart-Mumbai-3,Mumbai,Beverages,Milk,4,473,0.15,1608.2,305.88,Wallet
ORD05354,2023-08-22,8,August,34,DMart-Mumbai-2,Mumbai,Beverages,Shampoo,3,248,0.01,736.56,97.94,Card
ORD05355,2023-04-06,4,April,14,DMart-Mumbai-1,Mumbai,Groceries,Sugar,3,499,0.16,1257.48,203.46,UPI
ORD05356,2023-12-31,12,December,52,DMart-Thane-3,Thane,Dairy,Water,2,291,0.18,477.24,126.67,Wallet
ORD05357,2023-10-05,10,October,40,DMart-Thane-2,Thane,Beverages,Detergent,1,110,0.24,83.6,20.87,Card
ORD05358,2023-08-25,8,August,34,DMart-Nagpur-3,Nagpur,Household,Chips,5,415,0.07,1929.75,335.2,Card
ORD05359,2023-08-17,8,August,33,DMart-Thane-3,Thane,Groceries,Coffee,4,470,0.18,1541.6,370.47,UPI
ORD05360,2023-12-16,12,December,50,DMart-Mumbai-1,Mumbai,Household,Bread,2,194,0.04,372.48,85.31,UPI
ORD05361,2023-06-12,6,June,24,DMart-Thane-2,Thane,Personal Care,Toothpaste,4,61,0.22,190.32,44.35,Wallet
ORD05362,2023-10-31,10,October,44,DMart-Thane-2,Thane,Personal Care,Toothpaste,4,402,0.2,1286.4,245.0,Cash
ORD05363,2023-09-24,9,September,38,DMart-Nashik-2,Nashik,Personal Care,Detergent,4,130,0.23,400.4,113.67,UPI
ORD05364,2023-10-21,10,October,42,DMart-Nashik-1,Nashik,Household,Chips,3,387,0.24,882.36,200.69,UPI
ORD05365,2023-12-27,12,December,52,DMart-Mumbai-3,Mumbai,Groceries,Sugar,5,384,0.1,1728.0,431.42,UPI
ORD05366,2023-11-20,11,November,47,DMart-Nagpur-2,Nagpur,Groceries,Chips,5,64,0.08,294.4,56.56,Wallet
ORD05367,2023-10-20,10,October,42,DMart-Thane-1,Thane,Dairy,Juice,2,225,0.16,378.0,106.99,Wallet
ORD05368,2023-06-30,6,June,26,DMart-Mumbai-2,Mumbai,Household,Toothpaste,4,338,0.21,1068.08,206.09,Wallet
ORD05369,2023-10-11,10,October,41,DMart-Mumbai-2,Mumbai,Dairy,Milk,1,30,0.17,24.9,6.07,Cash
ORD05370,2023-01-16,1,January,3,DMart-Nagpur-1,Nagpur,Beverages,Oil,5,111,0.26,410.7,74.57,Cash
ORD05371,2023-07-22,7,July,29,DMart-Pune-3,Pune,Beverages,Bread,3,63,0.15,160.65,26.45,Cash
ORD05372,2023-05-10,5,May,19,DMart-Thane-3,Thane,Household,Wheat,4,378,0.14,1300.32,155.56,Cash
ORD05373,2023-12-06,12,December,49,DMart-Nagpur-3,Nagpur,Groceries,Detergent,3,20,0.2,48.0,13.82,Wallet
ORD05374,2023-04-04,4,April,14,DMart-Nashik-3,Nashik,Dairy,Shampoo,2,357,0.15,606.9,164.81,Card
ORD05375,2023-12-21,12,December,51,DMart-Nagpur-3,Nagpur,Personal Care,Water,2,198,0.19,320.76,51.16,UPI
ORD05376,2023-01-23,1,January,4,DMart-Thane-3,Thane,Groceries,Biscuits,1,253,0.18,207.46,40.03,Card
ORD05377,2023-02-02,2,February,5,DMart-Pune-1,Pune,Dairy,Bread,3,462,0.06,1302.84,328.02,Card
ORD05378,2023-04-29,4,April,17,DMart-Nagpur-2,Nagpur,Personal Care,Juice,4,211,0.21,666.76,131.23,UPI
ORD05379,2023-05-09,5,May,19,DMart-Pune-3,Pune,Personal Care,Milk,3,429,0.17,1068.21,289.32,Cash
ORD05380,2023-04-16,4,April,15,DMart-Pune-2,Pune,Groceries,Sugar,5,173,0.14,743.9,163.55,Cash
ORD05381,2023-08-29,8,August,35,DMart-Nashik-1,Nashik,Groceries,Coffee,2,342,0.27,499.32,100.86,Wallet
ORD05382,2023-02-13,2,February,7,DMart-Thane-3,Thane,Personal Care,Wheat,3,451,0.12,1190.64,212.66,Wallet
ORD05383,2023-11-06,11,November,45,DMart-Nashik-3,Nashik,Beverages,Coffee,2,262,0.25,393.0,105.69,Cash
ORD05384,2023-08-24,8,August,34,DMart-Nagpur-3,Nagpur,Dairy,Oil,2,168,0.11,299.04,53.23,UPI
ORD05385,2023-01-26,1,January,4,DMart-Nashik-2,Nashik,Dairy,Eggs,2,198,0.12,348.48,99.68,Card
ORD05386,2023-03-15,3,March,11,DMart-Nagpur-1,Nagpur,Beverages,Biscuits,4,292,0.23,899.36,222.31,Wallet
ORD05387,2023-04-16,4,April,15,DMart-Mumbai-1,Mumbai,Groceries,Chips,5,262,0.24,995.6,118.2,Wallet
ORD05388,2023-04-01,4,April,13,DMart-Nashik-2,Nashik,Dairy,Detergent,5,354,0.09,1610.7,422.55,Wallet
ORD05389,2023-05-18,5,May,20,DMart-Thane-3,Thane,Groceries,Juice,4,113,0.02,442.96,67.36,UPI
ORD05390,2023-12-03,12,December,48,DMart-Nashik-3,Nashik,Dairy,Water,5,74,0.12,325.6,44.02,Wallet
ORD05391,2023-06-20,6,June,25,DMart-Mumbai-1,Mumbai,Beverages,Water,2,150,0.18,246.0,67.28,Card
ORD05392,2023-02-02,2,February,5,DMart-Mumbai-1,Mumbai,Personal Care,Chips,4,475,0.06,1786.0,535.38,Wallet
ORD05393,2023-04-13,4,April,15,DMart-Pune-3,Pune,Dairy,Water,1,384,0.25,288.0,85.86,Cash
ORD05394,2023-07-19,7,July,29,DMart-Nashik-1,Nashik,Groceries,Shampoo,5,248,0.14,1066.4,292.22,Cash
ORD05395,2023-06-03,6,June,22,DMart-Nashik-1,Nashik,Groceries,Detergent,2,66,0.23,101.64,23.46,UPI
ORD05396,2023-12-19,12,December,51,DMart-Nagpur-2,Nagpur,Dairy,Coffee,4,329,0.11,1171.24,335.21,UPI
ORD05397,2023-11-01,11,November,44,DMart-Nagpur-2,Nagpur,Household,Chips,5,403,0.12,1773.2,333.6,Cash
ORD05398,2023-06-21,6,June,25,DMart-Mumbai-1,Mumbai,Beverages,Biscuits,5,284,0.18,1164.4,282.77,Wallet
ORD05399,2023-02-15,2,February,7,DMart-Thane-1,Thane,Household,Bread,5,491,0.12,2160.4,479.17,Cash
ORD05400,2023-06-16,6,June,24,DMart-Mumbai-3,Mumbai,Household,Toothpaste,4,113,0.0,452.0,49.69,UPI
ORD05401,2023-04-22,4,April,16,DMart-Nagpur-2,Nagpur,Dairy,Oil,4,85,0.16,285.6,61.23,Card
ORD05402,2023-08-04,8,August,31,DMart-Nashik-2,Nashik,Dairy,Rice,2,52,0.13,90.48,22.76,Card
ORD05403,2023-02-08,2,February,6,DMart-Thane-1,Thane,Personal Care,Biscuits,1,266,0.22,207.48,26.37,Cash
ORD05404,2023-09-27,9,September,39,DMart-Pune-3,Pune,Dairy,Shampoo,3,378,0.02,1111.32,271.7,Wallet
ORD05405,2023-02-13,2,February,7,DMart-Mumbai-3,Mumbai,Personal Care,Coffee,3,361,0.1,974.7,206.24,UPI
ORD05406,2023-04-23,4,April,16,DMart-Nagpur-3,Nagpur,Beverages,Biscuits,2,472,0.22,736.32,154.16,Wallet
ORD05407,2023-12-09,12,December,49,DMart-Nashik-1,Nashik,Personal Care,Rice,1,119,0.25,89.25,20.83,UPI
ORD05408,2023-10-08,10,October,40,DMart-Mumbai-3,Mumbai,Household,Bread,2,495,0.25,742.5,109.23,Wallet
ORD05409,2023-09-27,9,September,39,DMart-Thane-1,Thane,Groceries,Coffee,2,211,0.11,375.58,97.86,Wallet
ORD05410,2023-06-03,6,June,22,DMart-Thane-3,Thane,Dairy,Coffee,5,230,0.21,908.5,147.14,Wallet
ORD05411,2023-05-17,5,May,20,DMart-Thane-2,Thane,Beverages,Juice,3,366,0.1,988.2,105.51,UPI
ORD05412,2023-09-24,9,September,38,DMart-Nagpur-3,Nagpur,Groceries,Soap,1,408,0.29,289.68,84.87,Card
ORD05413,2023-12-17,12,December,50,DMart-Pune-3,Pune,Household,Wheat,1,299,0.29,212.29,44.15,Wallet
ORD05414,2023-06-08,6,June,23,DMart-Mumbai-1,Mumbai,Groceries,Biscuits,3,402,0.17,1000.98,122.34,Card
ORD05415,2023-09-29,9,September,39,DMart-Nashik-3,Nashik,Groceries,Rice,5,20,0.28,72.0,16.44,Wallet
ORD05416,2023-09-07,9,September,36,DMart-Pune-1,Pune,Beverages,Coffee,4,149,0.13,518.52,60.08,Wallet
ORD05417,2023-09-30,9,September,39,DMart-Thane-2,Thane,Personal Care,Tissue,2,212,0.26,313.76,55.48,Card
ORD05418,2023-07-18,7,July,29,DMart-Nagpur-2,Nagpur,Dairy,Chips,2,499,0.07,928.14,148.57,Wallet
ORD05419,2023-05-22,5,May,21,DMart-Mumbai-3,Mumbai,Dairy,Juice,4,121,0.18,396.88,110.66,UPI
ORD05420,2023-12-21,12,December,51,DMart-Pune-3,Pune,Dairy,Juice,1,277,0.19,224.37,63.94,Cash
ORD05421,2023-04-03,4,April,14,DMart-Nagpur-2,Nagpur,Personal Care,Eggs,2,168,0.17,278.88,77.31,UPI
ORD05422,2023-05-28,5,May,21,DMart-Mumbai-1,Mumbai,Groceries,Chips,2,185,0.03,358.9,78.98,Card
ORD05423,2023-11-21,11,November,47,DMart-Thane-1,Thane,Beverages,Rice,2,262,0.24,398.24,73.01,Wallet
ORD05424,2023-11-25,11,November,47,DMart-Thane-1,Thane,Dairy,Juice,1,324,0.08,298.08,51.0,Wallet
ORD05425,2023-08-19,8,August,33,DMart-Thane-3,Thane,Personal Care,Soap,1,213,0.18,174.66,36.07,Card
ORD05426,2023-10-25,10,October,43,DMart-Nagpur-2,Nagpur,Household,Oil,1,305,0.14,262.3,65.65,UPI
ORD05427,2023-07-19,7,July,29,DMart-Nagpur-3,Nagpur,Beverages,Juice,5,124,0.14,533.2,122.16,Card
ORD05428,2023-09-26,9,September,39,DMart-Nashik-3,Nashik,Beverages,Tea,5,279,0.21,1102.05,260.08,Card
ORD05429,2023-08-20,8,August,33,DMart-Pune-2,Pune,Dairy,Oil,5,77,0.17,319.55,48.13,Card
ORD05430,2023-11-04,11,November,44,DMart-Pune-3,Pune,Groceries,Water,4,490,0.07,1822.8,490.06,UPI
ORD05431,2023-06-23,6,June,25,DMart-Nagpur-2,Nagpur,Beverages,Coffee,4,264,0.15,897.6,139.61,UPI
ORD05432,2023-02-10,2,February,6,DMart-Pune-3,Pune,Dairy,Milk,3,279,0.16,703.08,134.3,Wallet
ORD05433,2023-02-07,2,February,6,DMart-Pune-3,Pune,Household,Sugar,5,407,0.26,1505.9,306.95,Card
ORD05434,2023-09-10,9,September,36,DMart-Thane-2,Thane,Dairy,Tissue,2,84,0.26,124.32,27.22,Cash
ORD05435,2023-01-31,1,January,5,DMart-Mumbai-2,Mumbai,Household,Chips,3,26,0.09,70.98,12.08,Wallet
ORD05436,2023-04-28,4,April,17,DMart-Thane-3,Thane,Beverages,Water,3,301,0.09,821.73,87.5,Cash
ORD05437,2023-10-20,10,October,42,DMart-Nashik-2,Nashik,Beverages,Soap,2,175,0.09,318.5,57.89,Wallet
ORD05438,2023-02-22,2,February,8,DMart-Nashik-3,Nashik,Dairy,Milk,2,332,0.07,617.52,177.57,Cash
ORD05439,2023-07-28,7,July,30,DMart-Nashik-3,Nashik,Dairy,Chips,3,123,0.28,265.68,68.62,Card
ORD05440,2023-11-10,11,November,45,DMart-Thane-1,Thane,Beverages,Coffee,5,497,0.21,1963.15,409.0,Wallet
ORD05441,2023-03-22,3,March,12,DMart-Mumbai-1,Mumbai,Dairy,Detergent,1,393,0.19,318.33,57.51,Wallet
ORD05442,2023-10-14,10,October,41,DMart-Nagpur-3,Nagpur,Beverages,Coffee,4,344,0.16,1155.84,266.22,UPI
ORD05443,2023-12-26,12,December,52,DMart-Nashik-3,Nashik,Dairy,Coffee,4,258,0.07,959.76,105.07,Wallet
ORD05444,2023-08-22,8,August,34,DMart-Nagpur-1,Nagpur,Household,Soap,5,348,0.23,1339.8,200.24,Wallet
ORD05445,2023-07-30,7,July,30,DMart-Pune-3,Pune,Household,Rice,5,275,0.15,1168.75,234.51,Card
ORD05446,2023-01-06,1,January,1,DMart-Thane-3,Thane,Beverages,Wheat,3,162,0.21,383.94,41.95,UPI
ORD05447,2023-11-04,11,November,44,DMart-Nashik-3,Nashik,Dairy,Water,1,332,0.21,262.28,30.51,Wallet
ORD05448,2023-11-10,11,November,45,DMart-Nagpur-2,Nagpur,Dairy,Soap,2,373,0.12,656.48,112.35,UPI
ORD05449,2023-06-26,6,June,26,DMart-Thane-2,Thane,Personal Care,Toothpaste,1,141,0.1,126.9,28.45,Cash
ORD05450,2023-06-29,6,June,26,DMart-Pune-1,Pune,Personal Care,Juice,1,81,0.14,69.66,13.13,Wallet
ORD05451,2023-03-26,3,March,12,DMart-Nashik-1,Nashik,Beverages,Shampoo,1,303,0.22,236.34,65.2,Wallet
ORD05452,2023-12-10,12,December,49,DMart-Pune-3,Pune,Household,Wheat,5,363,0.09,1651.65,167.53,Card
ORD05453,2023-04-13,4,April,15,DMart-Thane-1,Thane,Groceries,Tissue,2,206,0.23,317.24,56.59,Wallet
ORD05454,2023-03-14,3,March,11,DMart-Nashik-1,Nashik,Household,Juice,5,131,0.3,458.5,79.87,Wallet
ORD05455,2023-12-24,12,December,51,DMart-Thane-1,Thane,Beverages,Rice,2,62,0.27,90.52,9.87,Wallet
ORD05456,2023-08-18,8,August,33,DMart-Nagpur-1,Nagpur,Groceries,Bread,2,419,0.17,695.54,84.4,UPI
ORD05457,2023-10-11,10,October,41,DMart-Nagpur-3,Nagpur,Groceries,Tea,2,443,0.15,753.1,205.6,Card
ORD05458,2023-04-25,4,April,17,DMart-Pune-2,Pune,Household,Tea,5,469,0.24,1782.2,233.68,UPI
ORD05459,2023-06-08,6,June,23,DMart-Nashik-2,Nashik,Dairy,Sugar,1,262,0.15,222.7,33.02,Wallet
ORD05460,2023-12-19,12,December,51,DMart-Mumbai-1,Mumbai,Household,Eggs,5,38,0.11,169.1,34.86,Wallet
ORD05461,2023-10-14,10,October,41,DMart-Nagpur-3,Nagpur,Household,Shampoo,4,124,0.24,376.96,108.07,Cash
ORD05462,2023-08-05,8,August,31,DMart-Thane-2,Thane,Dairy,Tea,5,121,0.12,532.4,98.55,Wallet
ORD05463,2023-01-24,1,January,4,DMart-Pune-3,Pune,Personal Care,Water,3,266,0.29,566.58,96.31,Wallet
ORD05464,2023-05-05,5,May,18,DMart-Nashik-1,Nashik,Beverages,Chips,1,71,0.1,63.9,18.45,Wallet
ORD05465,2023-09-04,9,September,36,DMart-Thane-3,Thane,Beverages,Milk,3,26,0.01,77.22,10.48,Cash
ORD05466,2023-01-14,1,January,2,DMart-Pune-1,Pune,Beverages,Tissue,3,432,0.16,1088.64,206.31,Card
ORD05467,2023-09-06,9,September,36,DMart-Mumbai-3,Mumbai,Beverages,Detergent,3,407,0.25,915.75,178.14,Cash
ORD05468,2023-09-27,9,September,39,DMart-Mumbai-2,Mumbai,Dairy,Rice,1,167,0.0,167.0,43.19,Card
ORD05469,2023-01-31,1,January,5,DMart-Mumbai-1,Mumbai,Beverages,Tea,2,316,0.03,613.04,111.09,Cash
ORD05470,2023-08-08,8,August,32,DMart-Nagpur-1,Nagpur,Groceries,Oil,3,195,0.2,468.0,82.59,Cash
ORD05471,2023-04-29,4,April,17,DMart-Pune-3,Pune,Groceries,Toothpaste,3,380,0.14,980.4,228.15,Cash
ORD05472,2023-01-22,1,January,3,DMart-Thane-2,Thane,Beverages,Wheat,5,191,0.09,869.05,92.8,UPI
ORD05473,2023-03-08,3,March,10,DMart-Nashik-3,Nashik,Groceries,Coffee,5,227,0.19,919.35,217.29,Wallet
ORD05474,2023-06-08,6,June,23,DMart-Thane-3,Thane,Household,Toothpaste,3,143,0.13,373.23,85.78,Cash
ORD05475,2023-12-14,12,December,50,DMart-Nagpur-2,Nagpur,Personal Care,Soap,5,128,0.06,601.6,108.7,UPI
ORD05476,2023-03-26,3,March,12,DMart-Nagpur-2,Nagpur,Beverages,Toothpaste,5,186,0.29,660.3,164.26,Cash
ORD05477,2023-09-26,9,September,39,DMart-Pune-2,Pune,Dairy,Soap,1,198,0.25,148.5,37.52,UPI
ORD05478,2023-05-14,5,May,19,DMart-Thane-2,Thane,Household,Shampoo,4,342,0.12,1203.84,289.49,Cash
ORD05479,2023-01-21,1,January,3,DMart-Thane-3,Thane,Beverages,Wheat,2,202,0.18,331.28,93.23,Cash
ORD05480,2023-05-20,5,May,20,DMart-Nashik-2,Nashik,Household,Tissue,4,429,0.15,1458.6,330.22,Card
ORD05481,2023-02-23,2,February,8,DMart-Nagpur-2,Nagpur,Groceries,Toothpaste,5,371,0.12,1632.4,198.99,Cash
ORD05482,2023-10-17,10,October,42,DMart-Thane-1,Thane,Personal Care,Detergent,1,127,0.15,107.95,28.6,Cash
ORD05483,2023-07-23,7,July,29,DMart-Mumbai-1,Mumbai,Household,Juice,5,486,0.03,2357.1,340.78,UPI
ORD05484,2023-11-17,11,November,46,DMart-Nagpur-3,Nagpur,Beverages,Tissue,5,214,0.03,1037.9,244.81,Cash
ORD05485,2023-07-06,7,July,27,DMart-Nagpur-1,Nagpur,Groceries,Wheat,3,215,0.1,580.5,88.36,Wallet
ORD05486,2023-03-20,3,March,12,DMart-Pune-1,Pune,Personal Care,Biscuits,1,138,0.04,132.48,36.2,Wallet
ORD05487,2023-02-25,2,February,8,DMart-Mumbai-3,Mumbai,Personal Care,Milk,5,226,0.16,949.2,180.81,UPI
ORD05488,2023-10-27,10,October,43,DMart-Pune-2,Pune,Personal Care,Biscuits,5,425,0.3,1487.5,240.7,Card
ORD05489,2023-01-20,1,January,3,DMart-Nashik-1,Nashik,Groceries,Tissue,5,343,0.2,1372.0,275.94,Wallet
ORD05490,2023-03-03,3,March,9,DMart-Nashik-1,Nashik,Dairy,Tea,2,353,0.02,691.88,174.14,Wallet
ORD05491,2023-02-18,2,February,7,DMart-Nashik-2,Nashik,Groceries,Juice,3,477,0.05,1359.45,239.98,Cash
ORD05492,2023-05-16,5,May,20,DMart-Pune-2,Pune,Personal Care,Shampoo,4,64,0.1,230.4,24.74,Card
ORD05493,2023-02-23,2,February,8,DMart-Thane-2,Thane,Dairy,Biscuits,3,240,0.09,655.2,192.44,UPI
ORD05494,2023-11-03,11,November,44,DMart-Thane-2,Thane,Household,Juice,3,166,0.08,458.16,53.72,Cash
ORD05495,2023-04-23,4,April,16,DMart-Nashik-2,Nashik,Household,Tea,3,42,0.19,102.06,20.53,Wallet
ORD05496,2023-03-11,3,March,10,DMart-Pune-1,Pune,Household,Rice,5,116,0.25,435.0,60.23,Wallet
ORD05497,2023-06-16,6,June,24,DMart-Nagpur-1,Nagpur,Beverages,Bread,2,480,0.26,710.4,138.56,Cash
ORD05498,2023-12-27,12,December,52,DMart-Nashik-2,Nashik,Beverages,Coffee,1,357,0.09,324.87,60.85,Card
ORD05499,2023-01-02,1,January,1,DMart-Pune-2,Pune,Personal Care,Bread,1,375,0.06,352.5,60.09,UPI
ORD05500,2023-06-16,6,June,24,DMart-Nashik-2,Nashik,Beverages,Biscuits,1,217,0.17,180.11,25.12,Wallet
ORD05501,2023-03-20,3,March,12,DMart-Thane-3,Thane,Dairy,Sugar,3,293,0.3,615.3,76.65,Card
ORD05502,2023-06-26,6,June,26,DMart-Nashik-2,Nashik,Groceries,Sugar,3,314,0.08,866.64,247.81,Card
ORD05503,2023-03-14,3,March,11,DMart-Nagpur-3,Nagpur,Beverages,Coffee,3,23,0.12,60.72,17.03,Cash
ORD05504,2023-09-19,9,September,38,DMart-Mumbai-3,Mumbai,Household,Shampoo,2,492,0.22,767.52,78.79,Wallet
ORD05505,2023-02-06,2,February,6,DMart-Thane-2,Thane,Personal Care,Milk,2,116,0.09,211.12,22.49,UPI
ORD05506,2023-12-03,12,December,48,DMart-Mumbai-3,Mumbai,Personal Care,Eggs,1,291,0.23,224.07,57.5,Wallet
ORD05507,2023-08-29,8,August,35,DMart-Mumbai-3,Mumbai,Personal Care,Bread,2,146,0.04,280.32,77.28,Wallet
ORD05508,2023-08-17,8,August,33,DMart-Nashik-3,Nashik,Personal Care,Juice,4,169,0.28,486.72,108.48,Cash
ORD05509,2023-10-25,10,October,43,DMart-Nashik-1,Nashik,Personal Care,Toothpaste,4,295,0.2,944.0,227.77,Card
ORD05510,2023-10-26,10,October,43,DMart-Nashik-1,Nashik,Household,Milk,3,168,0.19,408.24,90.68,Cash
ORD05511,2023-04-14,4,April,15,DMart-Nashik-2,Nashik,Personal Care,Juice,4,197,0.05,748.6,222.81,Wallet
ORD05512,2023-07-29,7,July,30,DMart-Nashik-3,Nashik,Beverages,Detergent,5,383,0.3,1340.5,369.08,Card
ORD05513,2023-04-28,4,April,17,DMart-Nashik-1,Nashik,Personal Care,Water,4,479,0.2,1532.8,306.99,UPI
ORD05514,2023-01-17,1,January,3,DMart-Nashik-1,Nashik,Groceries,Eggs,1,223,0.28,160.56,38.96,UPI
ORD05515,2023-02-24,2,February,8,DMart-Mumbai-1,Mumbai,Personal Care,Coffee,1,325,0.1,292.5,43.48,UPI
ORD05516,2023-10-11,10,October,41,DMart-Nashik-1,Nashik,Dairy,Tissue,2,116,0.03,225.04,51.95,Cash
ORD05517,2023-09-20,9,September,38,DMart-Mumbai-1,Mumbai,Groceries,Rice,4,223,0.08,820.64,170.78,UPI
ORD05518,2023-05-08,5,May,19,DMart-Thane-1,Thane,Dairy,Juice,1,295,0.27,215.35,26.67,UPI
ORD05519,2023-09-14,9,September,37,DMart-Mumbai-2,Mumbai,Household,Detergent,3,349,0.3,732.9,101.72,Card
ORD05520,2023-05-22,5,May,21,DMart-Nagpur-2,Nagpur,Household,Soap,5,267,0.29,947.85,112.65,UPI
ORD05521,2023-05-14,5,May,19,DMart-Nashik-1,Nashik,Beverages,Sugar,1,316,0.0,316.0,74.18,Wallet
ORD05522,2023-01-07,1,January,1,DMart-Pune-3,Pune,Personal Care,Detergent,2,453,0.07,842.58,204.87,Cash
ORD05523,2023-05-29,5,May,22,DMart-Mumbai-3,Mumbai,Groceries,Water,4,92,0.29,261.28,77.8,UPI
ORD05524,2023-06-09,6,June,23,DMart-Nashik-3,Nashik,Household,Coffee,5,347,0.04,1665.6,214.73,Card
ORD05525,2023-02-23,2,February,8,DMart-Nashik-1,Nashik,Dairy,Tissue,4,464,0.3,1299.2,296.54,UPI
ORD05526,2023-06-22,6,June,25,DMart-Mumbai-1,Mumbai,Personal Care,Wheat,1,84,0.01,83.16,17.12,Cash
ORD05527,2023-06-15,6,June,24,DMart-Mumbai-1,Mumbai,Household,Coffee,5,475,0.15,2018.75,574.63,Wallet
ORD05528,2023-03-11,3,March,10,DMart-Pune-3,Pune,Groceries,Detergent,5,39,0.19,157.95,30.88,UPI
ORD05529,2023-08-05,8,August,31,DMart-Pune-1,Pune,Personal Care,Detergent,3,234,0.01,694.98,205.8,Wallet
ORD05530,2023-10-10,10,October,41,DMart-Nagpur-2,Nagpur,Personal Care,Sugar,2,305,0.03,591.7,93.6,UPI
ORD05531,2023-08-30,8,August,35,DMart-Nashik-1,Nashik,Groceries,Eggs,4,289,0.02,1132.88,322.54,UPI
ORD05532,2023-10-24,10,October,43,DMart-Mumbai-3,Mumbai,Dairy,Rice,1,336,0.19,272.16,75.86,Cash
ORD05533,2023-01-27,1,January,4,DMart-Mumbai-1,Mumbai,Personal Care,Chips,4,110,0.25,330.0,35.61,UPI
ORD05534,2023-11-30,11,November,48,DMart-Thane-2,Thane,Personal Care,Toothpaste,5,166,0.26,614.2,101.51,Wallet
ORD05535,2023-11-16,11,November,46,DMart-Pune-1,Pune,Household,Detergent,5,451,0.19,1826.55,245.41,UPI
ORD05536,2023-08-25,8,August,34,DMart-Thane-1,Thane,Household,Soap,3,80,0.3,168.0,22.65,UPI
ORD05537,2023-03-30,3,March,13,DMart-Pune-2,Pune,Household,Milk,2,252,0.3,352.8,89.67,Cash
ORD05538,2023-02-27,2,February,9,DMart-Nashik-2,Nashik,Household,Toothpaste,2,363,0.17,602.58,142.68,Card
ORD05539,2023-09-08,9,September,36,DMart-Nashik-1,Nashik,Beverages,Biscuits,1,140,0.16,117.6,24.39,Card
ORD05540,2023-07-04,7,July,27,DMart-Thane-2,Thane,Personal Care,Shampoo,1,299,0.01,296.01,57.75,UPI
ORD05541,2023-05-19,5,May,20,DMart-Pune-1,Pune,Dairy,Juice,4,224,0.19,725.76,193.9,Wallet
ORD05542,2023-06-29,6,June,26,DMart-Pune-3,Pune,Beverages,Biscuits,1,351,0.08,322.92,86.0,UPI
ORD05543,2023-10-04,10,October,40,DMart-Thane-3,Thane,Beverages,Coffee,1,39,0.27,28.47,7.07,Wallet
ORD05544,2023-01-17,1,January,3,DMart-Thane-2,Thane,Dairy,Wheat,4,79,0.25,237.0,30.56,Cash
ORD05545,2023-04-27,4,April,17,DMart-Pune-1,Pune,Household,Biscuits,5,381,0.0,1905.0,298.23,UPI
ORD05546,2023-02-26,2,February,8,DMart-Mumbai-1,Mumbai,Personal Care,Biscuits,4,317,0.08,1166.56,120.95,Cash
ORD05547,2023-06-09,6,June,23,DMart-Nashik-3,Nashik,Groceries,Water,5,66,0.21,260.7,36.49,UPI
ORD05548,2023-06-17,6,June,24,DMart-Nashik-1,Nashik,Groceries,Bread,4,454,0.05,1725.2,512.8,Wallet
ORD05549,2023-01-28,1,January,4,DMart-Nagpur-1,Nagpur,Groceries,Eggs,3,218,0.04,627.84,158.28,UPI
ORD05550,2023-04-29,4,April,17,DMart-Mumbai-3,Mumbai,Personal Care,Oil,3,68,0.01,201.96,56.72,UPI
ORD05551,2023-02-23,2,February,8,DMart-Thane-1,Thane,Groceries,Rice,1,263,0.22,205.14,38.93,Card
ORD05552,2023-06-12,6,June,24,DMart-Thane-2,Thane,Beverages,Tea,3,43,0.24,98.04,11.96,Card
ORD05553,2023-01-15,1,January,2,DMart-Nashik-1,Nashik,Groceries,Tissue,1,326,0.0,326.0,87.47,Card
ORD05554,2023-07-31,7,July,31,DMart-Pune-1,Pune,Dairy,Tea,3,346,0.05,986.1,256.89,Card
ORD05555,2023-11-03,11,November,44,DMart-Pune-2,Pune,Groceries,Biscuits,4,261,0.07,970.92,167.29,Cash
ORD05556,2023-05-03,5,May,18,DMart-Nagpur-3,Nagpur,Dairy,Rice,2,380,0.25,570.0,162.84,Wallet
ORD05557,2023-09-03,9,September,35,DMart-Mumbai-1,Mumbai,Groceries,Oil,4,223,0.1,802.8,199.49,UPI
ORD05558,2023-05-31,5,May,22,DMart-Mumbai-2,Mumbai,Dairy,Bread,4,207,0.14,712.08,134.41,Card
ORD05559,2023-10-24,10,October,43,DMart-Mumbai-3,Mumbai,Beverages,Wheat,1,261,0.15,221.85,37.14,UPI
ORD05560,2023-09-11,9,September,37,DMart-Nagpur-2,Nagpur,Beverages,Coffee,4,103,0.03,399.64,65.21,Cash
ORD05561,2023-07-25,7,July,30,DMart-Mumbai-2,Mumbai,Dairy,Tissue,4,70,0.03,271.6,44.39,Cash
ORD05562,2023-02-04,2,February,5,DMart-Thane-3,Thane,Dairy,Shampoo,3,390,0.03,1134.9,149.17,Card
ORD05563,2023-07-06,7,July,27,DMart-Nashik-3,Nashik,Personal Care,Toothpaste,2,245,0.02,480.2,135.93,UPI
ORD05564,2023-08-16,8,August,33,DMart-Nashik-3,Nashik,Personal Care,Sugar,3,478,0.02,1405.32,301.68,Cash
ORD05565,2023-12-16,12,December,50,DMart-Pune-3,Pune,Personal Care,Juice,3,325,0.09,887.25,249.26,Cash
ORD05566,2023-10-05,10,October,40,DMart-Nashik-3,Nashik,Personal Care,Biscuits,1,399,0.06,375.06,56.57,Cash
ORD05567,2023-11-29,11,November,48,DMart-Mumbai-2,Mumbai,Personal Care,Sugar,1,226,0.14,194.36,20.56,UPI
ORD05568,2023-11-29,11,November,48,DMart-Pune-1,Pune,Groceries,Wheat,2,73,0.14,125.56,17.91,Cash
ORD05569,2023-12-07,12,December,49,DMart-Pune-3,Pune,Groceries,Detergent,2,252,0.0,504.0,144.9,Wallet
ORD05570,2023-10-28,10,October,43,DMart-Mumbai-2,Mumbai,Beverages,Water,4,449,0.08,1652.32,169.27,Cash
ORD05571,2023-12-07,12,December,49,DMart-Mumbai-1,Mumbai,Beverages,Chips,2,458,0.24,696.16,125.14,Wallet
ORD05572,2023-10-11,10,October,41,DMart-Pune-1,Pune,Beverages,Milk,1,58,0.13,50.46,13.83,Card
ORD05573,2023-12-19,12,December,51,DMart-Nashik-3,Nashik,Beverages,Bread,1,358,0.26,264.92,32.96,Wallet
ORD05574,2023-06-12,6,June,24,DMart-Nagpur-3,Nagpur,Personal Care,Toothpaste,2,243,0.08,447.12,126.05,UPI
ORD05575,2023-03-06,3,March,10,DMart-Pune-2,Pune,Groceries,Soap,4,349,0.28,1005.12,300.09,UPI
ORD05576,2023-02-07,2,February,6,DMart-Pune-1,Pune,Personal Care,Sugar,5,491,0.08,2258.6,406.7,Card
ORD05577,2023-02-20,2,February,8,DMart-Nagpur-1,Nagpur,Household,Chips,2,96,0.08,176.64,50.14,Wallet
ORD05578,2023-06-13,6,June,24,DMart-Pune-3,Pune,Groceries,Milk,4,452,0.09,1645.28,304.27,UPI
ORD05579,2023-04-30,4,April,17,DMart-Mumbai-1,Mumbai,Personal Care,Oil,3,405,0.18,996.3,257.55,Wallet
ORD05580,2023-01-18,1,January,3,DMart-Nagpur-2,Nagpur,Beverages,Chips,1,72,0.22,56.16,15.52,Cash
ORD05581,2023-04-25,4,April,17,DMart-Thane-2,Thane,Personal Care,Toothpaste,2,400,0.2,640.0,77.46,Cash
ORD05582,2023-09-12,9,September,37,DMart-Nagpur-1,Nagpur,Household,Tissue,1,454,0.2,363.2,71.44,Card
ORD05583,2023-08-20,8,August,33,DMart-Pune-1,Pune,Groceries,Water,5,77,0.25,288.75,73.11,Cash
ORD05584,2023-05-21,5,May,20,DMart-Pune-2,Pune,Beverages,Oil,3,344,0.2,825.6,129.37,Wallet
ORD05585,2023-05-04,5,May,18,DMart-Nashik-2,Nashik,Beverages,Soap,2,379,0.11,674.62,200.46,Wallet
ORD05586,2023-05-08,5,May,19,DMart-Nagpur-3,Nagpur,Household,Juice,1,264,0.03,256.08,59.66,Card
ORD05587,2023-03-21,3,March,12,DMart-Mumbai-1,Mumbai,Dairy,Biscuits,4,59,0.25,177.0,48.24,Card
ORD05588,2023-01-03,1,January,1,DMart-Nagpur-3,Nagpur,Personal Care,Eggs,1,29,0.29,20.59,5.14,Card
ORD05589,2023-11-15,11,November,46,DMart-Thane-3,Thane,Household,Water,4,313,0.08,1151.84,263.6,Card
ORD05590,2023-03-28,3,March,13,DMart-Nagpur-2,Nagpur,Beverages,Rice,3,390,0.01,1158.3,254.59,UPI
ORD05591,2023-09-15,9,September,37,DMart-Nagpur-1,Nagpur,Household,Sugar,4,156,0.23,480.48,62.78,Cash
ORD05592,2023-07-23,7,July,29,DMart-Thane-2,Thane,Household,Eggs,2,330,0.09,600.6,69.31,Cash
ORD05593,2023-02-16,2,February,7,DMart-Nagpur-3,Nagpur,Beverages,Biscuits,4,38,0.05,144.4,35.8,Cash
ORD05594,2023-09-19,9,September,38,DMart-Nashik-1,Nashik,Groceries,Tissue,5,221,0.25,828.75,116.25,Cash
ORD05595,2023-03-18,3,March,11,DMart-Nashik-3,Nashik,Personal Care,Oil,5,499,0.1,2245.5,495.21,UPI
ORD05596,2023-03-24,3,March,12,DMart-Nagpur-2,Nagpur,Dairy,Eggs,2,61,0.1,109.8,19.55,UPI
ORD05597,2023-06-27,6,June,26,DMart-Nagpur-1,Nagpur,Dairy,Rice,3,285,0.3,598.5,150.42,Cash
ORD05598,2023-08-06,8,August,31,DMart-Mumbai-2,Mumbai,Personal Care,Bread,1,378,0.3,264.6,77.52,UPI
ORD05599,2023-05-23,5,May,21,DMart-Pune-3,Pune,Personal Care,Bread,4,354,0.06,1331.04,171.43,Wallet
ORD05600,2023-04-30,4,April,17,DMart-Thane-3,Thane,Beverages,Coffee,1,112,0.21,88.48,24.7,UPI
ORD05601,2023-01-07,1,January,1,DMart-Nagpur-2,Nagpur,Dairy,Shampoo,4,37,0.19,119.88,17.71,Card
ORD05602,2023-02-27,2,February,9,DMart-Pune-2,Pune,Household,Biscuits,1,253,0.19,204.93,49.55,UPI
ORD05603,2023-06-25,6,June,25,DMart-Nashik-1,Nashik,Beverages,Wheat,2,310,0.21,489.8,142.95,Card
ORD05604,2023-04-26,4,April,17,DMart-Thane-2,Thane,Household,Rice,3,206,0.22,482.04,130.0,Wallet
ORD05605,2023-09-11,9,September,37,DMart-Thane-1,Thane,Personal Care,Soap,2,171,0.15,290.7,41.33,Card
ORD05606,2023-08-21,8,August,34,DMart-Nashik-1,Nashik,Dairy,Milk,1,286,0.13,248.82,72.7,Cash
ORD05607,2023-03-07,3,March,10,DMart-Nashik-3,Nashik,Groceries,Milk,3,142,0.03,413.22,49.75,Cash
ORD05608,2023-05-03,5,May,18,DMart-Pune-3,Pune,Groceries,Eggs,1,74,0.15,62.9,10.42,Cash
ORD05609,2023-04-02,4,April,13,DMart-Nashik-1,Nashik,Personal Care,Shampoo,3,315,0.3,661.5,135.64,Card
ORD05610,2023-12-31,12,December,52,DMart-Mumbai-3,Mumbai,Dairy,Oil,2,128,0.26,189.44,46.58,UPI
ORD05611,2023-03-29,3,March,13,DMart-Nashik-3,Nashik,Household,Wheat,2,267,0.16,448.56,112.37,Wallet
ORD05612,2023-01-31,1,January,5,DMart-Nagpur-3,Nagpur,Dairy,Toothpaste,1,319,0.07,296.67,58.15,Card
ORD05613,2023-10-15,10,October,41,DMart-Pune-1,Pune,Household,Tea,4,125,0.19,405.0,54.23,Cash
ORD05614,2023-08-06,8,August,31,DMart-Mumbai-1,Mumbai,Dairy,Tissue,4,91,0.2,291.2,32.27,UPI
ORD05615,2023-08-17,8,August,33,DMart-Nagpur-2,Nagpur,Beverages,Sugar,5,74,0.07,344.1,39.54,Card
ORD05616,2023-05-19,5,May,20,DMart-Nagpur-2,Nagpur,Household,Tissue,2,422,0.17,700.52,70.49,Card
ORD05617,2023-11-29,11,November,48,DMart-Pune-1,Pune,Dairy,Tea,1,298,0.03,289.06,41.82,Wallet
ORD05618,2023-02-01,2,February,5,DMart-Pune-3,Pune,Household,Shampoo,4,156,0.05,592.8,95.58,Card
ORD05619,2023-06-07,6,June,23,DMart-Mumbai-1,Mumbai,Personal Care,Rice,4,458,0.28,1319.04,391.41,Card
ORD05620,2023-04-30,4,April,17,DMart-Pune-1,Pune,Beverages,Biscuits,5,352,0.16,1478.4,186.33,Card
ORD05621,2023-10-10,10,October,41,DMart-Nashik-1,Nashik,Groceries,Oil,5,418,0.0,2090.0,488.12,UPI
ORD05622,2023-10-17,10,October,42,DMart-Thane-3,Thane,Household,Soap,1,184,0.25,138.0,39.48,Card
ORD05623,2023-09-09,9,September,36,DMart-Nagpur-2,Nagpur,Household,Coffee,2,303,0.3,424.2,71.32,Card
ORD05624,2023-04-23,4,April,16,DMart-Pune-3,Pune,Groceries,Tea,4,210,0.24,638.4,101.48,UPI
ORD05625,2023-04-21,4,April,16,DMart-Thane-2,Thane,Personal Care,Wheat,1,415,0.12,365.2,66.54,Wallet
ORD05626,2023-02-01,2,February,5,DMart-Nashik-1,Nashik,Dairy,Water,2,411,0.02,805.56,96.65,Cash
ORD05627,2023-08-09,8,August,32,DMart-Mumbai-1,Mumbai,Groceries,Sugar,3,322,0.1,869.4,216.23,UPI
ORD05628,2023-09-08,9,September,36,DMart-Pune-1,Pune,Groceries,Eggs,2,450,0.08,828.0,196.27,Wallet
ORD05629,2023-09-10,9,September,36,DMart-Thane-2,Thane,Personal Care,Sugar,2,24,0.15,40.8,8.75,UPI
ORD05630,2023-01-15,1,January,2,DMart-Mumbai-1,Mumbai,Groceries,Juice,5,435,0.18,1783.5,227.26,Cash
ORD05631,2023-05-27,5,May,21,DMart-Mumbai-2,Mumbai,Household,Biscuits,1,86,0.15,73.1,9.41,Wallet
ORD05632,2023-04-04,4,April,14,DMart-Nagpur-3,Nagpur,Personal Care,Shampoo,3,374,0.04,1077.12,172.03,Card
ORD05633,2023-09-02,9,September,35,DMart-Pune-3,Pune,Dairy,Soap,3,204,0.01,605.88,153.62,UPI
ORD05634,2023-10-22,10,October,42,DMart-Nagpur-2,Nagpur,Beverages,Rice,2,386,0.12,679.36,177.59,Cash
ORD05635,2023-03-08,3,March,10,DMart-Nagpur-3,Nagpur,Personal Care,Rice,1,101,0.19,81.81,13.84,Cash
ORD05636,2023-04-30,4,April,17,DMart-Nashik-1,Nashik,Beverages,Chips,5,25,0.03,121.25,25.91,Wallet
ORD05637,2023-10-04,10,October,40,DMart-Nagpur-2,Nagpur,Beverages,Shampoo,4,184,0.1,662.4,192.29,Cash
ORD05638,2023-08-17,8,August,33,DMart-Nashik-3,Nashik,Beverages,Shampoo,1,114,0.1,102.6,15.6,Card
ORD05639,2023-02-13,2,February,7,DMart-Mumbai-1,Mumbai,Beverages,Biscuits,4,234,0.25,702.0,208.77,UPI
ORD05640,2023-01-25,1,January,4,DMart-Thane-3,Thane,Personal Care,Oil,4,350,0.25,1050.0,171.35,UPI
ORD05641,2023-01-19,1,January,3,DMart-Pune-2,Pune,Groceries,Rice,3,134,0.27,293.46,66.19,Cash
ORD05642,2023-06-28,6,June,26,DMart-Nashik-2,Nashik,Groceries,Tissue,4,218,0.0,872.0,186.77,Card
ORD05643,2023-05-20,5,May,20,DMart-Mumbai-1,Mumbai,Beverages,Juice,5,178,0.08,818.8,82.79,Cash
ORD05644,2023-01-21,1,January,3,DMart-Nashik-2,Nashik,Groceries,Toothpaste,3,31,0.22,72.54,13.24,Card
ORD05645,2023-05-09,5,May,19,DMart-Nagpur-3,Nagpur,Personal Care,Tea,2,290,0.09,527.8,130.03,Wallet
ORD05646,2023-06-29,6,June,26,DMart-Nagpur-3,Nagpur,Beverages,Bread,1,228,0.09,207.48,61.98,UPI
ORD05647,2023-05-25,5,May,21,DMart-Mumbai-2,Mumbai,Personal Care,Water,3,88,0.14,227.04,41.87,UPI
ORD05648,2023-09-29,9,September,39,DMart-Nagpur-3,Nagpur,Personal Care,Wheat,3,328,0.23,757.68,87.76,Cash
ORD05649,2023-03-29,3,March,13,DMart-Mumbai-1,Mumbai,Personal Care,Oil,2,200,0.21,316.0,73.18,Cash
ORD05650,2023-07-08,7,July,27,DMart-Mumbai-1,Mumbai,Household,Chips,3,31,0.07,86.49,10.53,Wallet
ORD05651,2023-02-06,2,February,6,DMart-Nashik-1,Nashik,Beverages,Coffee,4,56,0.21,176.96,27.41,Wallet
ORD05652,2023-12-05,12,December,49,DMart-Nashik-3,Nashik,Dairy,Water,1,439,0.2,351.2,37.92,UPI
ORD05653,2023-03-22,3,March,12,DMart-Mumbai-3,Mumbai,Groceries,Soap,4,318,0.12,1119.36,217.56,Card
ORD05654,2023-06-07,6,June,23,DMart-Pune-2,Pune,Groceries,Water,5,231,0.08,1062.6,301.91,Wallet
ORD05655,2023-10-31,10,October,44,DMart-Mumbai-3,Mumbai,Beverages,Juice,5,207,0.19,838.35,235.17,Card
ORD05656,2023-12-16,12,December,50,DMart-Nashik-3,Nashik,Groceries,Toothpaste,5,360,0.07,1674.0,229.41,Cash
ORD05657,2023-02-15,2,February,7,DMart-Thane-2,Thane,Personal Care,Soap,2,343,0.08,631.12,181.98,Card
ORD05658,2023-09-10,9,September,36,DMart-Nashik-2,Nashik,Household,Bread,3,254,0.18,624.84,74.02,Card
ORD05659,2023-06-03,6,June,22,DMart-Thane-2,Thane,Household,Detergent,1,176,0.28,126.72,12.8,Card
ORD05660,2023-07-16,7,July,28,DMart-Nashik-1,Nashik,Household,Chips,4,150,0.07,558.0,154.23,UPI
ORD05661,2023-11-26,11,November,47,DMart-Thane-2,Thane,Household,Toothpaste,5,399,0.15,1695.75,359.55,Wallet
ORD05662,2023-05-05,5,May,18,DMart-Nashik-2,Nashik,Personal Care,Coffee,4,361,0.13,1256.28,327.34,Wallet
ORD05663,2023-04-16,4,April,15,DMart-Mumbai-3,Mumbai,Household,Tea,3,43,0.07,119.97,18.58,Card
ORD05664,2023-02-27,2,February,9,DMart-Nagpur-3,Nagpur,Household,Oil,1,252,0.13,219.24,27.48,Wallet
ORD05665,2023-06-06,6,June,23,DMart-Nagpur-1,Nagpur,Personal Care,Tea,4,433,0.13,1506.84,278.8,Cash
ORD05666,2023-12-21,12,December,51,DMart-Mumbai-3,Mumbai,Household,Sugar,5,81,0.06,380.7,106.15,Wallet
ORD05667,2023-05-10,5,May,19,DMart-Nagpur-1,Nagpur,Beverages,Milk,5,315,0.06,1480.5,181.58,Wallet
ORD05668,2023-01-08,1,January,1,DMart-Mumbai-1,Mumbai,Beverages,Detergent,4,235,0.1,846.0,181.92,Card
ORD05669,2023-12-01,12,December,48,DMart-Nagpur-1,Nagpur,Dairy,Juice,5,427,0.2,1708.0,399.98,Wallet
ORD05670,2023-01-24,1,January,4,DMart-Nashik-3,Nashik,Beverages,Toothpaste,4,421,0.15,1431.4,419.68,Cash
ORD05671,2023-05-20,5,May,20,DMart-Nashik-3,Nashik,Beverages,Wheat,4,432,0.27,1261.44,339.95,Cash
ORD05672,2023-03-11,3,March,10,DMart-Pune-2,Pune,Groceries,Biscuits,1,376,0.11,334.64,58.13,Card
ORD05673,2023-11-13,11,November,46,DMart-Nagpur-3,Nagpur,Groceries,Toothpaste,5,347,0.22,1353.3,303.95,Card
ORD05674,2023-08-23,8,August,34,DMart-Pune-2,Pune,Dairy,Chips,4,209,0.2,668.8,95.83,Card
ORD05675,2023-10-09,10,October,41,DMart-Nagpur-2,Nagpur,Beverages,Shampoo,3,192,0.22,449.28,105.05,Wallet
ORD05676,2023-12-11,12,December,50,DMart-Mumbai-3,Mumbai,Dairy,Juice,3,143,0.22,334.62,51.63,Cash
ORD05677,2023-12-29,12,December,52,DMart-Mumbai-1,Mumbai,Groceries,Chips,3,309,0.3,648.9,92.9,Wallet
ORD05678,2023-03-24,3,March,12,DMart-Nashik-1,Nashik,Personal Care,Coffee,5,86,0.2,344.0,83.03,UPI
ORD05679,2023-09-01,9,September,35,DMart-Mumbai-1,Mumbai,Household,Water,5,187,0.28,673.2,142.22,Card
ORD05680,2023-03-22,3,March,12,DMart-Nashik-1,Nashik,Personal Care,Juice,2,31,0.13,53.94,15.37,Cash
ORD05681,2023-11-22,11,November,47,DMart-Thane-2,Thane,Personal Care,Bread,3,242,0.08,667.92,139.06,Card
ORD05682,2023-04-11,4,April,15,DMart-Nashik-1,Nashik,Groceries,Biscuits,4,48,0.19,155.52,41.4,Cash
ORD05683,2023-08-10,8,August,32,DMart-Thane-2,Thane,Dairy,Biscuits,4,264,0.27,770.88,197.49,Card
ORD05684,2023-03-13,3,March,11,DMart-Mumbai-2,Mumbai,Personal Care,Shampoo,4,74,0.09,269.36,57.33,Cash
ORD05685,2023-07-19,7,July,29,DMart-Thane-2,Thane,Personal Care,Eggs,3,317,0.0,951.0,257.63,Wallet
ORD05686,2023-03-30,3,March,13,DMart-Thane-1,Thane,Household,Chips,3,110,0.01,326.7,39.15,Cash
ORD05687,2023-06-28,6,June,26,DMart-Nagpur-3,Nagpur,Household,Juice,5,263,0.01,1301.85,255.26,UPI
ORD05688,2023-04-17,4,April,16,DMart-Pune-1,Pune,Personal Care,Wheat,1,362,0.0,362.0,74.13,UPI
ORD05689,2023-06-07,6,June,23,DMart-Nashik-2,Nashik,Dairy,Rice,4,126,0.09,458.64,67.12,Wallet
ORD05690,2023-10-21,10,October,42,DMart-Mumbai-2,Mumbai,Beverages,Bread,3,339,0.03,986.49,207.6,Wallet
ORD05691,2023-12-11,12,December,50,DMart-Mumbai-3,Mumbai,Household,Biscuits,1,333,0.03,323.01,73.96,Card
ORD05692,2023-08-04,8,August,31,DMart-Nagpur-3,Nagpur,Groceries,Shampoo,1,146,0.03,141.62,29.52,Wallet
ORD05693,2023-11-03,11,November,44,DMart-Mumbai-2,Mumbai,Beverages,Oil,3,242,0.18,595.32,101.07,UPI
ORD05694,2023-01-15,1,January,2,DMart-Nagpur-1,Nagpur,Dairy,Eggs,1,308,0.11,274.12,60.46,Wallet
ORD05695,2023-12-15,12,December,50,DMart-Nashik-3,Nashik,Household,Juice,2,149,0.06,280.12,60.17,Card
ORD05696,2023-04-07,4,April,14,DMart-Thane-2,Thane,Dairy,Tissue,4,389,0.11,1384.84,382.36,Card
ORD05697,2023-03-23,3,March,12,DMart-Nagpur-2,Nagpur,Household,Detergent,4,173,0.07,643.56,125.37,UPI
ORD05698,2023-06-06,6,June,23,DMart-Thane-3,Thane,Beverages,Tissue,2,47,0.0,94.0,24.75,UPI
ORD05699,2023-08-18,8,August,33,DMart-Nashik-2,Nashik,Dairy,Coffee,1,370,0.14,318.2,68.44,Cash
ORD05700,2023-07-25,7,July,30,DMart-Nagpur-1,Nagpur,Beverages,Bread,3,43,0.11,114.81,16.02,Wallet
ORD05701,2023-11-13,11,November,46,DMart-Nagpur-3,Nagpur,Beverages,Milk,3,461,0.21,1092.57,278.39,UPI
ORD05702,2023-12-20,12,December,51,DMart-Thane-3,Thane,Dairy,Tea,5,222,0.22,865.8,166.47,Wallet
ORD05703,2023-10-29,10,October,43,DMart-Nashik-2,Nashik,Household,Soap,5,470,0.18,1927.0,513.4,Cash
ORD05704,2023-03-29,3,March,13,DMart-Pune-2,Pune,Personal Care,Detergent,2,246,0.16,413.28,81.63,Wallet
ORD05705,2023-10-03,10,October,40,DMart-Nagpur-1,Nagpur,Household,Water,1,62,0.09,56.42,5.85,UPI
ORD05706,2023-11-02,11,November,44,DMart-Thane-3,Thane,Household,Water,4,426,0.1,1533.6,209.38,Card
ORD05707,2023-02-21,2,February,8,DMart-Mumbai-3,Mumbai,Personal Care,Chips,1,132,0.21,104.28,21.14,Cash
ORD05708,2023-05-27,5,May,21,DMart-Thane-1,Thane,Beverages,Rice,1,59,0.14,50.74,13.25,Cash
ORD05709,2023-03-10,3,March,10,DMart-Nashik-3,Nashik,Dairy,Shampoo,2,422,0.14,725.84,80.75,UPI
ORD05710,2023-08-05,8,August,31,DMart-Pune-1,Pune,Personal Care,Biscuits,1,290,0.09,263.9,59.13,Card
ORD05711,2023-06-12,6,June,24,DMart-Mumbai-2,Mumbai,Groceries,Rice,2,318,0.11,566.04,80.27,Cash
ORD05712,2023-01-16,1,January,3,DMart-Nashik-2,Nashik,Beverages,Oil,3,281,0.11,750.27,134.4,UPI
ORD05713,2023-02-16,2,February,7,DMart-Mumbai-2,Mumbai,Personal Care,Soap,1,49,0.23,37.73,9.04,Wallet
ORD05714,2023-05-21,5,May,20,DMart-Mumbai-1,Mumbai,Groceries,Eggs,4,483,0.11,1719.48,314.61,Wallet
ORD05715,2023-04-30,4,April,17,DMart-Pune-1,Pune,Dairy,Rice,4,73,0.06,274.48,52.32,Wallet
ORD05716,2023-11-21,11,November,47,DMart-Pune-2,Pune,Groceries,Wheat,1,450,0.03,436.5,101.31,UPI
ORD05717,2023-07-31,7,July,31,DMart-Nashik-3,Nashik,Groceries,Bread,5,443,0.19,1794.15,485.44,UPI
ORD05718,2023-12-13,12,December,50,DMart-Nagpur-1,Nagpur,Groceries,Shampoo,4,20,0.02,78.4,11.11,Card
ORD05719,2023-05-19,5,May,20,DMart-Nashik-2,Nashik,Personal Care,Juice,2,47,0.29,66.74,15.35,Cash
ORD05720,2023-05-19,5,May,20,DMart-Nagpur-2,Nagpur,Beverages,Soap,1,297,0.26,219.78,34.14,Cash
ORD05721,2023-02-02,2,February,5,DMart-Mumbai-1,Mumbai,Groceries,Tissue,1,422,0.3,295.4,47.43,Cash
ORD05722,2023-06-11,6,June,23,DMart-Thane-1,Thane,Groceries,Soap,1,382,0.18,313.24,90.45,Wallet
ORD05723,2023-01-30,1,January,5,DMart-Nashik-3,Nashik,Personal Care,Milk,5,227,0.24,862.6,119.13,Card
ORD05724,2023-09-11,9,September,37,DMart-Pune-2,Pune,Household,Coffee,4,243,0.01,962.28,259.3,Card
ORD05725,2023-07-12,7,July,28,DMart-Mumbai-3,Mumbai,Beverages,Milk,3,261,0.0,783.0,209.44,UPI
ORD05726,2023-06-08,6,June,23,DMart-Pune-2,Pune,Beverages,Water,1,407,0.12,358.16,78.13,Wallet
ORD05727,2023-02-26,2,February,8,DMart-Nagpur-3,Nagpur,Beverages,Coffee,3,456,0.28,984.96,119.36,UPI
ORD05728,2023-09-13,9,September,37,DMart-Nashik-2,Nashik,Groceries,Coffee,1,426,0.09,387.66,82.32,Cash
ORD05729,2023-07-15,7,July,28,DMart-Nagpur-2,Nagpur,Beverages,Wheat,1,304,0.3,212.8,24.5,Card
ORD05730,2023-07-01,7,July,26,DMart-Nagpur-3,Nagpur,Groceries,Coffee,2,305,0.12,536.8,106.49,Wallet
ORD05731,2023-06-16,6,June,24,DMart-Nashik-3,Nashik,Beverages,Wheat,3,158,0.02,464.52,130.28,Card
ORD05732,2023-03-12,3,March,10,DMart-Mumbai-1,Mumbai,Dairy,Shampoo,4,403,0.15,1370.2,353.78,Cash
ORD05733,2023-12-25,12,December,52,DMart-Nagpur-2,Nagpur,Groceries,Biscuits,3,53,0.26,117.66,14.68,Wallet
ORD05734,2023-04-01,4,April,13,DMart-Mumbai-1,Mumbai,Household,Juice,5,149,0.3,521.5,155.82,Card
ORD05735,2023-03-15,3,March,11,DMart-Pune-2,Pune,Groceries,Shampoo,5,230,0.21,908.5,182.59,UPI
ORD05736,2023-01-03,1,January,1,DMart-Mumbai-1,Mumbai,Personal Care,Tea,5,357,0.02,1749.3,328.57,Cash
ORD05737,2023-08-08,8,August,32,DMart-Thane-1,Thane,Groceries,Tissue,3,481,0.07,1341.99,248.52,Wallet
ORD05738,2023-03-20,3,March,12,DMart-Mumbai-2,Mumbai,Household,Soap,4,403,0.12,1418.56,258.49,Cash
ORD05739,2023-06-10,6,June,23,DMart-Mumbai-1,Mumbai,Groceries,Shampoo,4,463,0.25,1389.0,162.11,Cash
ORD05740,2023-09-11,9,September,37,DMart-Mumbai-2,Mumbai,Groceries,Juice,4,61,0.11,217.16,54.63,Cash
ORD05741,2023-01-03,1,January,1,DMart-Pune-3,Pune,Personal Care,Tea,3,303,0.05,863.55,173.9,Card
ORD05742,2023-08-22,8,August,34,DMart-Nashik-1,Nashik,Groceries,Juice,4,291,0.29,826.44,162.51,Cash
ORD05743,2023-08-10,8,August,32,DMart-Nashik-1,Nashik,Personal Care,Juice,1,87,0.19,70.47,17.28,UPI
ORD05744,2023-10-11,10,October,41,DMart-Thane-2,Thane,Beverages,Soap,1,320,0.08,294.4,41.53,UPI
ORD05745,2023-02-26,2,February,8,DMart-Nagpur-2,Nagpur,Dairy,Biscuits,2,251,0.23,386.54,66.76,UPI
ORD05746,2023-04-11,4,April,15,DMart-Nashik-3,Nashik,Personal Care,Juice,3,486,0.25,1093.5,259.84,Cash
ORD05747,2023-03-29,3,March,13,DMart-Pune-2,Pune,Beverages,Wheat,5,323,0.25,1211.25,185.95,Wallet
ORD05748,2023-11-18,11,November,46,DMart-Mumbai-2,Mumbai,Household,Water,5,396,0.27,1445.4,300.5,UPI
ORD05749,2023-12-10,12,December,49,DMart-Nagpur-3,Nagpur,Beverages,Bread,4,406,0.25,1218.0,153.24,UPI
ORD05750,2023-08-01,8,August,31,DMart-Pune-3,Pune,Groceries,Oil,5,460,0.17,1909.0,205.52,Wallet
ORD05751,2023-12-03,12,December,48,DMart-Thane-3,Thane,Groceries,Wheat,4,455,0.27,1328.6,305.29,Cash
ORD05752,2023-12-01,12,December,48,DMart-Nashik-3,Nashik,Dairy,Water,1,254,0.07,236.22,66.21,Card
ORD05753,2023-11-13,11,November,46,DMart-Nashik-3,Nashik,Household,Biscuits,3,74,0.03,215.34,38.39,Wallet
ORD05754,2023-02-09,2,February,6,DMart-Pune-3,Pune,Personal Care,Juice,5,97,0.12,426.8,117.45,Wallet
ORD05755,2023-04-09,4,April,14,DMart-Nagpur-1,Nagpur,Groceries,Water,3,87,0.07,242.73,71.89,Wallet
ORD05756,2023-04-07,4,April,14,DMart-Pune-2,Pune,Groceries,Milk,2,336,0.05,638.4,105.49,Card
ORD05757,2023-01-24,1,January,4,DMart-Nagpur-2,Nagpur,Groceries,Tissue,5,218,0.08,1002.8,103.96,Wallet
ORD05758,2023-04-15,4,April,15,DMart-Nashik-3,Nashik,Personal Care,Tissue,1,486,0.26,359.64,96.39,UPI
ORD05759,2023-11-22,11,November,47,DMart-Nagpur-1,Nagpur,Groceries,Toothpaste,1,406,0.01,401.94,91.62,Wallet
ORD05760,2023-06-15,6,June,24,DMart-Pune-1,Pune,Beverages,Tissue,3,283,0.3,594.3,174.45,UPI
ORD05761,2023-01-14,1,January,2,DMart-Pune-3,Pune,Beverages,Rice,1,240,0.07,223.2,53.64,Wallet
ORD05762,2023-01-01,1,January,52,DMart-Pune-2,Pune,Household,Tissue,4,376,0.28,1082.88,116.55,UPI
ORD05763,2023-08-29,8,August,35,DMart-Nashik-3,Nashik,Household,Biscuits,1,427,0.09,388.57,60.82,Cash
ORD05764,2023-11-22,11,November,47,DMart-Mumbai-1,Mumbai,Household,Chips,2,440,0.01,871.2,132.91,UPI
ORD05765,2023-09-08,9,September,36,DMart-Pune-2,Pune,Household,Detergent,2,32,0.27,46.72,8.93,Card
ORD05766,2023-02-28,2,February,9,DMart-Nashik-1,Nashik,Groceries,Eggs,1,371,0.1,333.9,94.9,Cash
ORD05767,2023-03-02,3,March,9,DMart-Pune-1,Pune,Beverages,Tissue,4,488,0.1,1756.8,280.66,Cash
ORD05768,2023-10-05,10,October,40,DMart-Nagpur-3,Nagpur,Dairy,Toothpaste,3,268,0.0,804.0,141.96,UPI
ORD05769,2023-09-14,9,September,37,DMart-Mumbai-3,Mumbai,Groceries,Chips,2,247,0.11,439.66,71.64,Cash
ORD05770,2023-07-09,7,July,27,DMart-Nashik-3,Nashik,Household,Milk,1,204,0.1,183.6,49.29,Cash
ORD05771,2023-03-01,3,March,9,DMart-Nashik-1,Nashik,Beverages,Eggs,3,100,0.14,258.0,29.96,Wallet
ORD05772,2023-10-11,10,October,41,DMart-Mumbai-2,Mumbai,Personal Care,Detergent,3,364,0.0,1092.0,266.35,UPI
ORD05773,2023-11-15,11,November,46,DMart-Pune-3,Pune,Household,Oil,3,345,0.02,1014.3,205.47,Cash
ORD05774,2023-05-29,5,May,22,DMart-Nashik-3,Nashik,Dairy,Oil,1,31,0.15,26.35,4.0,Cash
ORD05775,2023-05-21,5,May,20,DMart-Nashik-2,Nashik,Groceries,Biscuits,4,189,0.18,619.92,136.84,UPI
ORD05776,2023-04-21,4,April,16,DMart-Nagpur-1,Nagpur,Personal Care,Milk,5,228,0.04,1094.4,281.17,Card
ORD05777,2023-08-18,8,August,33,DMart-Nashik-3,Nashik,Household,Soap,5,258,0.06,1212.6,131.46,UPI
ORD05778,2023-12-12,12,December,50,DMart-Mumbai-1,Mumbai,Dairy,Biscuits,2,455,0.19,737.1,80.85,Card
ORD05779,2023-07-31,7,July,31,DMart-Pune-2,Pune,Personal Care,Eggs,1,435,0.14,374.1,43.47,Cash
ORD05780,2023-04-15,4,April,15,DMart-Thane-2,Thane,Dairy,Coffee,3,332,0.19,806.76,94.64,Card
ORD05781,2023-10-02,10,October,40,DMart-Nashik-2,Nashik,Household,Sugar,4,133,0.12,468.16,100.99,UPI
ORD05782,2023-08-09,8,August,32,DMart-Mumbai-2,Mumbai,Dairy,Toothpaste,3,238,0.21,564.06,134.62,Card
ORD05783,2023-06-11,6,June,23,DMart-Mumbai-1,Mumbai,Beverages,Shampoo,5,235,0.24,893.0,110.26,Card
ORD05784,2023-02-25,2,February,8,DMart-Mumbai-2,Mumbai,Personal Care,Toothpaste,2,379,0.25,568.5,131.11,Wallet
ORD05785,2023-11-13,11,November,46,DMart-Thane-2,Thane,Household,Tissue,4,265,0.24,805.6,117.34,Cash
ORD05786,2023-03-07,3,March,10,DMart-Pune-1,Pune,Groceries,Eggs,2,163,0.25,244.5,64.78,UPI
ORD05787,2023-12-21,12,December,51,DMart-Nagpur-1,Nagpur,Household,Detergent,2,343,0.03,665.42,154.57,Cash
ORD05788,2023-03-16,3,March,11,DMart-Mumbai-1,Mumbai,Groceries,Chips,2,332,0.15,564.4,58.26,Cash
ORD05789,2023-06-08,6,June,23,DMart-Nagpur-3,Nagpur,Household,Soap,4,489,0.29,1388.76,244.29,Card
ORD05790,2023-08-28,8,August,35,DMart-Mumbai-3,Mumbai,Personal Care,Wheat,2,353,0.12,621.28,67.45,Wallet
ORD05791,2023-06-11,6,June,23,DMart-Nagpur-1,Nagpur,Household,Coffee,4,330,0.3,924.0,171.24,Cash
ORD05792,2023-07-02,7,July,26,DMart-Nashik-1,Nashik,Personal Care,Eggs,5,119,0.01,589.05,158.23,UPI
ORD05793,2023-04-14,4,April,15,DMart-Nashik-1,Nashik,Groceries,Eggs,4,308,0.0,1232.0,146.21,UPI
ORD05794,2023-05-31,5,May,22,DMart-Thane-3,Thane,Personal Care,Tea,4,45,0.11,160.2,19.2,Wallet
ORD05795,2023-03-12,3,March,10,DMart-Nashik-1,Nashik,Groceries,Oil,5,308,0.21,1216.6,273.82,Wallet
ORD05796,2023-04-07,4,April,14,DMart-Mumbai-2,Mumbai,Personal Care,Water,2,290,0.16,487.2,111.95,Wallet
ORD05797,2023-10-06,10,October,40,DMart-Nagpur-1,Nagpur,Groceries,Water,4,27,0.24,82.08,22.72,Cash
ORD05798,2023-03-23,3,March,12,DMart-Pune-3,Pune,Household,Coffee,3,44,0.23,101.64,27.76,UPI
ORD05799,2023-10-06,10,October,40,DMart-Nagpur-3,Nagpur,Personal Care,Shampoo,5,185,0.29,656.75,68.73,Cash
ORD05800,2023-12-13,12,December,50,DMart-Thane-2,Thane,Household,Tea,2,88,0.2,140.8,22.12,Wallet
ORD05801,2023-11-06,11,November,45,DMart-Nagpur-3,Nagpur,Groceries,Tea,1,131,0.01,129.69,27.43,UPI
ORD05802,2023-05-16,5,May,20,DMart-Nashik-3,Nashik,Groceries,Tissue,5,336,0.29,1192.8,322.11,Card
ORD05803,2023-05-12,5,May,19,DMart-Nashik-1,Nashik,Personal Care,Detergent,5,302,0.01,1494.9,431.76,Card
ORD05804,2023-10-01,10,October,39,DMart-Nagpur-3,Nagpur,Dairy,Soap,4,150,0.28,432.0,111.97,Wallet
ORD05805,2023-12-21,12,December,51,DMart-Mumbai-2,Mumbai,Dairy,Tea,1,218,0.05,207.1,24.85,Cash
ORD05806,2023-08-05,8,August,31,DMart-Thane-1,Thane,Personal Care,Juice,1,172,0.1,154.8,44.02,Wallet
ORD05807,2023-11-22,11,November,47,DMart-Nagpur-3,Nagpur,Dairy,Toothpaste,1,347,0.16,291.48,58.22,Cash
ORD05808,2023-12-26,12,December,52,DMart-Nashik-1,Nashik,Personal Care,Eggs,2,288,0.29,408.96,120.69,Card
ORD05809,2023-12-28,12,December,52,DMart-Nashik-2,Nashik,Personal Care,Soap,2,74,0.13,128.76,31.8,Wallet
ORD05810,2023-01-12,1,January,2,DMart-Thane-2,Thane,Groceries,Toothpaste,3,190,0.15,484.5,100.83,Cash
ORD05811,2023-05-01,5,May,18,DMart-Mumbai-2,Mumbai,Dairy,Tea,1,385,0.09,350.35,92.39,Wallet
ORD05812,2023-12-09,12,December,49,DMart-Pune-2,Pune,Personal Care,Chips,3,90,0.15,229.5,50.22,Card
ORD05813,2023-05-07,5,May,18,DMart-Thane-3,Thane,Groceries,Eggs,5,274,0.05,1301.5,247.18,Cash
ORD05814,2023-06-30,6,June,26,DMart-Nashik-2,Nashik,Personal Care,Coffee,2,242,0.01,479.16,98.5,Cash
ORD05815,2023-08-14,8,August,33,DMart-Nashik-1,Nashik,Beverages,Detergent,4,386,0.08,1420.48,396.85,Cash
ORD05816,2023-06-20,6,June,25,DMart-Thane-1,Thane,Personal Care,Tea,4,170,0.12,598.4,76.47,Wallet
ORD05817,2023-09-19,9,September,38,DMart-Thane-2,Thane,Personal Care,Chips,2,195,0.1,351.0,98.49,Card
ORD05818,2023-03-18,3,March,11,DMart-Thane-1,Thane,Beverages,Shampoo,4,307,0.12,1080.64,206.28,UPI
ORD05819,2023-10-21,10,October,42,DMart-Thane-1,Thane,Personal Care,Wheat,2,102,0.22,159.12,29.28,Card
ORD05820,2023-01-23,1,January,4,DMart-Pune-1,Pune,Groceries,Juice,3,70,0.24,159.6,24.25,UPI
ORD05821,2023-08-13,8,August,32,DMart-Pune-1,Pune,Household,Soap,5,228,0.16,957.6,137.63,UPI
ORD05822,2023-04-14,4,April,15,DMart-Thane-2,Thane,Household,Tissue,4,288,0.04,1105.92,144.91,Card
ORD05823,2023-08-05,8,August,31,DMart-Mumbai-2,Mumbai,Personal Care,Detergent,5,115,0.13,500.25,139.41,Cash
ORD05824,2023-04-27,4,April,17,DMart-Mumbai-1,Mumbai,Personal Care,Biscuits,4,210,0.08,772.8,176.42,Card
ORD05825,2023-04-13,4,April,15,DMart-Mumbai-3,Mumbai,Groceries,Coffee,3,381,0.26,845.82,215.18,Wallet
ORD05826,2023-03-16,3,March,11,DMart-Mumbai-1,Mumbai,Dairy,Coffee,3,340,0.0,1020.0,234.1,Cash
ORD05827,2023-02-09,2,February,6,DMart-Nashik-2,Nashik,Personal Care,Milk,3,231,0.27,505.89,90.08,Cash
ORD05828,2023-10-27,10,October,43,DMart-Nashik-3,Nashik,Groceries,Juice,5,165,0.25,618.75,66.36,Cash
ORD05829,2023-01-04,1,January,1,DMart-Thane-2,Thane,Household,Wheat,4,74,0.12,260.48,44.57,Card
ORD05830,2023-06-08,6,June,23,DMart-Nagpur-2,Nagpur,Beverages,Chips,2,498,0.01,986.04,109.39,Card
ORD05831,2023-07-24,7,July,30,DMart-Thane-3,Thane,Personal Care,Milk,3,392,0.27,858.48,216.25,UPI
ORD05832,2023-01-03,1,January,1,DMart-Nagpur-3,Nagpur,Dairy,Chips,2,440,0.1,792.0,184.57,Wallet
ORD05833,2023-12-18,12,December,51,DMart-Nagpur-1,Nagpur,Groceries,Eggs,2,275,0.05,522.5,63.64,Card
ORD05834,2023-07-24,7,July,30,DMart-Thane-2,Thane,Groceries,Oil,4,403,0.01,1595.88,359.77,Wallet
ORD05835,2023-02-03,2,February,5,DMart-Mumbai-1,Mumbai,Personal Care,Oil,2,67,0.21,105.86,29.91,UPI
ORD05836,2023-07-03,7,July,27,DMart-Nagpur-2,Nagpur,Groceries,Wheat,3,228,0.05,649.8,84.17,Wallet
ORD05837,2023-05-12,5,May,19,DMart-Thane-2,Thane,Beverages,Soap,5,446,0.2,1784.0,287.8,Wallet
ORD05838,2023-06-23,6,June,25,DMart-Pune-1,Pune,Personal Care,Milk,3,364,0.01,1081.08,291.32,Card
ORD05839,2023-09-13,9,September,37,DMart-Nagpur-3,Nagpur,Beverages,Coffee,1,60,0.13,52.2,5.38,Card
ORD05840,2023-12-25,12,December,52,DMart-Pune-3,Pune,Dairy,Biscuits,5,387,0.17,1606.05,392.25,Card
ORD05841,2023-11-03,11,November,44,DMart-Mumbai-3,Mumbai,Personal Care,Tissue,3,492,0.18,1210.32,346.63,Cash
ORD05842,2023-05-14,5,May,19,DMart-Nagpur-3,Nagpur,Beverages,Sugar,3,471,0.05,1342.35,392.57,UPI
ORD05843,2023-04-27,4,April,17,DMart-Nashik-3,Nashik,Groceries,Wheat,3,224,0.23,517.44,75.65,UPI
ORD05844,2023-11-18,11,November,46,DMart-Thane-2,Thane,Household,Milk,4,273,0.22,851.76,132.75,Card
ORD05845,2023-04-27,4,April,17,DMart-Nagpur-3,Nagpur,Dairy,Soap,3,323,0.11,862.41,203.37,Wallet
ORD05846,2023-09-13,9,September,37,DMart-Pune-2,Pune,Groceries,Toothpaste,4,171,0.3,478.8,91.4,Wallet
ORD05847,2023-05-21,5,May,20,DMart-Pune-2,Pune,Dairy,Coffee,5,422,0.06,1983.4,460.74,Cash
ORD05848,2023-10-16,10,October,42,DMart-Thane-1,Thane,Personal Care,Rice,1,250,0.0,250.0,26.61,Wallet
ORD05849,2023-10-14,10,October,41,DMart-Thane-1,Thane,Beverages,Toothpaste,5,108,0.16,453.6,60.33,UPI
ORD05850,2023-02-03,2,February,5,DMart-Nagpur-1,Nagpur,Beverages,Water,1,87,0.04,83.52,16.75,Card
ORD05851,2023-09-17,9,September,37,DMart-Nashik-1,Nashik,Household,Biscuits,1,260,0.3,182.0,51.68,UPI
ORD05852,2023-05-26,5,May,21,DMart-Nagpur-2,Nagpur,Household,Detergent,1,56,0.1,50.4,11.52,Cash
ORD05853,2023-07-05,7,July,27,DMart-Nashik-3,Nashik,Beverages,Detergent,3,137,0.21,324.69,96.63,Wallet
ORD05854,2023-06-29,6,June,26,DMart-Pune-2,Pune,Dairy,Oil,2,414,0.09,753.48,106.18,Card
ORD05855,2023-01-29,1,January,4,DMart-Pune-1,Pune,Groceries,Tea,1,283,0.13,246.21,66.64,Cash
ORD05856,2023-05-03,5,May,18,DMart-Nagpur-2,Nagpur,Household,Chips,3,352,0.07,982.08,161.59,Card
ORD05857,2023-06-16,6,June,24,DMart-Mumbai-2,Mumbai,Personal Care,Rice,1,127,0.04,121.92,24.95,Cash
ORD05858,2023-02-06,2,February,6,DMart-Nagpur-3,Nagpur,Personal Care,Bread,2,177,0.03,343.38,101.1,Cash
ORD05859,2023-06-13,6,June,24,DMart-Pune-1,Pune,Beverages,Shampoo,4,413,0.17,1371.16,275.66,Wallet
ORD05860,2023-11-22,11,November,47,DMart-Nagpur-2,Nagpur,Groceries,Tea,1,269,0.11,239.41,64.92,Cash
ORD05861,2023-11-15,11,November,46,DMart-Thane-2,Thane,Groceries,Biscuits,4,346,0.29,982.64,123.84,UPI
ORD05862,2023-04-05,4,April,14,DMart-Nashik-1,Nashik,Personal Care,Tea,3,111,0.22,259.74,60.09,UPI
ORD05863,2023-03-08,3,March,10,DMart-Nagpur-2,Nagpur,Beverages,Juice,2,251,0.0,502.0,146.36,Cash
ORD05864,2023-05-11,5,May,19,DMart-Thane-3,Thane,Groceries,Coffee,5,266,0.19,1077.3,322.92,UPI
ORD05865,2023-08-14,8,August,33,DMart-Thane-2,Thane,Personal Care,Detergent,3,273,0.05,778.05,186.79,UPI
ORD05866,2023-11-14,11,November,46,DMart-Nagpur-3,Nagpur,Dairy,Juice,5,219,0.25,821.25,100.0,Card
ORD05867,2023-07-05,7,July,27,DMart-Nagpur-3,Nagpur,Beverages,Shampoo,5,75,0.17,311.25,73.06,Card
ORD05868,2023-08-20,8,August,33,DMart-Thane-1,Thane,Household,Milk,4,104,0.25,312.0,40.36,Cash
ORD05869,2023-02-21,2,February,8,DMart-Pune-3,Pune,Beverages,Juice,3,73,0.19,177.39,43.41,UPI
ORD05870,2023-09-04,9,September,36,DMart-Nagpur-2,Nagpur,Personal Care,Toothpaste,5,456,0.26,1687.2,418.76,Cash
ORD05871,2023-07-04,7,July,27,DMart-Nagpur-2,Nagpur,Dairy,Chips,2,118,0.02,231.28,68.27,UPI
ORD05872,2023-02-06,2,February,6,DMart-Nashik-3,Nashik,Beverages,Eggs,4,438,0.1,1576.8,440.48,Cash
ORD05873,2023-11-12,11,November,45,DMart-Mumbai-1,Mumbai,Groceries,Juice,4,459,0.12,1615.68,278.15,UPI
ORD05874,2023-02-27,2,February,9,DMart-Nagpur-1,Nagpur,Groceries,Rice,1,422,0.05,400.9,80.08,Card
ORD05875,2023-12-06,12,December,49,DMart-Pune-3,Pune,Household,Biscuits,4,363,0.01,1437.48,364.67,Cash
ORD05876,2023-11-22,11,November,47,DMart-Nashik-2,Nashik,Beverages,Milk,5,136,0.28,489.6,112.79,Wallet
ORD05877,2023-04-09,4,April,14,DMart-Nashik-3,Nashik,Household,Oil,1,378,0.1,340.2,95.28,Wallet
ORD05878,2023-07-16,7,July,28,DMart-Nashik-3,Nashik,Dairy,Eggs,5,393,0.14,1689.9,383.17,UPI
ORD05879,2023-12-29,12,December,52,DMart-Nagpur-1,Nagpur,Beverages,Coffee,4,365,0.24,1109.6,152.53,Wallet
ORD05880,2023-06-12,6,June,24,DMart-Nashik-1,Nashik,Groceries,Eggs,3,59,0.05,168.15,39.29,UPI
ORD05881,2023-10-03,10,October,40,DMart-Thane-1,Thane,Dairy,Coffee,1,459,0.14,394.74,65.15,UPI
ORD05882,2023-02-19,2,February,7,DMart-Nashik-1,Nashik,Beverages,Toothpaste,5,148,0.08,680.8,178.26,Cash
ORD05883,2023-10-31,10,October,44,DMart-Nagpur-1,Nagpur,Beverages,Water,5,181,0.24,687.8,173.72,UPI
ORD05884,2023-11-21,11,November,47,DMart-Nashik-3,Nashik,Dairy,Shampoo,3,303,0.0,909.0,266.49,UPI
ORD05885,2023-09-10,9,September,36,DMart-Pune-1,Pune,Groceries,Tea,3,452,0.14,1166.16,315.73,Wallet
ORD05886,2023-09-28,9,September,39,DMart-Mumbai-2,Mumbai,Groceries,Chips,4,351,0.01,1389.96,228.09,UPI
ORD05887,2023-06-28,6,June,26,DMart-Thane-2,Thane,Groceries,Sugar,1,424,0.3,296.8,41.05,Wallet
ORD05888,2023-08-20,8,August,33,DMart-Pune-2,Pune,Groceries,Milk,3,264,0.18,649.44,78.64,Card
ORD05889,2023-08-01,8,August,31,DMart-Nagpur-2,Nagpur,Groceries,Juice,4,337,0.25,1011.0,182.47,Wallet
ORD05890,2023-01-05,1,January,1,DMart-Mumbai-1,Mumbai,Beverages,Sugar,3,47,0.07,131.13,20.25,Cash
ORD05891,2023-01-01,1,January,52,DMart-Thane-3,Thane,Personal Care,Bread,3,354,0.1,955.8,182.29,Card
ORD05892,2023-08-25,8,August,34,DMart-Nashik-3,Nashik,Personal Care,Biscuits,4,452,0.11,1609.12,401.01,UPI
ORD05893,2023-03-13,3,March,11,DMart-Mumbai-1,Mumbai,Personal Care,Coffee,1,174,0.24,132.24,14.78,Wallet
ORD05894,2023-09-24,9,September,38,DMart-Thane-1,Thane,Household,Chips,2,30,0.07,55.8,8.3,Card
ORD05895,2023-08-07,8,August,32,DMart-Nagpur-1,Nagpur,Groceries,Bread,4,179,0.2,572.8,59.96,Cash
ORD05896,2023-07-12,7,July,28,DMart-Nashik-1,Nashik,Dairy,Chips,4,455,0.07,1692.6,452.38,Cash
ORD05897,2023-06-14,6,June,24,DMart-Nagpur-2,Nagpur,Beverages,Eggs,5,104,0.19,421.2,42.13,Cash
ORD05898,2023-11-22,11,November,47,DMart-Nashik-1,Nashik,Dairy,Juice,2,316,0.01,625.68,179.51,Wallet
ORD05899,2023-02-27,2,February,9,DMart-Nagpur-1,Nagpur,Groceries,Biscuits,1,265,0.27,193.45,51.93,Wallet
ORD05900,2023-03-04,3,March,9,DMart-Nagpur-2,Nagpur,Household,Water,2,47,0.13,81.78,22.04,Cash
ORD05901,2023-06-19,6,June,25,DMart-Thane-1,Thane,Beverages,Wheat,1,80,0.14,68.8,15.92,Wallet
ORD05902,2023-08-15,8,August,33,DMart-Nagpur-1,Nagpur,Dairy,Juice,5,73,0.18,299.3,88.52,Wallet
ORD05903,2023-01-17,1,January,3,DMart-Nashik-2,Nashik,Groceries,Water,4,301,0.08,1107.68,247.21,Cash
ORD05904,2023-03-18,3,March,11,DMart-Thane-2,Thane,Household,Milk,5,461,0.07,2143.65,222.25,Wallet
ORD05905,2023-10-05,10,October,40,DMart-Nagpur-3,Nagpur,Beverages,Detergent,4,384,0.14,1320.96,356.53,UPI
ORD05906,2023-05-12,5,May,19,DMart-Thane-3,Thane,Personal Care,Eggs,5,198,0.12,871.2,258.96,Wallet
ORD05907,2023-10-03,10,October,40,DMart-Thane-3,Thane,Dairy,Juice,3,248,0.29,528.24,105.88,UPI
ORD05908,2023-01-07,1,January,1,DMart-Pune-2,Pune,Household,Wheat,4,385,0.02,1509.2,422.39,Wallet
ORD05909,2023-06-20,6,June,25,DMart-Pune-1,Pune,Groceries,Biscuits,2,79,0.27,115.34,29.09,Wallet
ORD05910,2023-08-20,8,August,33,DMart-Thane-3,Thane,Groceries,Milk,3,53,0.12,139.92,26.48,Cash
ORD05911,2023-05-22,5,May,21,DMart-Nashik-1,Nashik,Household,Rice,5,101,0.05,479.75,138.88,Wallet
ORD05912,2023-06-07,6,June,23,DMart-Mumbai-1,Mumbai,Dairy,Oil,1,250,0.13,217.5,56.21,Card
ORD05913,2023-12-10,12,December,49,DMart-Nagpur-1,Nagpur,Dairy,Bread,1,358,0.11,318.62,89.62,UPI
ORD05914,2023-08-29,8,August,35,DMart-Nashik-2,Nashik,Groceries,Tissue,2,427,0.03,828.38,228.96,Cash
ORD05915,2023-07-06,7,July,27,DMart-Nashik-1,Nashik,Household,Oil,1,392,0.22,305.76,45.33,Cash
ORD05916,2023-01-14,1,January,2,DMart-Pune-2,Pune,Personal Care,Shampoo,1,324,0.09,294.84,54.97,Card
ORD05917,2023-11-03,11,November,44,DMart-Mumbai-2,Mumbai,Groceries,Shampoo,3,414,0.21,981.18,256.17,Card
ORD05918,2023-02-20,2,February,8,DMart-Nashik-3,Nashik,Household,Soap,2,150,0.15,255.0,54.05,Cash
ORD05919,2023-12-27,12,December,52,DMart-Nagpur-3,Nagpur,Household,Sugar,2,371,0.13,645.54,166.5,Cash
ORD05920,2023-01-11,1,January,2,DMart-Nashik-3,Nashik,Personal Care,Detergent,1,367,0.2,293.6,54.18,Cash
ORD05921,2023-05-30,5,May,22,DMart-Mumbai-2,Mumbai,Groceries,Toothpaste,4,239,0.27,697.88,170.63,Cash
ORD05922,2023-09-02,9,September,35,DMart-Mumbai-1,Mumbai,Dairy,Tea,5,447,0.08,2056.2,272.73,Wallet
ORD05923,2023-08-29,8,August,35,DMart-Pune-3,Pune,Household,Wheat,3,35,0.23,80.85,16.48,UPI
ORD05924,2023-05-24,5,May,21,DMart-Thane-1,Thane,Beverages,Rice,4,339,0.15,1152.6,279.32,Card
ORD05925,2023-12-26,12,December,52,DMart-Pune-1,Pune,Dairy,Coffee,1,165,0.01,163.35,23.86,Cash
ORD05926,2023-07-07,7,July,27,DMart-Thane-1,Thane,Household,Sugar,4,462,0.02,1811.04,343.13,Wallet
ORD05927,2023-04-02,4,April,13,DMart-Nagpur-1,Nagpur,Beverages,Milk,3,332,0.2,796.8,227.87,Card
ORD05928,2023-11-27,11,November,48,DMart-Nashik-2,Nashik,Household,Oil,5,158,0.3,553.0,148.51,UPI
ORD05929,2023-04-03,4,April,14,DMart-Mumbai-3,Mumbai,Groceries,Biscuits,5,326,0.01,1613.7,188.08,Wallet
ORD05930,2023-04-29,4,April,17,DMart-Mumbai-3,Mumbai,Beverages,Eggs,5,497,0.26,1838.9,233.13,Wallet
ORD05931,2023-09-06,9,September,36,DMart-Thane-2,Thane,Groceries,Coffee,3,292,0.18,718.32,115.79,UPI
ORD05932,2023-08-05,8,August,31,DMart-Thane-3,Thane,Dairy,Detergent,5,140,0.21,553.0,137.54,Card
ORD05933,2023-05-16,5,May,20,DMart-Pune-1,Pune,Beverages,Eggs,5,151,0.25,566.25,77.22,Cash
ORD05934,2023-03-02,3,March,9,DMart-Pune-2,Pune,Beverages,Oil,3,351,0.15,895.05,162.08,Cash
ORD05935,2023-12-11,12,December,50,DMart-Pune-3,Pune,Groceries,Biscuits,5,127,0.17,527.05,133.11,Card
ORD05936,2023-05-08,5,May,19,DMart-Pune-1,Pune,Dairy,Bread,3,260,0.0,780.0,156.66,Wallet
ORD05937,2023-05-05,5,May,18,DMart-Thane-2,Thane,Personal Care,Oil,2,183,0.26,270.84,44.41,UPI
ORD05938,2023-03-17,3,March,11,DMart-Thane-1,Thane,Dairy,Shampoo,2,148,0.03,287.12,71.13,Card
ORD05939,2023-09-05,9,September,36,DMart-Pune-1,Pune,Beverages,Juice,2,243,0.17,403.38,40.86,UPI
ORD05940,2023-07-11,7,July,28,DMart-Nashik-1,Nashik,Groceries,Rice,3,235,0.27,514.65,122.57,Card
ORD05941,2023-09-25,9,September,39,DMart-Pune-2,Pune,Beverages,Wheat,5,420,0.05,1995.0,444.13,Cash
ORD05942,2023-09-01,9,September,35,DMart-Pune-3,Pune,Dairy,Tissue,4,285,0.05,1083.0,187.43,Wallet
ORD05943,2023-04-03,4,April,14,DMart-Thane-2,Thane,Personal Care,Eggs,4,31,0.28,89.28,22.37,Card
ORD05944,2023-09-17,9,September,37,DMart-Pune-3,Pune,Dairy,Tea,1,214,0.16,179.76,20.15,UPI
ORD05945,2023-12-13,12,December,50,DMart-Mumbai-2,Mumbai,Personal Care,Milk,2,93,0.29,132.06,31.87,Wallet
ORD05946,2023-08-24,8,August,34,DMart-Mumbai-3,Mumbai,Groceries,Biscuits,1,52,0.11,46.28,6.46,Wallet
ORD05947,2023-01-13,1,January,2,DMart-Pune-2,Pune,Beverages,Eggs,1,412,0.26,304.88,85.64,Wallet
ORD05948,2023-09-02,9,September,35,DMart-Nagpur-1,Nagpur,Personal Care,Chips,5,455,0.16,1911.0,457.34,UPI
ORD05949,2023-09-07,9,September,36,DMart-Mumbai-1,Mumbai,Dairy,Sugar,5,245,0.18,1004.5,208.36,Cash
ORD05950,2023-12-20,12,December,51,DMart-Nagpur-3,Nagpur,Dairy,Chips,2,279,0.17,463.14,132.92,Cash
ORD05951,2023-04-01,4,April,13,DMart-Pune-3,Pune,Dairy,Milk,5,357,0.12,1570.8,408.74,Wallet
ORD05952,2023-12-19,12,December,51,DMart-Pune-2,Pune,Dairy,Biscuits,4,408,0.25,1224.0,308.37,Card
ORD05953,2023-06-20,6,June,25,DMart-Mumbai-3,Mumbai,Dairy,Oil,3,340,0.29,724.2,127.96,UPI
ORD05954,2023-01-07,1,January,1,DMart-Pune-2,Pune,Dairy,Tissue,3,421,0.24,959.88,174.28,Card
ORD05955,2023-03-09,3,March,10,DMart-Nagpur-3,Nagpur,Groceries,Water,5,127,0.01,628.65,119.14,Wallet
ORD05956,2023-01-23,1,January,4,DMart-Pune-3,Pune,Household,Juice,2,323,0.19,523.26,114.99,Cash
ORD05957,2023-01-19,1,January,3,DMart-Mumbai-3,Mumbai,Household,Water,5,122,0.23,469.7,61.25,Cash
ORD05958,2023-07-15,7,July,28,DMart-Mumbai-3,Mumbai,Household,Milk,4,284,0.0,1136.0,183.15,Wallet
ORD05959,2023-09-17,9,September,37,DMart-Nagpur-1,Nagpur,Personal Care,Biscuits,1,427,0.24,324.52,36.17,UPI
ORD05960,2023-11-21,11,November,47,DMart-Thane-2,Thane,Beverages,Rice,5,212,0.1,954.0,219.68,Wallet
ORD05961,2023-04-01,4,April,13,DMart-Mumbai-2,Mumbai,Groceries,Chips,5,371,0.12,1632.4,363.54,UPI
ORD05962,2023-04-20,4,April,16,DMart-Thane-2,Thane,Dairy,Chips,5,300,0.17,1245.0,277.5,Cash
ORD05963,2023-12-13,12,December,50,DMart-Mumbai-1,Mumbai,Household,Tissue,5,408,0.29,1448.4,255.96,Cash
ORD05964,2023-02-16,2,February,7,DMart-Nashik-3,Nashik,Personal Care,Rice,3,70,0.19,170.1,42.34,UPI
ORD05965,2023-12-27,12,December,52,DMart-Thane-2,Thane,Groceries,Water,4,145,0.16,487.2,51.58,Card
ORD05966,2023-10-13,10,October,41,DMart-Nagpur-2,Nagpur,Beverages,Detergent,3,153,0.06,431.46,112.37,UPI
ORD05967,2023-02-27,2,February,9,DMart-Pune-1,Pune,Dairy,Eggs,4,240,0.15,816.0,220.92,UPI
ORD05968,2023-02-07,2,February,6,DMart-Pune-2,Pune,Household,Sugar,3,48,0.07,133.92,27.12,UPI
ORD05969,2023-01-24,1,January,4,DMart-Nagpur-3,Nagpur,Household,Coffee,3,269,0.3,564.9,143.64,Card
ORD05970,2023-04-01,4,April,13,DMart-Mumbai-2,Mumbai,Household,Oil,5,82,0.24,311.6,91.03,Wallet
ORD05971,2023-05-23,5,May,21,DMart-Nashik-3,Nashik,Dairy,Tea,1,326,0.22,254.28,73.93,UPI
ORD05972,2023-02-23,2,February,8,DMart-Pune-2,Pune,Dairy,Oil,3,217,0.19,527.31,125.68,Wallet
ORD05973,2023-01-04,1,January,1,DMart-Nagpur-2,Nagpur,Groceries,Eggs,2,87,0.03,168.78,21.37,Cash
ORD05974,2023-08-18,8,August,33,DMart-Nashik-2,Nashik,Beverages,Rice,2,110,0.27,160.6,20.57,Card
ORD05975,2023-09-27,9,September,39,DMart-Nashik-1,Nashik,Household,Tissue,1,67,0.17,55.61,9.09,UPI
ORD05976,2023-01-13,1,January,2,DMart-Mumbai-3,Mumbai,Dairy,Juice,3,32,0.03,93.12,16.41,Wallet
ORD05977,2023-03-27,3,March,13,DMart-Pune-3,Pune,Groceries,Water,5,303,0.03,1469.55,149.8,UPI
ORD05978,2023-02-19,2,February,7,DMart-Nashik-2,Nashik,Groceries,Wheat,1,480,0.14,412.8,90.98,UPI
ORD05979,2023-06-15,6,June,24,DMart-Thane-2,Thane,Dairy,Sugar,2,223,0.04,428.16,59.51,Cash
ORD05980,2023-02-08,2,February,6,DMart-Thane-2,Thane,Personal Care,Eggs,2,36,0.0,72.0,19.45,Cash
ORD05981,2023-11-02,11,November,44,DMart-Mumbai-2,Mumbai,Groceries,Toothpaste,3,58,0.12,153.12,34.18,UPI
ORD05982,2023-07-26,7,July,30,DMart-Mumbai-1,Mumbai,Personal Care,Wheat,2,273,0.28,393.12,77.91,Card
ORD05983,2023-07-06,7,July,27,DMart-Nashik-3,Nashik,Household,Wheat,1,302,0.13,262.74,64.94,UPI
ORD05984,2023-12-20,12,December,51,DMart-Nagpur-1,Nagpur,Dairy,Biscuits,2,143,0.11,254.54,26.84,UPI
ORD05985,2023-08-04,8,August,31,DMart-Thane-1,Thane,Beverages,Milk,1,54,0.09,49.14,13.2,Card
ORD05986,2023-07-13,7,July,28,DMart-Thane-2,Thane,Personal Care,Oil,1,145,0.28,104.4,29.11,Cash
ORD05987,2023-06-23,6,June,25,DMart-Nagpur-2,Nagpur,Dairy,Oil,2,133,0.0,266.0,58.08,UPI
ORD05988,2023-01-29,1,January,4,DMart-Nashik-2,Nashik,Beverages,Milk,4,20,0.09,72.8,8.64,UPI
ORD05989,2023-06-23,6,June,25,DMart-Pune-1,Pune,Personal Care,Juice,2,192,0.07,357.12,75.96,Wallet
ORD05990,2023-04-26,4,April,17,DMart-Mumbai-2,Mumbai,Beverages,Detergent,3,266,0.06,750.12,108.21,Card
ORD05991,2023-09-16,9,September,37,DMart-Mumbai-3,Mumbai,Groceries,Rice,5,34,0.09,154.7,18.63,Wallet
ORD05992,2023-09-07,9,September,36,DMart-Thane-2,Thane,Groceries,Biscuits,3,67,0.13,174.87,35.66,Cash
ORD05993,2023-05-18,5,May,20,DMart-Nashik-1,Nashik,Beverages,Water,1,22,0.07,20.46,4.41,Card
ORD05994,2023-07-04,7,July,27,DMart-Mumbai-2,Mumbai,Beverages,Detergent,3,218,0.2,523.2,69.2,Cash
ORD05995,2023-11-27,11,November,48,DMart-Pune-3,Pune,Dairy,Rice,2,129,0.0,258.0,30.7,Cash
ORD05996,2023-11-04,11,November,44,DMart-Mumbai-1,Mumbai,Household,Detergent,5,496,0.0,2480.0,449.36,Cash
ORD05997,2023-09-07,9,September,36,DMart-Thane-3,Thane,Groceries,Biscuits,3,253,0.03,736.23,208.96,UPI
ORD05998,2023-07-19,7,July,29,DMart-Nagpur-1,Nagpur,Personal Care,Tea,3,344,0.25,774.0,80.64,Cash
ORD05999,2023-07-20,7,July,29,DMart-Pune-1,Pune,Dairy,Bread,5,364,0.2,1456.0,421.05,Wallet
ORD06000,2023-06-27,6,June,26,DMart-Nagpur-2,Nagpur,Household,Juice,5,470,0.26,1739.0,437.75,UPI
ORD06001,2023-01-06,1,January,1,DMart-Mumbai-1,Mumbai,Groceries,Milk,5,151,0.15,641.75,74.49,UPI
ORD06002,2023-07-16,7,July,28,DMart-Mumbai-2,Mumbai,Dairy,Chips,4,165,0.12,580.8,145.44,Card
ORD06003,2023-05-30,5,May,22,DMart-Pune-2,Pune,Personal Care,Milk,5,78,0.29,276.9,51.94,Card
ORD06004,2023-04-22,4,April,16,DMart-Nagpur-3,Nagpur,Beverages,Sugar,5,206,0.11,916.7,156.78,Cash
ORD06005,2023-01-26,1,January,4,DMart-Pune-3,Pune,Household,Milk,1,479,0.13,416.73,101.59,Card
ORD06006,2023-08-29,8,August,35,DMart-Thane-3,Thane,Beverages,Eggs,3,237,0.04,682.56,179.03,UPI
ORD06007,2023-10-31,10,October,44,DMart-Thane-1,Thane,Dairy,Shampoo,1,231,0.01,228.69,66.5,Cash
ORD06008,2023-10-17,10,October,42,DMart-Mumbai-2,Mumbai,Dairy,Detergent,3,153,0.01,454.41,104.06,Card
ORD06009,2023-12-30,12,December,52,DMart-Nagpur-1,Nagpur,Beverages,Juice,1,246,0.04,236.16,63.1,Cash
ORD06010,2023-08-14,8,August,33,DMart-Mumbai-3,Mumbai,Groceries,Toothpaste,1,271,0.25,203.25,37.72,UPI
ORD06011,2023-07-05,7,July,27,DMart-Pune-1,Pune,Beverages,Bread,2,185,0.21,292.3,67.72,Card
ORD06012,2023-02-17,2,February,7,DMart-Thane-1,Thane,Personal Care,Tea,2,115,0.17,190.9,20.17,Card
ORD06013,2023-06-03,6,June,22,DMart-Nagpur-1,Nagpur,Personal Care,Sugar,3,209,0.21,495.33,52.66,UPI
ORD06014,2023-08-18,8,August,33,DMart-Nagpur-3,Nagpur,Beverages,Wheat,5,414,0.08,1904.4,401.63,Cash
ORD06015,2023-08-17,8,August,33,DMart-Thane-3,Thane,Household,Eggs,2,124,0.24,188.48,50.81,Wallet
ORD06016,2023-11-13,11,November,46,DMart-Nagpur-1,Nagpur,Groceries,Oil,5,409,0.05,1942.75,505.64,Card
ORD06017,2023-08-11,8,August,32,DMart-Nagpur-1,Nagpur,Dairy,Oil,1,435,0.25,326.25,87.48,Card
ORD06018,2023-07-17,7,July,29,DMart-Nagpur-3,Nagpur,Personal Care,Shampoo,4,448,0.12,1576.96,239.61,Card
ORD06019,2023-07-15,7,July,28,DMart-Pune-3,Pune,Beverages,Bread,1,480,0.17,398.4,60.67,Cash
ORD06020,2023-12-15,12,December,50,DMart-Pune-3,Pune,Beverages,Sugar,5,146,0.18,598.6,127.48,Wallet
ORD06021,2023-01-08,1,January,1,DMart-Pune-3,Pune,Household,Bread,1,241,0.0,241.0,31.05,Card
ORD06022,2023-02-24,2,February,8,DMart-Mumbai-3,Mumbai,Dairy,Shampoo,2,290,0.1,522.0,123.56,Cash
ORD06023,2023-05-07,5,May,18,DMart-Mumbai-2,Mumbai,Household,Bread,4,409,0.1,1472.4,392.51,Cash
ORD06024,2023-10-16,10,October,42,DMart-Pune-1,Pune,Groceries,Detergent,3,418,0.05,1191.3,245.43,Cash
ORD06025,2023-06-23,6,June,25,DMart-Thane-3,Thane,Groceries,Eggs,4,241,0.07,896.52,249.15,UPI
ORD06026,2023-01-28,1,January,4,DMart-Thane-3,Thane,Household,Soap,5,481,0.09,2188.55,226.98,Wallet
ORD06027,2023-11-23,11,November,47,DMart-Thane-3,Thane,Personal Care,Coffee,4,425,0.18,1394.0,179.08,Cash
ORD06028,2023-10-25,10,October,43,DMart-Mumbai-2,Mumbai,Groceries,Oil,1,188,0.27,137.24,27.16,Wallet
ORD06029,2023-01-18,1,January,3,DMart-Pune-2,Pune,Personal Care,Biscuits,3,170,0.11,453.9,130.38,Cash
ORD06030,2023-08-12,8,August,32,DMart-Nagpur-2,Nagpur,Beverages,Oil,5,146,0.14,627.8,163.04,UPI
ORD06031,2023-10-10,10,October,41,DMart-Nagpur-1,Nagpur,Dairy,Toothpaste,3,79,0.23,182.49,47.48,Wallet
ORD06032,2023-08-06,8,August,31,DMart-Nagpur-1,Nagpur,Household,Chips,4,488,0.19,1581.12,209.81,UPI
ORD06033,2023-07-29,7,July,30,DMart-Pune-2,Pune,Dairy,Soap,4,386,0.06,1451.36,193.73,UPI
ORD06034,2023-09-08,9,September,36,DMart-Mumbai-1,Mumbai,Dairy,Wheat,5,366,0.02,1793.4,384.14,Card
ORD06035,2023-07-29,7,July,30,DMart-Mumbai-2,Mumbai,Beverages,Water,1,369,0.29,261.99,75.27,UPI
ORD06036,2023-06-07,6,June,23,DMart-Nashik-2,Nashik,Groceries,Eggs,4,477,0.12,1679.04,341.97,UPI
ORD06037,2023-03-18,3,March,11,DMart-Thane-3,Thane,Personal Care,Detergent,5,216,0.02,1058.4,241.51,Wallet
ORD06038,2023-01-18,1,January,3,DMart-Mumbai-3,Mumbai,Groceries,Biscuits,1,318,0.15,270.3,69.87,Card
ORD06039,2023-04-06,4,April,14,DMart-Thane-2,Thane,Personal Care,Soap,2,403,0.14,693.16,104.02,UPI
ORD06040,2023-08-25,8,August,34,DMart-Nagpur-3,Nagpur,Household,Soap,1,43,0.06,40.42,11.88,Card
ORD06041,2023-04-09,4,April,14,DMart-Thane-3,Thane,Groceries,Toothpaste,3,116,0.27,254.04,59.65,Cash
ORD06042,2023-08-12,8,August,32,DMart-Pune-2,Pune,Dairy,Tissue,1,231,0.02,226.38,27.56,Wallet
ORD06043,2023-07-15,7,July,28,DMart-Nagpur-2,Nagpur,Groceries,Bread,2,247,0.08,454.48,87.37,UPI
ORD06044,2023-06-26,6,June,26,DMart-Nashik-3,Nashik,Groceries,Toothpaste,3,163,0.29,347.19,58.95,Wallet
ORD06045,2023-06-06,6,June,23,DMart-Nagpur-3,Nagpur,Dairy,Tea,1,52,0.24,39.52,7.09,Card
ORD06046,2023-10-31,10,October,44,DMart-Mumbai-1,Mumbai,Personal Care,Bread,2,226,0.15,384.2,87.37,Cash
ORD06047,2023-10-07,10,October,40,DMart-Mumbai-2,Mumbai,Household,Detergent,2,157,0.17,260.62,36.19,Card
ORD06048,2023-10-08,10,October,40,DMart-Nagpur-1,Nagpur,Personal Care,Biscuits,1,279,0.12,245.52,42.89,Cash
ORD06049,2023-09-23,9,September,38,DMart-Thane-2,Thane,Groceries,Detergent,3,475,0.28,1026.0,116.66,Cash
ORD06050,2023-12-10,12,December,49,DMart-Nagpur-3,Nagpur,Beverages,Milk,4,165,0.25,495.0,120.34,UPI
ORD06051,2023-08-10,8,August,32,DMart-Nashik-3,Nashik,Personal Care,Sugar,3,125,0.22,292.5,51.34,Wallet
ORD06052,2023-04-22,4,April,16,DMart-Mumbai-2,Mumbai,Dairy,Juice,3,60,0.18,147.6,20.52,Cash
ORD06053,2023-04-08,4,April,14,DMart-Nagpur-3,Nagpur,Dairy,Tea,2,410,0.18,672.4,166.5,Cash
ORD06054,2023-06-06,6,June,23,DMart-Thane-2,Thane,Groceries,Chips,2,352,0.0,704.0,179.69,UPI
ORD06055,2023-05-22,5,May,21,DMart-Thane-1,Thane,Groceries,Oil,3,225,0.15,573.75,104.7,UPI
ORD06056,2023-09-02,9,September,35,DMart-Pune-1,Pune,Household,Eggs,4,373,0.17,1238.36,324.42,UPI
ORD06057,2023-09-01,9,September,35,DMart-Nagpur-3,Nagpur,Dairy,Milk,4,345,0.25,1035.0,247.49,Cash
ORD06058,2023-10-13,10,October,41,DMart-Pune-3,Pune,Beverages,Sugar,2,196,0.21,309.68,66.87,UPI
ORD06059,2023-01-18,1,January,3,DMart-Mumbai-1,Mumbai,Groceries,Bread,4,122,0.15,414.8,46.74,UPI
ORD06060,2023-05-06,5,May,18,DMart-Nagpur-1,Nagpur,Beverages,Detergent,4,57,0.24,173.28,35.39,Cash
ORD06061,2023-03-21,3,March,12,DMart-Nagpur-1,Nagpur,Personal Care,Detergent,5,178,0.0,890.0,173.03,Card
ORD06062,2023-09-29,9,September,39,DMart-Thane-1,Thane,Groceries,Detergent,3,21,0.22,49.14,5.21,Cash
ORD06063,2023-08-02,8,August,31,DMart-Pune-1,Pune,Household,Coffee,2,58,0.16,97.44,19.7,Wallet
ORD06064,2023-11-09,11,November,45,DMart-Thane-1,Thane,Household,Soap,5,351,0.1,1579.5,444.06,UPI
ORD06065,2023-01-30,1,January,5,DMart-Nagpur-3,Nagpur,Dairy,Tissue,2,425,0.25,637.5,120.87,Cash
ORD06066,2023-05-21,5,May,20,DMart-Nashik-2,Nashik,Household,Juice,2,198,0.18,324.72,53.04,Wallet
ORD06067,2023-10-30,10,October,44,DMart-Thane-2,Thane,Dairy,Detergent,2,144,0.01,285.12,53.53,Card
ORD06068,2023-09-19,9,September,38,DMart-Nashik-3,Nashik,Groceries,Juice,1,460,0.1,414.0,77.15,UPI
ORD06069,2023-04-29,4,April,17,DMart-Thane-1,Thane,Personal Care,Wheat,5,275,0.0,1375.0,155.24,Card
ORD06070,2023-07-17,7,July,29,DMart-Nashik-2,Nashik,Groceries,Coffee,3,63,0.22,147.42,43.74,UPI
ORD06071,2023-10-15,10,October,41,DMart-Nashik-3,Nashik,Beverages,Rice,4,170,0.03,659.6,196.81,UPI
ORD06072,2023-01-20,1,January,3,DMart-Nagpur-2,Nagpur,Dairy,Tissue,4,407,0.04,1562.88,245.36,Card
ORD06073,2023-09-15,9,September,37,DMart-Thane-2,Thane,Personal Care,Chips,2,115,0.26,170.2,32.29,Wallet
ORD06074,2023-12-26,12,December,52,DMart-Nashik-1,Nashik,Personal Care,Sugar,2,494,0.25,741.0,192.83,Wallet
ORD06075,2023-08-24,8,August,34,DMart-Nashik-3,Nashik,Groceries,Juice,4,380,0.24,1155.2,159.01,Card
ORD06076,2023-11-24,11,November,47,DMart-Mumbai-1,Mumbai,Dairy,Sugar,5,228,0.18,934.8,254.23,Wallet
ORD06077,2023-07-04,7,July,27,DMart-Thane-2,Thane,Beverages,Coffee,4,58,0.18,190.24,39.9,UPI
ORD06078,2023-08-01,8,August,31,DMart-Nashik-2,Nashik,Dairy,Water,2,365,0.15,620.5,154.05,Card
ORD06079,2023-08-02,8,August,31,DMart-Nagpur-2,Nagpur,Household,Sugar,3,159,0.07,443.61,74.76,Wallet
ORD06080,2023-09-11,9,September,37,DMart-Pune-3,Pune,Beverages,Detergent,2,308,0.22,480.48,106.61,UPI
ORD06081,2023-07-31,7,July,31,DMart-Nagpur-2,Nagpur,Household,Sugar,5,368,0.29,1306.4,312.98,Card
ORD06082,2023-06-09,6,June,23,DMart-Nashik-3,Nashik,Household,Tissue,2,482,0.06,906.16,228.1,Wallet
ORD06083,2023-01-20,1,January,3,DMart-Pune-3,Pune,Dairy,Toothpaste,3,157,0.1,423.9,42.76,Wallet
ORD06084,2023-09-12,9,September,37,DMart-Thane-1,Thane,Dairy,Wheat,4,81,0.25,243.0,49.43,Card
ORD06085,2023-10-28,10,October,43,DMart-Mumbai-2,Mumbai,Household,Tissue,1,487,0.29,345.77,62.1,Cash
ORD06086,2023-04-30,4,April,17,DMart-Pune-1,Pune,Personal Care,Tea,2,126,0.18,206.64,32.72,Cash
ORD06087,2023-06-05,6,June,23,DMart-Thane-1,Thane,Personal Care,Eggs,1,150,0.2,120.0,15.76,Cash
ORD06088,2023-09-20,9,September,38,DMart-Nashik-1,Nashik,Beverages,Water,1,183,0.0,183.0,37.48,Cash
ORD06089,2023-11-11,11,November,45,DMart-Nagpur-3,Nagpur,Groceries,Tea,4,463,0.27,1351.96,331.33,UPI
ORD06090,2023-11-16,11,November,46,DMart-Mumbai-3,Mumbai,Groceries,Eggs,2,140,0.19,226.8,36.47,Wallet
ORD06091,2023-07-07,7,July,27,DMart-Nagpur-1,Nagpur,Dairy,Toothpaste,1,203,0.02,198.94,55.2,Card
ORD06092,2023-08-18,8,August,33,DMart-Pune-1,Pune,Beverages,Biscuits,4,183,0.09,666.12,136.08,UPI
ORD06093,2023-10-12,10,October,41,DMart-Mumbai-1,Mumbai,Groceries,Sugar,4,370,0.21,1169.2,291.88,Card
ORD06094,2023-07-21,7,July,29,DMart-Thane-2,Thane,Beverages,Wheat,4,181,0.06,680.56,139.29,Card
ORD06095,2023-03-01,3,March,9,DMart-Nagpur-1,Nagpur,Household,Wheat,1,227,0.24,172.52,18.24,Wallet
ORD06096,2023-03-01,3,March,9,DMart-Nagpur-2,Nagpur,Groceries,Juice,3,357,0.06,1006.74,298.68,Wallet
ORD06097,2023-07-27,7,July,30,DMart-Thane-1,Thane,Dairy,Rice,3,170,0.22,397.8,69.58,Wallet
ORD06098,2023-12-26,12,December,52,DMart-Thane-3,Thane,Household,Sugar,3,63,0.06,177.66,25.94,Wallet
ORD06099,2023-11-14,11,November,46,DMart-Pune-2,Pune,Beverages,Tea,3,254,0.27,556.26,143.75,Wallet
ORD06100,2023-01-09,1,January,2,DMart-Nagpur-1,Nagpur,Household,Water,3,117,0.24,266.76,80.0,Cash
ORD06101,2023-07-10,7,July,28,DMart-Thane-2,Thane,Dairy,Eggs,5,465,0.17,1929.75,253.72,Card
ORD06102,2023-11-08,11,November,45,DMart-Thane-3,Thane,Household,Juice,4,224,0.23,689.92,75.92,Cash
ORD06103,2023-09-21,9,September,38,DMart-Pune-2,Pune,Beverages,Tea,5,284,0.01,1405.8,221.68,Cash
ORD06104,2023-04-09,4,April,14,DMart-Pune-3,Pune,Dairy,Juice,3,500,0.16,1260.0,238.12,Cash
ORD06105,2023-03-12,3,March,10,DMart-Nagpur-2,Nagpur,Groceries,Water,5,484,0.28,1742.4,258.27,Cash
ORD06106,2023-03-26,3,March,12,DMart-Pune-2,Pune,Household,Bread,1,126,0.19,102.06,23.4,Card
ORD06107,2023-04-21,4,April,16,DMart-Thane-3,Thane,Dairy,Sugar,2,63,0.08,115.92,34.63,Card
ORD06108,2023-06-19,6,June,25,DMart-Nagpur-2,Nagpur,Household,Tea,5,332,0.0,1660.0,471.34,UPI
ORD06109,2023-06-25,6,June,25,DMart-Pune-1,Pune,Personal Care,Water,5,420,0.15,1785.0,225.31,Cash
ORD06110,2023-07-15,7,July,28,DMart-Pune-1,Pune,Personal Care,Eggs,4,198,0.27,578.16,118.74,Wallet
ORD06111,2023-12-24,12,December,51,DMart-Nagpur-1,Nagpur,Beverages,Sugar,1,75,0.09,68.25,8.18,Wallet
ORD06112,2023-08-22,8,August,34,DMart-Thane-2,Thane,Personal Care,Coffee,5,269,0.11,1197.05,312.32,UPI
ORD06113,2023-03-07,3,March,10,DMart-Nagpur-2,Nagpur,Beverages,Milk,5,465,0.12,2046.0,400.79,Cash
ORD06114,2023-10-29,10,October,43,DMart-Mumbai-2,Mumbai,Personal Care,Juice,3,180,0.24,410.4,78.1,UPI
ORD06115,2023-01-16,1,January,3,DMart-Thane-3,Thane,Beverages,Toothpaste,1,155,0.29,110.05,14.6,Card
ORD06116,2023-06-02,6,June,22,DMart-Thane-1,Thane,Household,Eggs,5,493,0.04,2366.4,415.1,Wallet
ORD06117,2023-07-26,7,July,30,DMart-Nashik-1,Nashik,Groceries,Shampoo,4,140,0.12,492.8,97.27,Wallet
ORD06118,2023-09-17,9,September,37,DMart-Nagpur-3,Nagpur,Household,Water,1,466,0.16,391.44,99.11,Wallet
ORD06119,2023-04-29,4,April,17,DMart-Thane-1,Thane,Beverages,Sugar,5,82,0.22,319.8,47.29,Cash
ORD06120,2023-11-16,11,November,46,DMart-Nagpur-2,Nagpur,Household,Toothpaste,3,47,0.25,105.75,16.73,Card
ORD06121,2023-04-06,4,April,14,DMart-Pune-3,Pune,Groceries,Tea,2,251,0.11,446.78,71.5,UPI
ORD06122,2023-09-03,9,September,35,DMart-Nagpur-2,Nagpur,Personal Care,Tissue,1,52,0.19,42.12,7.03,UPI
ORD06123,2023-10-09,10,October,41,DMart-Mumbai-2,Mumbai,Beverages,Coffee,1,483,0.14,415.38,67.92,UPI
ORD06124,2023-11-09,11,November,45,DMart-Mumbai-3,Mumbai,Beverages,Oil,1,215,0.07,199.95,37.94,Cash
ORD06125,2023-04-27,4,April,17,DMart-Thane-2,Thane,Personal Care,Chips,5,287,0.19,1162.35,276.46,Cash
ORD06126,2023-10-14,10,October,41,DMart-Thane-3,Thane,Household,Biscuits,4,273,0.14,939.12,93.99,Wallet
ORD06127,2023-07-03,7,July,27,DMart-Pune-1,Pune,Groceries,Rice,5,117,0.2,468.0,109.73,UPI
ORD06128,2023-06-15,6,June,24,DMart-Nagpur-2,Nagpur,Personal Care,Water,5,448,0.29,1590.4,476.03,Card
ORD06129,2023-12-13,12,December,50,DMart-Nagpur-3,Nagpur,Dairy,Water,4,67,0.24,203.68,40.02,Wallet
ORD06130,2023-04-03,4,April,14,DMart-Nagpur-3,Nagpur,Personal Care,Juice,4,394,0.23,1213.52,307.08,Wallet
ORD06131,2023-02-05,2,February,5,DMart-Pune-1,Pune,Dairy,Water,2,427,0.24,649.04,137.82,Cash
ORD06132,2023-05-04,5,May,18,DMart-Nashik-2,Nashik,Dairy,Rice,4,92,0.04,353.28,56.74,Wallet
ORD06133,2023-06-05,6,June,23,DMart-Nashik-2,Nashik,Household,Rice,4,149,0.12,524.48,90.87,Card
ORD06134,2023-10-18,10,October,42,DMart-Pune-2,Pune,Personal Care,Coffee,3,35,0.07,97.65,17.46,UPI
ORD06135,2023-05-12,5,May,19,DMart-Nagpur-1,Nagpur,Beverages,Chips,2,72,0.03,139.68,32.2,UPI
ORD06136,2023-01-25,1,January,4,DMart-Nagpur-3,Nagpur,Groceries,Tissue,1,454,0.22,354.12,47.92,UPI
ORD06137,2023-05-11,5,May,19,DMart-Thane-2,Thane,Dairy,Detergent,1,292,0.29,207.32,21.71,UPI
ORD06138,2023-01-10,1,January,2,DMart-Thane-2,Thane,Dairy,Biscuits,4,459,0.1,1652.4,173.79,Card
ORD06139,2023-07-24,7,July,30,DMart-Nashik-3,Nashik,Personal Care,Detergent,4,336,0.19,1088.64,117.45,Cash
ORD06140,2023-11-04,11,November,44,DMart-Mumbai-3,Mumbai,Dairy,Bread,1,116,0.25,87.0,24.47,Card
ORD06141,2023-01-08,1,January,1,DMart-Nagpur-3,Nagpur,Groceries,Shampoo,3,495,0.2,1188.0,227.19,Card
ORD06142,2023-12-22,12,December,51,DMart-Mumbai-2,Mumbai,Personal Care,Milk,5,236,0.13,1026.6,303.06,UPI
ORD06143,2023-09-03,9,September,35,DMart-Pune-1,Pune,Household,Tea,2,400,0.25,600.0,88.98,Card
ORD06144,2023-08-12,8,August,32,DMart-Nashik-1,Nashik,Dairy,Toothpaste,1,30,0.17,24.9,3.82,Card
ORD06145,2023-08-18,8,August,33,DMart-Thane-2,Thane,Personal Care,Water,4,62,0.27,181.04,48.02,UPI
ORD06146,2023-10-22,10,October,42,DMart-Pune-1,Pune,Groceries,Biscuits,4,394,0.09,1434.16,162.15,Cash
ORD06147,2023-10-01,10,October,39,DMart-Mumbai-3,Mumbai,Groceries,Toothpaste,4,345,0.28,993.6,148.19,Wallet
ORD06148,2023-07-08,7,July,27,DMart-Nashik-3,Nashik,Dairy,Milk,4,150,0.11,534.0,128.28,Card
ORD06149,2023-05-25,5,May,21,DMart-Nagpur-3,Nagpur,Groceries,Juice,1,85,0.07,79.05,19.93,Card
ORD06150,2023-07-30,7,July,30,DMart-Mumbai-2,Mumbai,Dairy,Tea,3,243,0.09,663.39,155.88,UPI
ORD06151,2023-12-28,12,December,52,DMart-Pune-3,Pune,Household,Detergent,3,78,0.21,184.86,26.26,UPI
ORD06152,2023-06-23,6,June,25,DMart-Nagpur-3,Nagpur,Dairy,Shampoo,4,195,0.04,748.8,199.09,Wallet
ORD06153,2023-11-28,11,November,48,DMart-Pune-1,Pune,Personal Care,Rice,5,375,0.02,1837.5,490.87,Card
ORD06154,2023-12-31,12,December,52,DMart-Pune-2,Pune,Beverages,Tea,1,453,0.07,421.29,104.39,Cash
ORD06155,2023-08-26,8,August,34,DMart-Mumbai-1,Mumbai,Household,Shampoo,5,65,0.27,237.25,58.61,Card
ORD06156,2023-12-24,12,December,51,DMart-Thane-2,Thane,Dairy,Tissue,3,362,0.01,1075.14,270.55,Card
ORD06157,2023-05-18,5,May,20,DMart-Mumbai-1,Mumbai,Beverages,Juice,2,59,0.01,116.82,21.06,Wallet
ORD06158,2023-02-25,2,February,8,DMart-Pune-1,Pune,Household,Oil,3,420,0.24,957.6,209.11,Wallet
ORD06159,2023-03-21,3,March,12,DMart-Nagpur-3,Nagpur,Dairy,Chips,1,424,0.07,394.32,48.8,Card
ORD06160,2023-07-13,7,July,28,DMart-Nashik-3,Nashik,Dairy,Toothpaste,5,411,0.25,1541.25,231.27,UPI
ORD06161,2023-10-08,10,October,40,DMart-Mumbai-3,Mumbai,Beverages,Rice,1,150,0.01,148.5,32.21,UPI
ORD06162,2023-02-25,2,February,8,DMart-Nashik-3,Nashik,Groceries,Biscuits,5,261,0.15,1109.25,164.82,Card
ORD06163,2023-12-17,12,December,50,DMart-Thane-2,Thane,Household,Eggs,1,33,0.07,30.69,7.73,UPI
ORD06164,2023-04-06,4,April,14,DMart-Pune-3,Pune,Personal Care,Bread,1,92,0.28,66.24,11.01,Card
ORD06165,2023-12-28,12,December,52,DMart-Thane-1,Thane,Personal Care,Biscuits,2,439,0.28,632.16,127.06,Wallet
ORD06166,2023-07-10,7,July,28,DMart-Nashik-2,Nashik,Beverages,Water,4,395,0.17,1311.4,312.49,UPI
ORD06167,2023-11-01,11,November,44,DMart-Thane-1,Thane,Household,Soap,3,317,0.06,893.94,102.2,Card
ORD06168,2023-02-10,2,February,6,DMart-Nagpur-2,Nagpur,Household,Tissue,3,280,0.24,638.4,120.65,UPI
ORD06169,2023-09-29,9,September,39,DMart-Nashik-2,Nashik,Household,Rice,4,194,0.05,737.2,180.77,UPI
ORD06170,2023-11-06,11,November,45,DMart-Nagpur-3,Nagpur,Household,Tea,1,121,0.21,95.59,25.88,Wallet
ORD06171,2023-07-05,7,July,27,DMart-Pune-2,Pune,Beverages,Detergent,1,226,0.26,167.24,31.81,Card
ORD06172,2023-08-03,8,August,31,DMart-Nashik-3,Nashik,Beverages,Bread,4,367,0.2,1174.4,227.31,UPI
ORD06173,2023-03-22,3,March,12,DMart-Nagpur-2,Nagpur,Groceries,Tea,5,500,0.25,1875.0,427.07,Card
ORD06174,2023-09-24,9,September,38,DMart-Thane-2,Thane,Beverages,Tea,5,47,0.17,195.05,53.47,UPI
ORD06175,2023-01-18,1,January,3,DMart-Nashik-1,Nashik,Beverages,Coffee,2,473,0.01,936.54,140.87,Cash
ORD06176,2023-08-25,8,August,34,DMart-Pune-2,Pune,Dairy,Toothpaste,1,317,0.2,253.6,45.59,Card
ORD06177,2023-09-03,9,September,35,DMart-Thane-2,Thane,Dairy,Coffee,2,334,0.01,661.32,85.85,Card
ORD06178,2023-05-18,5,May,20,DMart-Nashik-3,Nashik,Personal Care,Rice,1,140,0.18,114.8,22.59,Cash
ORD06179,2023-03-03,3,March,9,DMart-Nashik-3,Nashik,Dairy,Sugar,2,49,0.24,74.48,13.37,UPI
ORD06180,2023-11-09,11,November,45,DMart-Nagpur-1,Nagpur,Personal Care,Sugar,3,336,0.29,715.68,89.51,Cash
ORD06181,2023-11-23,11,November,47,DMart-Mumbai-1,Mumbai,Personal Care,Water,4,359,0.08,1321.12,259.84,Wallet
ORD06182,2023-12-22,12,December,51,DMart-Mumbai-3,Mumbai,Beverages,Soap,4,113,0.1,406.8,74.88,Cash
ORD06183,2023-10-06,10,October,40,DMart-Mumbai-2,Mumbai,Groceries,Soap,2,370,0.0,740.0,170.41,Wallet
ORD06184,2023-02-10,2,February,6,DMart-Thane-1,Thane,Dairy,Detergent,1,111,0.1,99.9,13.15,Cash
ORD06185,2023-01-31,1,January,5,DMart-Thane-3,Thane,Beverages,Coffee,4,55,0.28,158.4,27.8,Card
ORD06186,2023-04-18,4,April,16,DMart-Nagpur-3,Nagpur,Household,Wheat,1,213,0.25,159.75,25.46,UPI
ORD06187,2023-02-19,2,February,7,DMart-Pune-2,Pune,Personal Care,Water,2,91,0.04,174.72,47.22,Wallet
ORD06188,2023-05-10,5,May,19,DMart-Nagpur-1,Nagpur,Personal Care,Shampoo,1,79,0.12,69.52,7.62,Cash
ORD06189,2023-08-09,8,August,32,DMart-Thane-1,Thane,Dairy,Tea,4,271,0.16,910.56,187.87,UPI
ORD06190,2023-02-07,2,February,6,DMart-Mumbai-3,Mumbai,Groceries,Shampoo,1,298,0.01,295.02,33.04,Cash
ORD06191,2023-09-15,9,September,37,DMart-Mumbai-2,Mumbai,Personal Care,Shampoo,5,337,0.23,1297.45,141.81,Cash
ORD06192,2023-08-22,8,August,34,DMart-Nashik-2,Nashik,Beverages,Wheat,4,412,0.08,1516.16,292.6,Wallet
ORD06193,2023-06-19,6,June,25,DMart-Nashik-3,Nashik,Beverages,Tissue,3,252,0.14,650.16,142.07,UPI
ORD06194,2023-04-26,4,April,17,DMart-Thane-3,Thane,Personal Care,Water,3,465,0.2,1116.0,243.08,Card
ORD06195,2023-09-08,9,September,36,DMart-Thane-1,Thane,Groceries,Sugar,5,438,0.24,1664.4,372.16,UPI
ORD06196,2023-09-05,9,September,36,DMart-Nashik-1,Nashik,Beverages,Detergent,4,296,0.1,1065.6,141.14,Cash
ORD06197,2023-10-03,10,October,40,DMart-Pune-1,Pune,Beverages,Rice,2,181,0.06,340.28,52.03,Cash
ORD06198,2023-05-16,5,May,20,DMart-Mumbai-1,Mumbai,Dairy,Tissue,4,33,0.27,96.36,10.26,UPI
ORD06199,2023-07-21,7,July,29,DMart-Nashik-1,Nashik,Beverages,Tea,3,192,0.14,495.36,83.94,Wallet
ORD06200,2023-05-29,5,May,22,DMart-Mumbai-2,Mumbai,Personal Care,Sugar,5,127,0.04,609.6,102.6,Wallet
ORD06201,2023-03-14,3,March,11,DMart-Nagpur-2,Nagpur,Groceries,Eggs,3,118,0.16,297.36,39.48,UPI
ORD06202,2023-07-18,7,July,29,DMart-Mumbai-1,Mumbai,Dairy,Soap,1,463,0.17,384.29,97.35,Card
ORD06203,2023-10-11,10,October,41,DMart-Thane-3,Thane,Household,Rice,5,475,0.22,1852.5,344.28,Cash
ORD06204,2023-02-24,2,February,8,DMart-Nashik-3,Nashik,Beverages,Bread,1,277,0.09,252.07,40.56,UPI
ORD06205,2023-01-31,1,January,5,DMart-Mumbai-2,Mumbai,Beverages,Water,4,368,0.29,1045.12,205.62,Cash
ORD06206,2023-03-10,3,March,10,DMart-Thane-1,Thane,Groceries,Tea,4,379,0.16,1273.44,154.27,Cash
ORD06207,2023-12-04,12,December,49,DMart-Mumbai-3,Mumbai,Personal Care,Tea,4,480,0.07,1785.6,504.56,Cash
ORD06208,2023-06-20,6,June,25,DMart-Mumbai-2,Mumbai,Personal Care,Milk,2,267,0.26,395.16,91.16,Cash
ORD06209,2023-01-07,1,January,1,DMart-Thane-2,Thane,Groceries,Tea,4,499,0.17,1656.68,301.65,Wallet
ORD06210,2023-05-21,5,May,20,DMart-Pune-3,Pune,Beverages,Juice,3,71,0.15,181.05,50.2,Card
ORD06211,2023-08-07,8,August,32,DMart-Mumbai-3,Mumbai,Household,Tissue,2,191,0.2,305.6,59.08,Card
ORD06212,2023-03-30,3,March,13,DMart-Thane-1,Thane,Personal Care,Chips,4,247,0.17,820.04,177.61,Wallet
ORD06213,2023-09-04,9,September,36,DMart-Nagpur-1,Nagpur,Household,Soap,1,211,0.12,185.68,41.83,Cash
ORD06214,2023-04-25,4,April,17,DMart-Mumbai-2,Mumbai,Dairy,Bread,4,356,0.23,1096.48,291.38,Card
ORD06215,2023-12-13,12,December,50,DMart-Thane-2,Thane,Household,Rice,1,200,0.21,158.0,29.7,Cash
ORD06216,2023-06-29,6,June,26,DMart-Thane-3,Thane,Household,Oil,4,332,0.23,1022.56,238.75,UPI
ORD06217,2023-03-14,3,March,11,DMart-Mumbai-3,Mumbai,Groceries,Soap,3,353,0.15,900.15,254.0,Card
ORD06218,2023-10-30,10,October,44,DMart-Thane-2,Thane,Groceries,Juice,1,379,0.11,337.31,76.81,Card
ORD06219,2023-12-18,12,December,51,DMart-Nagpur-1,Nagpur,Dairy,Soap,5,431,0.24,1637.8,259.17,UPI
ORD06220,2023-12-16,12,December,50,DMart-Mumbai-2,Mumbai,Personal Care,Rice,5,114,0.23,438.9,110.95,Card
ORD06221,2023-12-23,12,December,51,DMart-Thane-1,Thane,Personal Care,Juice,2,47,0.0,94.0,27.64,Cash
ORD06222,2023-06-29,6,June,26,DMart-Nashik-2,Nashik,Household,Sugar,3,130,0.29,276.9,38.77,UPI
ORD06223,2023-07-28,7,July,30,DMart-Nashik-3,Nashik,Beverages,Soap,5,242,0.01,1197.9,285.67,Wallet
ORD06224,2023-08-15,8,August,33,DMart-Pune-2,Pune,Beverages,Soap,2,269,0.09,489.58,137.29,Cash
ORD06225,2023-12-27,12,December,52,DMart-Nagpur-2,Nagpur,Personal Care,Juice,2,218,0.03,422.92,110.02,Card
ORD06226,2023-05-04,5,May,18,DMart-Thane-1,Thane,Household,Rice,3,228,0.15,581.4,93.19,UPI
ORD06227,2023-03-13,3,March,11,DMart-Thane-1,Thane,Household,Water,3,140,0.16,352.8,69.36,UPI
ORD06228,2023-10-26,10,October,43,DMart-Mumbai-1,Mumbai,Groceries,Chips,2,235,0.17,390.1,94.37,Card
ORD06229,2023-06-28,6,June,26,DMart-Nagpur-2,Nagpur,Household,Shampoo,2,424,0.12,746.24,95.5,UPI
ORD06230,2023-04-25,4,April,17,DMart-Nashik-1,Nashik,Dairy,Oil,5,192,0.03,931.2,117.45,Wallet
ORD06231,2023-07-21,7,July,29,DMart-Thane-1,Thane,Dairy,Water,1,156,0.08,143.52,37.24,Wallet
ORD06232,2023-05-10,5,May,19,DMart-Nashik-1,Nashik,Personal Care,Shampoo,3,237,0.22,554.58,75.66,UPI
ORD06233,2023-06-05,6,June,23,DMart-Nashik-1,Nashik,Household,Water,5,225,0.25,843.75,140.24,Cash
ORD06234,2023-07-31,7,July,31,DMart-Pune-1,Pune,Groceries,Bread,3,264,0.02,776.16,149.24,Card
ORD06235,2023-12-19,12,December,51,DMart-Mumbai-1,Mumbai,Household,Milk,3,172,0.08,474.72,108.46,Card
ORD06236,2023-01-04,1,January,1,DMart-Thane-3,Thane,Beverages,Rice,4,432,0.08,1589.76,376.12,Cash
ORD06237,2023-09-06,9,September,36,DMart-Mumbai-2,Mumbai,Personal Care,Juice,5,179,0.14,769.7,156.66,UPI
ORD06238,2023-10-07,10,October,40,DMart-Nagpur-3,Nagpur,Groceries,Soap,4,111,0.13,386.28,42.22,UPI
ORD06239,2023-04-11,4,April,15,DMart-Nashik-2,Nashik,Household,Biscuits,5,166,0.05,788.5,179.34,UPI
ORD06240,2023-05-12,5,May,19,DMart-Nashik-2,Nashik,Dairy,Biscuits,5,166,0.17,688.9,85.24,Cash
ORD06241,2023-12-06,12,December,49,DMart-Nagpur-1,Nagpur,Beverages,Eggs,2,433,0.09,788.06,95.81,Card
ORD06242,2023-06-09,6,June,23,DMart-Nashik-1,Nashik,Groceries,Juice,3,433,0.03,1260.03,152.01,Cash
ORD06243,2023-01-17,1,January,3,DMart-Thane-2,Thane,Beverages,Oil,4,364,0.27,1062.88,153.56,Cash
ORD06244,2023-11-19,11,November,46,DMart-Nagpur-3,Nagpur,Household,Bread,2,279,0.3,390.6,101.95,Card
ORD06245,2023-05-25,5,May,21,DMart-Mumbai-2,Mumbai,Groceries,Tissue,1,365,0.04,350.4,67.18,UPI
ORD06246,2023-08-15,8,August,33,DMart-Pune-3,Pune,Groceries,Coffee,3,488,0.12,1288.32,295.59,UPI
ORD06247,2023-11-05,11,November,44,DMart-Thane-1,Thane,Household,Rice,4,69,0.09,251.16,38.75,Card
ORD06248,2023-01-08,1,January,1,DMart-Nashik-3,Nashik,Groceries,Detergent,2,356,0.0,712.0,184.17,UPI
ORD06249,2023-03-27,3,March,13,DMart-Nagpur-1,Nagpur,Personal Care,Wheat,1,153,0.19,123.93,27.7,Card
ORD06250,2023-10-12,10,October,41,DMart-Pune-2,Pune,Groceries,Toothpaste,5,99,0.07,460.35,88.81,Card
ORD06251,2023-03-06,3,March,10,DMart-Mumbai-1,Mumbai,Beverages,Juice,4,304,0.3,851.2,107.17,UPI
ORD06252,2023-05-02,5,May,18,DMart-Mumbai-1,Mumbai,Personal Care,Tissue,4,183,0.05,695.4,207.33,Cash
ORD06253,2023-10-11,10,October,41,DMart-Mumbai-2,Mumbai,Beverages,Rice,5,316,0.0,1580.0,369.44,Cash
ORD06254,2023-01-04,1,January,1,DMart-Nagpur-3,Nagpur,Groceries,Soap,3,20,0.29,42.6,5.92,UPI
ORD06255,2023-10-07,10,October,40,DMart-Thane-3,Thane,Household,Water,4,396,0.2,1267.2,167.33,UPI
ORD06256,2023-01-27,1,January,4,DMart-Nagpur-3,Nagpur,Groceries,Eggs,1,252,0.01,249.48,74.1,Cash
ORD06257,2023-08-06,8,August,31,DMart-Thane-2,Thane,Dairy,Bread,5,124,0.14,533.2,93.68,Wallet
ORD06258,2023-03-27,3,March,13,DMart-Thane-3,Thane,Beverages,Oil,1,157,0.11,139.73,37.76,Cash
ORD06259,2023-10-24,10,October,43,DMart-Nashik-3,Nashik,Groceries,Tissue,1,248,0.26,183.52,46.93,UPI
ORD06260,2023-08-21,8,August,34,DMart-Thane-1,Thane,Household,Milk,2,359,0.26,531.32,140.42,Card
ORD06261,2023-03-21,3,March,12,DMart-Pune-1,Pune,Personal Care,Tissue,3,130,0.17,323.7,82.15,Card
ORD06262,2023-10-26,10,October,43,DMart-Thane-2,Thane,Personal Care,Bread,5,122,0.18,500.2,127.19,Wallet
ORD06263,2023-11-27,11,November,48,DMart-Thane-1,Thane,Household,Shampoo,3,185,0.19,449.55,52.91,UPI
ORD06264,2023-04-28,4,April,17,DMart-Nashik-2,Nashik,Beverages,Soap,5,205,0.16,861.0,146.1,UPI
ORD06265,2023-09-21,9,September,38,DMart-Thane-1,Thane,Beverages,Soap,2,224,0.2,358.4,72.8,Cash
ORD06266,2023-08-11,8,August,32,DMart-Nagpur-3,Nagpur,Household,Sugar,3,33,0.1,89.1,26.02,Wallet
ORD06267,2023-07-07,7,July,27,DMart-Pune-2,Pune,Groceries,Eggs,2,377,0.18,618.28,112.45,Cash
ORD06268,2023-12-13,12,December,50,DMart-Thane-2,Thane,Groceries,Toothpaste,4,239,0.18,783.92,129.78,UPI
ORD06269,2023-11-30,11,November,48,DMart-Thane-1,Thane,Dairy,Wheat,5,257,0.24,976.6,276.66,Cash
ORD06270,2023-05-21,5,May,20,DMart-Nagpur-3,Nagpur,Beverages,Chips,5,492,0.02,2410.8,631.43,Cash
ORD06271,2023-08-31,8,August,35,DMart-Nagpur-3,Nagpur,Household,Bread,3,163,0.25,366.75,74.53,Wallet
ORD06272,2023-05-19,5,May,20,DMart-Nagpur-1,Nagpur,Groceries,Shampoo,1,450,0.18,369.0,101.01,UPI
ORD06273,2023-10-10,10,October,41,DMart-Nashik-3,Nashik,Personal Care,Detergent,5,197,0.26,728.9,76.11,Wallet
ORD06274,2023-12-03,12,December,48,DMart-Mumbai-1,Mumbai,Groceries,Bread,1,444,0.17,368.52,83.86,Card
ORD06275,2023-08-22,8,August,34,DMart-Nashik-1,Nashik,Groceries,Rice,4,311,0.09,1132.04,308.83,Card
ORD06276,2023-08-17,8,August,33,DMart-Nashik-2,Nashik,Dairy,Chips,5,356,0.04,1708.8,283.72,Card
ORD06277,2023-11-22,11,November,47,DMart-Thane-1,Thane,Household,Juice,5,32,0.08,147.2,27.21,Cash
ORD06278,2023-01-01,1,January,52,DMart-Pune-1,Pune,Beverages,Oil,5,375,0.03,1818.75,228.33,Wallet
ORD06279,2023-03-20,3,March,12,DMart-Pune-2,Pune,Dairy,Shampoo,5,170,0.2,680.0,201.45,Wallet
ORD06280,2023-12-14,12,December,50,DMart-Mumbai-1,Mumbai,Groceries,Wheat,3,89,0.03,258.99,55.54,Wallet
ORD06281,2023-11-30,11,November,48,DMart-Thane-1,Thane,Dairy,Tea,3,177,0.24,403.56,74.66,Card
ORD06282,2023-08-31,8,August,35,DMart-Pune-2,Pune,Dairy,Coffee,3,448,0.17,1115.52,218.46,Wallet
ORD06283,2023-07-17,7,July,29,DMart-Mumbai-3,Mumbai,Groceries,Soap,5,371,0.06,1743.7,290.61,Cash
ORD06284,2023-11-13,11,November,46,DMart-Nagpur-2,Nagpur,Groceries,Oil,4,38,0.07,141.36,21.69,Card
ORD06285,2023-11-18,11,November,46,DMart-Mumbai-1,Mumbai,Household,Sugar,3,27,0.28,58.32,14.87,UPI
ORD06286,2023-03-22,3,March,12,DMart-Nagpur-2,Nagpur,Groceries,Eggs,5,181,0.15,769.25,211.64,UPI
ORD06287,2023-04-20,4,April,16,DMart-Nagpur-2,Nagpur,Household,Juice,2,416,0.29,590.72,118.29,Wallet
ORD06288,2023-06-26,6,June,26,DMart-Nagpur-3,Nagpur,Beverages,Tea,3,392,0.11,1046.64,133.72,Wallet
ORD06289,2023-10-13,10,October,41,DMart-Nagpur-1,Nagpur,Personal Care,Chips,5,468,0.11,2082.6,218.45,Wallet
ORD06290,2023-05-17,5,May,20,DMart-Nashik-2,Nashik,Personal Care,Detergent,2,288,0.21,455.04,81.99,Wallet
ORD06291,2023-02-27,2,February,9,DMart-Pune-2,Pune,Groceries,Soap,1,46,0.05,43.7,7.37,Wallet
ORD06292,2023-11-25,11,November,47,DMart-Thane-1,Thane,Beverages,Shampoo,2,454,0.07,844.44,132.7,Card
ORD06293,2023-03-11,3,March,10,DMart-Nashik-2,Nashik,Household,Shampoo,3,166,0.14,428.28,43.35,Cash
ORD06294,2023-12-19,12,December,51,DMart-Pune-1,Pune,Beverages,Toothpaste,3,38,0.21,90.06,22.43,UPI
ORD06295,2023-09-04,9,September,36,DMart-Mumbai-2,Mumbai,Personal Care,Wheat,3,328,0.2,787.2,95.39,Cash
ORD06296,2023-10-30,10,October,44,DMart-Nashik-2,Nashik,Groceries,Water,5,121,0.2,484.0,91.08,Card
ORD06297,2023-12-02,12,December,48,DMart-Nagpur-3,Nagpur,Beverages,Biscuits,3,308,0.05,877.8,119.06,Cash
ORD06298,2023-12-07,12,December,49,DMart-Thane-2,Thane,Dairy,Eggs,2,472,0.09,859.04,99.06,Wallet
ORD06299,2023-08-25,8,August,34,DMart-Thane-3,Thane,Groceries,Sugar,1,286,0.27,208.78,25.39,Wallet
ORD06300,2023-08-15,8,August,33,DMart-Pune-2,Pune,Beverages,Tea,2,438,0.12,770.88,85.04,Cash
ORD06301,2023-10-31,10,October,44,DMart-Pune-2,Pune,Beverages,Detergent,2,329,0.14,565.88,67.83,UPI
ORD06302,2023-12-17,12,December,50,DMart-Thane-1,Thane,Household,Juice,3,414,0.15,1055.7,158.97,UPI
ORD06303,2023-11-22,11,November,47,DMart-Thane-3,Thane,Personal Care,Toothpaste,5,219,0.17,908.85,196.73,Wallet
ORD06304,2023-02-11,2,February,6,DMart-Nagpur-2,Nagpur,Groceries,Water,5,378,0.21,1493.1,292.8,Wallet
ORD06305,2023-06-07,6,June,23,DMart-Mumbai-2,Mumbai,Household,Chips,1,365,0.17,302.95,48.04,Wallet
ORD06306,2023-11-21,11,November,47,DMart-Nashik-2,Nashik,Dairy,Chips,1,391,0.28,281.52,67.24,Cash
ORD06307,2023-11-24,11,November,47,DMart-Mumbai-1,Mumbai,Beverages,Rice,1,119,0.04,114.24,34.11,Card
ORD06308,2023-06-13,6,June,24,DMart-Nashik-1,Nashik,Beverages,Coffee,2,51,0.29,72.42,16.34,Card
ORD06309,2023-06-22,6,June,25,DMart-Pune-3,Pune,Household,Biscuits,4,410,0.13,1426.8,306.26,Cash
ORD06310,2023-11-24,11,November,47,DMart-Nagpur-3,Nagpur,Personal Care,Bread,1,284,0.07,264.12,28.25,UPI
ORD06311,2023-08-19,8,August,33,DMart-Pune-3,Pune,Groceries,Eggs,5,420,0.22,1638.0,389.77,Card
ORD06312,2023-02-25,2,February,8,DMart-Mumbai-3,Mumbai,Dairy,Bread,3,411,0.1,1109.7,240.36,UPI
ORD06313,2023-04-01,4,April,13,DMart-Nashik-2,Nashik,Household,Biscuits,2,48,0.09,87.36,14.81,Wallet
ORD06314,2023-02-09,2,February,6,DMart-Pune-3,Pune,Personal Care,Oil,4,111,0.08,408.48,103.87,Cash
ORD06315,2023-05-25,5,May,21,DMart-Thane-3,Thane,Household,Milk,4,440,0.06,1654.4,209.71,Cash
ORD06316,2023-03-20,3,March,12,DMart-Mumbai-1,Mumbai,Groceries,Eggs,3,257,0.2,616.8,173.05,UPI
ORD06317,2023-09-26,9,September,39,DMart-Nagpur-2,Nagpur,Groceries,Sugar,1,214,0.24,162.64,36.8,Wallet
ORD06318,2023-04-29,4,April,17,DMart-Mumbai-1,Mumbai,Beverages,Toothpaste,2,126,0.08,231.84,54.7,UPI
ORD06319,2023-11-29,11,November,48,DMart-Thane-3,Thane,Dairy,Water,3,145,0.12,382.8,59.54,Wallet
ORD06320,2023-11-23,11,November,47,DMart-Mumbai-1,Mumbai,Household,Bread,5,432,0.21,1706.4,492.33,UPI
ORD06321,2023-06-19,6,June,25,DMart-Thane-3,Thane,Groceries,Milk,1,204,0.08,187.68,44.22,UPI
ORD06322,2023-06-29,6,June,26,DMart-Nagpur-3,Nagpur,Personal Care,Oil,2,86,0.21,135.88,23.95,Card
ORD06323,2023-01-23,1,January,4,DMart-Thane-2,Thane,Beverages,Shampoo,3,294,0.05,837.9,148.89,UPI
ORD06324,2023-05-06,5,May,18,DMart-Pune-2,Pune,Beverages,Chips,4,355,0.04,1363.2,375.49,Cash
ORD06325,2023-06-13,6,June,24,DMart-Mumbai-2,Mumbai,Dairy,Biscuits,4,43,0.28,123.84,14.29,UPI
ORD06326,2023-11-10,11,November,45,DMart-Thane-1,Thane,Groceries,Rice,3,156,0.2,374.4,77.19,UPI
ORD06327,2023-08-31,8,August,35,DMart-Mumbai-1,Mumbai,Dairy,Biscuits,3,120,0.01,356.4,71.75,Card
ORD06328,2023-08-03,8,August,31,DMart-Nagpur-1,Nagpur,Dairy,Tissue,3,132,0.11,352.44,102.21,UPI
ORD06329,2023-09-18,9,September,38,DMart-Nagpur-3,Nagpur,Household,Biscuits,1,304,0.16,255.36,64.87,Card
ORD06330,2023-04-18,4,April,16,DMart-Mumbai-1,Mumbai,Beverages,Tea,4,291,0.18,954.48,202.45,Card
ORD06331,2023-07-04,7,July,27,DMart-Nagpur-2,Nagpur,Dairy,Coffee,2,442,0.29,627.64,128.62,UPI
ORD06332,2023-07-27,7,July,30,DMart-Nagpur-2,Nagpur,Groceries,Water,3,315,0.0,945.0,151.95,Card
ORD06333,2023-01-14,1,January,2,DMart-Thane-2,Thane,Personal Care,Oil,3,433,0.0,1299.0,216.45,Wallet
ORD06334,2023-06-27,6,June,26,DMart-Mumbai-1,Mumbai,Household,Chips,5,324,0.2,1296.0,380.09,Wallet
ORD06335,2023-06-15,6,June,24,DMart-Thane-3,Thane,Personal Care,Tissue,5,464,0.15,1972.0,538.49,UPI
ORD06336,2023-03-25,3,March,12,DMart-Mumbai-1,Mumbai,Dairy,Eggs,2,168,0.01,332.64,50.03,Cash
ORD06337,2023-07-24,7,July,30,DMart-Nagpur-1,Nagpur,Groceries,Soap,1,313,0.27,228.49,24.55,Wallet
ORD06338,2023-02-21,2,February,8,DMart-Nashik-1,Nashik,Personal Care,Soap,2,408,0.1,734.4,160.35,Cash
ORD06339,2023-06-04,6,June,22,DMart-Mumbai-3,Mumbai,Groceries,Milk,2,448,0.17,743.68,133.55,UPI
ORD06340,2023-04-21,4,April,16,DMart-Nashik-1,Nashik,Household,Bread,1,230,0.08,211.6,21.24,UPI
ORD06341,2023-11-22,11,November,47,DMart-Thane-1,Thane,Beverages,Toothpaste,2,172,0.04,330.24,50.28,UPI
ORD06342,2023-03-29,3,March,13,DMart-Nashik-1,Nashik,Dairy,Toothpaste,2,31,0.07,57.66,13.74,Cash
ORD06343,2023-01-08,1,January,1,DMart-Thane-1,Thane,Groceries,Rice,2,117,0.14,201.24,41.31,UPI
ORD06344,2023-10-06,10,October,40,DMart-Thane-1,Thane,Beverages,Bread,2,359,0.1,646.2,72.55,Wallet
ORD06345,2023-10-18,10,October,42,DMart-Pune-3,Pune,Dairy,Oil,2,191,0.24,290.32,38.43,Wallet
ORD06346,2023-03-01,3,March,9,DMart-Thane-3,Thane,Personal Care,Coffee,5,114,0.08,524.4,146.23,Card
ORD06347,2023-07-28,7,July,30,DMart-Nashik-1,Nashik,Personal Care,Coffee,1,166,0.28,119.52,30.3,Wallet
ORD06348,2023-08-23,8,August,34,DMart-Nagpur-3,Nagpur,Dairy,Biscuits,1,212,0.28,152.64,23.66,UPI
ORD06349,2023-01-01,1,January,52,DMart-Nashik-3,Nashik,Groceries,Tea,1,325,0.12,286.0,42.67,UPI
ORD06350,2023-07-12,7,July,28,DMart-Pune-3,Pune,Dairy,Wheat,2,268,0.29,380.56,47.34,Wallet
ORD06351,2023-08-29,8,August,35,DMart-Nashik-1,Nashik,Personal Care,Bread,4,55,0.23,169.4,48.53,UPI
ORD06352,2023-08-08,8,August,32,DMart-Thane-2,Thane,Household,Bread,3,94,0.1,253.8,66.58,Wallet
ORD06353,2023-12-29,12,December,52,DMart-Thane-3,Thane,Personal Care,Tea,5,120,0.23,462.0,114.69,Card
ORD06354,2023-04-10,4,April,15,DMart-Mumbai-3,Mumbai,Dairy,Detergent,3,52,0.13,135.72,18.08,UPI
ORD06355,2023-04-06,4,April,14,DMart-Nashik-1,Nashik,Household,Bread,2,457,0.06,859.16,175.62,Cash
ORD06356,2023-04-11,4,April,15,DMart-Mumbai-1,Mumbai,Beverages,Detergent,2,110,0.06,206.8,34.65,Wallet
ORD06357,2023-03-16,3,March,11,DMart-Nashik-3,Nashik,Groceries,Coffee,5,414,0.27,1511.1,364.29,Cash
ORD06358,2023-12-18,12,December,51,DMart-Nashik-3,Nashik,Beverages,Oil,1,173,0.05,164.35,26.67,UPI
ORD06359,2023-04-05,4,April,14,DMart-Mumbai-1,Mumbai,Beverages,Milk,3,435,0.12,1148.4,216.54,UPI
ORD06360,2023-10-22,10,October,42,DMart-Thane-3,Thane,Beverages,Soap,3,37,0.13,96.57,27.21,UPI
ORD06361,2023-04-11,4,April,15,DMart-Pune-3,Pune,Beverages,Tea,3,77,0.29,164.01,22.85,UPI
ORD06362,2023-04-17,4,April,16,DMart-Mumbai-2,Mumbai,Personal Care,Detergent,5,280,0.11,1246.0,320.91,Cash
ORD06363,2023-06-24,6,June,25,DMart-Pune-3,Pune,Groceries,Soap,3,316,0.1,853.2,181.12,Card
ORD06364,2023-01-31,1,January,5,DMart-Thane-3,Thane,Dairy,Detergent,4,196,0.04,752.64,109.13,UPI
ORD06365,2023-01-08,1,January,1,DMart-Mumbai-2,Mumbai,Personal Care,Rice,5,22,0.13,95.7,26.3,Wallet
ORD06366,2023-11-05,11,November,44,DMart-Pune-2,Pune,Household,Toothpaste,3,442,0.12,1166.88,275.68,Wallet
ORD06367,2023-11-19,11,November,46,DMart-Pune-1,Pune,Dairy,Biscuits,5,400,0.03,1940.0,298.32,Card
ORD06368,2023-11-27,11,November,48,DMart-Thane-1,Thane,Beverages,Water,5,41,0.2,164.0,41.69,UPI
ORD06369,2023-12-07,12,December,49,DMart-Nashik-2,Nashik,Personal Care,Milk,1,452,0.23,348.04,46.83,UPI
ORD06370,2023-12-13,12,December,50,DMart-Thane-2,Thane,Beverages,Biscuits,1,476,0.25,357.0,43.59,Cash
ORD06371,2023-07-08,7,July,27,DMart-Thane-2,Thane,Personal Care,Biscuits,3,111,0.02,326.34,41.96,Wallet
ORD06372,2023-08-17,8,August,33,DMart-Mumbai-1,Mumbai,Household,Juice,5,33,0.26,122.1,18.69,Card
ORD06373,2023-10-19,10,October,42,DMart-Nashik-2,Nashik,Beverages,Water,1,267,0.07,248.31,34.78,Card
ORD06374,2023-03-29,3,March,13,DMart-Nagpur-1,Nagpur,Beverages,Toothpaste,2,408,0.22,636.48,83.49,Card
ORD06375,2023-05-19,5,May,20,DMart-Pune-2,Pune,Dairy,Soap,1,228,0.09,207.48,61.77,Cash
ORD06376,2023-12-23,12,December,51,DMart-Thane-3,Thane,Personal Care,Eggs,3,56,0.04,161.28,44.82,Card
ORD06377,2023-04-08,4,April,14,DMart-Nashik-3,Nashik,Groceries,Oil,1,331,0.1,297.9,70.06,Wallet
ORD06378,2023-10-01,10,October,39,DMart-Mumbai-2,Mumbai,Groceries,Soap,3,336,0.07,937.44,229.97,UPI
ORD06379,2023-03-25,3,March,12,DMart-Pune-2,Pune,Dairy,Biscuits,4,397,0.08,1460.96,317.46,Wallet
ORD06380,2023-10-09,10,October,41,DMart-Nagpur-1,Nagpur,Groceries,Tea,4,242,0.2,774.4,174.41,Card
ORD06381,2023-05-25,5,May,21,DMart-Thane-2,Thane,Household,Bread,2,231,0.01,457.38,88.43,Cash
ORD06382,2023-08-24,8,August,34,DMart-Mumbai-1,Mumbai,Groceries,Detergent,1,396,0.23,304.92,34.71,Cash
ORD06383,2023-03-11,3,March,10,DMart-Thane-2,Thane,Beverages,Toothpaste,1,288,0.11,256.32,45.71,Card
ORD06384,2023-03-07,3,March,10,DMart-Thane-1,Thane,Groceries,Oil,5,398,0.15,1691.5,273.14,Cash
ORD06385,2023-01-14,1,January,2,DMart-Nashik-1,Nashik,Beverages,Shampoo,1,319,0.26,236.06,26.19,Cash
ORD06386,2023-08-13,8,August,32,DMart-Pune-2,Pune,Dairy,Bread,1,372,0.23,286.44,76.76,UPI
ORD06387,2023-01-16,1,January,3,DMart-Nagpur-1,Nagpur,Household,Toothpaste,2,327,0.0,654.0,158.65,Card
ORD06388,2023-01-29,1,January,4,DMart-Thane-2,Thane,Groceries,Shampoo,1,86,0.01,85.14,16.32,Card
ORD06389,2023-12-17,12,December,50,DMart-Pune-1,Pune,Groceries,Eggs,3,34,0.11,90.78,23.35,Cash
ORD06390,2023-07-06,7,July,27,DMart-Nagpur-1,Nagpur,Household,Detergent,5,253,0.1,1138.5,122.71,Cash
ORD06391,2023-08-09,8,August,32,DMart-Nagpur-3,Nagpur,Beverages,Tea,1,351,0.08,322.92,39.78,UPI
ORD06392,2023-06-26,6,June,26,DMart-Pune-2,Pune,Beverages,Sugar,1,226,0.18,185.32,31.55,UPI
ORD06393,2023-08-23,8,August,34,DMart-Pune-1,Pune,Groceries,Coffee,2,370,0.02,725.2,122.23,Wallet
ORD06394,2023-02-28,2,February,9,DMart-Nagpur-1,Nagpur,Beverages,Oil,1,82,0.02,80.36,22.62,UPI
ORD06395,2023-08-30,8,August,35,DMart-Mumbai-2,Mumbai,Beverages,Oil,3,126,0.19,306.18,42.42,Cash
ORD06396,2023-07-21,7,July,29,DMart-Thane-3,Thane,Personal Care,Oil,1,186,0.2,148.8,22.46,Wallet
ORD06397,2023-04-06,4,April,14,DMart-Nagpur-2,Nagpur,Beverages,Chips,1,130,0.27,94.9,22.75,UPI
ORD06398,2023-09-13,9,September,37,DMart-Thane-3,Thane,Dairy,Sugar,1,94,0.14,80.84,10.43,Cash
ORD06399,2023-10-07,10,October,40,DMart-Nagpur-3,Nagpur,Beverages,Toothpaste,2,436,0.09,793.52,226.38,Wallet
ORD06400,2023-01-18,1,January,3,DMart-Nashik-2,Nashik,Household,Juice,3,85,0.24,193.8,56.02,UPI
ORD06401,2023-07-28,7,July,30,DMart-Thane-3,Thane,Groceries,Wheat,1,364,0.29,258.44,73.95,UPI
ORD06402,2023-02-08,2,February,6,DMart-Thane-1,Thane,Beverages,Oil,1,415,0.0,415.0,108.84,Cash
ORD06403,2023-03-26,3,March,12,DMart-Nashik-2,Nashik,Groceries,Tea,5,425,0.04,2040.0,474.0,UPI
ORD06404,2023-09-22,9,September,38,DMart-Thane-3,Thane,Personal Care,Detergent,3,459,0.23,1060.29,122.33,Card
ORD06405,2023-11-15,11,November,46,DMart-Nashik-2,Nashik,Beverages,Milk,2,155,0.09,282.1,68.14,Cash
ORD06406,2023-03-18,3,March,11,DMart-Nashik-3,Nashik,Personal Care,Water,2,153,0.15,260.1,38.64,Wallet
ORD06407,2023-11-17,11,November,46,DMart-Mumbai-2,Mumbai,Personal Care,Water,3,477,0.17,1187.73,133.63,Cash
ORD06408,2023-06-21,6,June,25,DMart-Mumbai-3,Mumbai,Dairy,Sugar,2,309,0.22,482.04,132.85,Card
ORD06409,2023-04-07,4,April,14,DMart-Pune-1,Pune,Personal Care,Rice,4,272,0.15,924.8,206.7,Wallet
ORD06410,2023-08-22,8,August,34,DMart-Thane-3,Thane,Household,Tea,1,54,0.15,45.9,4.62,UPI
ORD06411,2023-05-09,5,May,19,DMart-Thane-3,Thane,Household,Wheat,2,332,0.2,531.2,91.21,UPI
ORD06412,2023-04-08,4,April,14,DMart-Mumbai-3,Mumbai,Beverages,Oil,5,252,0.05,1197.0,132.81,UPI
ORD06413,2023-08-10,8,August,32,DMart-Mumbai-2,Mumbai,Groceries,Water,4,444,0.2,1420.8,188.68,Wallet
ORD06414,2023-03-19,3,March,11,DMart-Nashik-2,Nashik,Groceries,Chips,2,367,0.12,645.92,147.84,Wallet
ORD06415,2023-01-30,1,January,5,DMart-Mumbai-2,Mumbai,Personal Care,Tissue,4,320,0.24,972.8,118.75,Cash
ORD06416,2023-10-11,10,October,41,DMart-Thane-1,Thane,Groceries,Shampoo,2,364,0.19,589.68,62.15,UPI
ORD06417,2023-12-04,12,December,49,DMart-Mumbai-1,Mumbai,Personal Care,Coffee,4,479,0.06,1801.04,452.93,Wallet
ORD06418,2023-04-28,4,April,17,DMart-Pune-3,Pune,Dairy,Eggs,5,437,0.19,1769.85,406.42,Cash
ORD06419,2023-07-20,7,July,29,DMart-Thane-3,Thane,Personal Care,Water,4,349,0.13,1214.52,123.54,Card
ORD06420,2023-07-01,7,July,26,DMart-Nashik-2,Nashik,Household,Rice,1,350,0.2,280.0,30.07,Cash
ORD06421,2023-12-14,12,December,50,DMart-Mumbai-3,Mumbai,Household,Wheat,1,131,0.13,113.97,25.66,Card
ORD06422,2023-01-25,1,January,4,DMart-Pune-2,Pune,Groceries,Detergent,3,199,0.28,429.84,80.04,Card
ORD06423,2023-02-09,2,February,6,DMart-Mumbai-2,Mumbai,Groceries,Toothpaste,2,452,0.08,831.68,118.3,Wallet
ORD06424,2023-01-25,1,January,4,DMart-Thane-1,Thane,Groceries,Biscuits,2,377,0.19,610.74,138.72,Cash
ORD06425,2023-08-14,8,August,33,DMart-Mumbai-2,Mumbai,Groceries,Water,1,317,0.24,240.92,54.46,Card
ORD06426,2023-11-09,11,November,45,DMart-Mumbai-1,Mumbai,Dairy,Tissue,4,231,0.16,776.16,118.52,UPI
ORD06427,2023-03-10,3,March,10,DMart-Thane-3,Thane,Personal Care,Sugar,3,246,0.18,605.16,161.4,Cash
ORD06428,2023-03-02,3,March,9,DMart-Thane-3,Thane,Personal Care,Coffee,3,244,0.11,651.48,68.18,Cash
ORD06429,2023-05-23,5,May,21,DMart-Pune-3,Pune,Personal Care,Eggs,2,193,0.23,297.22,81.71,Wallet
ORD06430,2023-07-01,7,July,26,DMart-Pune-1,Pune,Dairy,Milk,3,337,0.01,1000.89,243.45,Wallet
ORD06431,2023-01-19,1,January,3,DMart-Nagpur-3,Nagpur,Household,Eggs,2,50,0.13,87.0,17.33,Wallet
ORD06432,2023-08-15,8,August,33,DMart-Nashik-1,Nashik,Personal Care,Biscuits,3,261,0.27,571.59,80.41,Card
ORD06433,2023-02-08,2,February,6,DMart-Nashik-3,Nashik,Dairy,Chips,4,152,0.09,553.28,77.67,UPI
ORD06434,2023-09-12,9,September,37,DMart-Mumbai-1,Mumbai,Household,Rice,2,73,0.01,144.54,27.7,Cash
ORD06435,2023-04-17,4,April,16,DMart-Thane-2,Thane,Household,Coffee,1,65,0.03,63.05,6.34,UPI
ORD06436,2023-01-03,1,January,1,DMart-Nashik-2,Nashik,Dairy,Detergent,2,453,0.08,833.52,234.49,Wallet
ORD06437,2023-01-05,1,January,1,DMart-Nagpur-3,Nagpur,Household,Rice,3,257,0.15,655.35,157.85,Card
ORD06438,2023-02-28,2,February,9,DMart-Nagpur-1,Nagpur,Personal Care,Water,5,63,0.0,315.0,62.92,Card
ORD06439,2023-06-09,6,June,23,DMart-Pune-2,Pune,Household,Shampoo,3,44,0.07,122.76,31.53,Wallet
ORD06440,2023-02-08,2,February,6,DMart-Nashik-3,Nashik,Dairy,Juice,2,84,0.14,144.48,34.38,Wallet
ORD06441,2023-03-09,3,March,10,DMart-Nashik-1,Nashik,Groceries,Juice,3,29,0.08,80.04,20.5,Cash
ORD06442,2023-03-28,3,March,13,DMart-Nashik-2,Nashik,Groceries,Water,2,401,0.16,673.68,154.9,Wallet
ORD06443,2023-07-02,7,July,26,DMart-Pune-3,Pune,Household,Chips,1,92,0.22,71.76,14.79,Wallet
ORD06444,2023-10-04,10,October,40,DMart-Thane-1,Thane,Personal Care,Detergent,3,482,0.27,1055.58,312.02,UPI
ORD06445,2023-04-09,4,April,14,DMart-Mumbai-2,Mumbai,Beverages,Tea,2,200,0.28,288.0,63.73,Cash
ORD06446,2023-04-01,4,April,13,DMart-Nashik-1,Nashik,Household,Soap,5,170,0.14,731.0,133.13,Card
ORD06447,2023-06-05,6,June,23,DMart-Nagpur-2,Nagpur,Dairy,Shampoo,2,394,0.21,622.52,146.4,UPI
ORD06448,2023-07-13,7,July,28,DMart-Pune-3,Pune,Household,Wheat,1,452,0.16,379.68,62.97,UPI
ORD06449,2023-08-28,8,August,35,DMart-Pune-1,Pune,Personal Care,Toothpaste,2,220,0.03,426.8,87.8,Card
ORD06450,2023-04-03,4,April,14,DMart-Thane-2,Thane,Groceries,Rice,3,101,0.29,215.13,47.05,Wallet
ORD06451,2023-10-03,10,October,40,DMart-Thane-2,Thane,Dairy,Chips,2,453,0.09,824.46,148.32,Cash
ORD06452,2023-06-12,6,June,24,DMart-Mumbai-1,Mumbai,Dairy,Sugar,4,77,0.15,261.8,47.29,Wallet
ORD06453,2023-01-23,1,January,4,DMart-Nashik-3,Nashik,Groceries,Sugar,4,213,0.27,621.96,101.67,Wallet
ORD06454,2023-09-15,9,September,37,DMart-Nagpur-3,Nagpur,Beverages,Bread,3,86,0.27,188.34,34.71,UPI
ORD06455,2023-10-23,10,October,43,DMart-Nashik-3,Nashik,Household,Eggs,3,438,0.08,1208.88,290.72,Cash
ORD06456,2023-11-18,11,November,46,DMart-Nashik-3,Nashik,Beverages,Toothpaste,3,340,0.0,1020.0,242.64,Wallet
ORD06457,2023-04-10,4,April,15,DMart-Nagpur-1,Nagpur,Dairy,Detergent,3,402,0.12,1061.28,314.16,Cash
ORD06458,2023-09-25,9,September,39,DMart-Mumbai-1,Mumbai,Beverages,Oil,5,170,0.16,714.0,127.28,UPI
ORD06459,2023-11-06,11,November,45,DMart-Nashik-3,Nashik,Beverages,Water,2,135,0.21,213.3,45.04,UPI
ORD06460,2023-02-09,2,February,6,DMart-Thane-1,Thane,Dairy,Biscuits,4,31,0.0,124.0,23.96,Cash
ORD06461,2023-11-13,11,November,46,DMart-Nagpur-1,Nagpur,Beverages,Wheat,5,381,0.22,1485.9,296.05,Cash
ORD06462,2023-02-08,2,February,6,DMart-Nashik-3,Nashik,Groceries,Biscuits,2,283,0.29,401.86,117.46,Card
ORD06463,2023-06-13,6,June,24,DMart-Thane-2,Thane,Dairy,Sugar,5,330,0.04,1584.0,349.4,Card
ORD06464,2023-06-27,6,June,26,DMart-Nagpur-3,Nagpur,Groceries,Shampoo,2,280,0.06,526.4,134.63,Cash
ORD06465,2023-06-05,6,June,23,DMart-Nashik-3,Nashik,Beverages,Coffee,3,94,0.0,282.0,54.02,Card
ORD06466,2023-04-24,4,April,17,DMart-Thane-2,Thane,Dairy,Detergent,2,43,0.19,69.66,11.92,Cash
ORD06467,2023-11-29,11,November,48,DMart-Pune-3,Pune,Personal Care,Wheat,4,280,0.14,963.2,182.33,Card
ORD06468,2023-01-01,1,January,52,DMart-Nashik-2,Nashik,Beverages,Wheat,3,117,0.15,298.35,77.3,Wallet
ORD06469,2023-01-31,1,January,5,DMart-Nagpur-1,Nagpur,Personal Care,Soap,4,459,0.06,1725.84,247.58,Cash
ORD06470,2023-05-18,5,May,20,DMart-Nashik-1,Nashik,Beverages,Bread,3,261,0.02,767.34,229.45,Cash
ORD06471,2023-08-11,8,August,32,DMart-Mumbai-2,Mumbai,Dairy,Soap,3,335,0.13,874.35,160.14,Card
ORD06472,2023-09-18,9,September,38,DMart-Pune-3,Pune,Beverages,Bread,2,354,0.13,615.96,98.77,Cash
ORD06473,2023-08-16,8,August,33,DMart-Nagpur-2,Nagpur,Dairy,Detergent,4,376,0.21,1188.16,204.76,Wallet
ORD06474,2023-04-14,4,April,15,DMart-Mumbai-1,Mumbai,Personal Care,Wheat,3,54,0.27,118.26,33.41,Cash
ORD06475,2023-09-10,9,September,36,DMart-Thane-3,Thane,Groceries,Shampoo,4,324,0.09,1179.36,123.99,Cash
ORD06476,2023-02-01,2,February,5,DMart-Nashik-2,Nashik,Beverages,Milk,5,231,0.25,866.25,121.67,Card
ORD06477,2023-11-04,11,November,44,DMart-Nagpur-3,Nagpur,Dairy,Juice,5,248,0.07,1153.2,259.67,Wallet
ORD06478,2023-09-02,9,September,35,DMart-Pune-2,Pune,Personal Care,Coffee,3,188,0.0,564.0,71.52,Wallet
ORD06479,2023-03-04,3,March,9,DMart-Nashik-3,Nashik,Beverages,Toothpaste,2,78,0.14,134.16,20.73,Cash
ORD06480,2023-03-07,3,March,10,DMart-Nashik-1,Nashik,Dairy,Tissue,3,234,0.25,526.5,138.26,Wallet
ORD06481,2023-06-25,6,June,25,DMart-Mumbai-3,Mumbai,Household,Bread,4,134,0.15,455.6,78.54,Wallet
ORD06482,2023-07-09,7,July,27,DMart-Pune-2,Pune,Beverages,Shampoo,3,365,0.0,1095.0,160.83,UPI
ORD06483,2023-11-06,11,November,45,DMart-Thane-2,Thane,Beverages,Tea,3,337,0.1,909.9,134.09,Card
ORD06484,2023-11-18,11,November,46,DMart-Nagpur-2,Nagpur,Dairy,Bread,1,371,0.27,270.83,58.41,Cash
ORD06485,2023-06-19,6,June,25,DMart-Thane-3,Thane,Beverages,Shampoo,4,273,0.11,971.88,195.22,UPI
ORD06486,2023-11-09,11,November,45,DMart-Nashik-2,Nashik,Groceries,Rice,4,307,0.12,1080.64,275.03,UPI
ORD06487,2023-08-17,8,August,33,DMart-Nashik-3,Nashik,Beverages,Wheat,2,459,0.16,771.12,160.42,UPI
ORD06488,2023-09-23,9,September,38,DMart-Pune-1,Pune,Groceries,Tea,3,455,0.24,1037.4,246.82,Card
ORD06489,2023-11-30,11,November,48,DMart-Thane-3,Thane,Dairy,Shampoo,2,32,0.26,47.36,10.26,Wallet
ORD06490,2023-05-03,5,May,18,DMart-Nashik-1,Nashik,Beverages,Tissue,3,179,0.27,392.01,105.63,Card
ORD06491,2023-02-01,2,February,5,DMart-Nashik-1,Nashik,Household,Milk,3,479,0.26,1063.38,295.12,Cash
ORD06492,2023-06-04,6,June,22,DMart-Thane-2,Thane,Household,Juice,4,288,0.22,898.56,219.97,Cash
ORD06493,2023-10-04,10,October,40,DMart-Nagpur-2,Nagpur,Personal Care,Tea,3,122,0.3,256.2,59.29,UPI
ORD06494,2023-06-07,6,June,23,DMart-Nagpur-2,Nagpur,Personal Care,Tea,1,73,0.11,64.97,12.28,UPI
ORD06495,2023-09-03,9,September,35,DMart-Nagpur-1,Nagpur,Groceries,Tissue,4,194,0.03,752.72,201.56,UPI
ORD06496,2023-02-03,2,February,5,DMart-Thane-3,Thane,Dairy,Coffee,4,213,0.27,621.96,72.87,Wallet
ORD06497,2023-04-12,4,April,15,DMart-Thane-3,Thane,Beverages,Sugar,2,30,0.28,43.2,4.97,Cash
ORD06498,2023-07-23,7,July,29,DMart-Thane-3,Thane,Personal Care,Juice,1,463,0.13,402.81,53.95,Wallet
ORD06499,2023-11-13,11,November,46,DMart-Nagpur-2,Nagpur,Household,Tissue,5,390,0.2,1560.0,384.47,Wallet
ORD06500,2023-03-30,3,March,13,DMart-Thane-2,Thane,Household,Sugar,2,90,0.09,163.8,31.6,UPI
ORD06501,2023-03-06,3,March,10,DMart-Thane-2,Thane,Personal Care,Shampoo,5,227,0.13,987.45,185.63,Wallet
ORD06502,2023-02-22,2,February,8,DMart-Pune-3,Pune,Personal Care,Water,3,67,0.16,168.84,39.36,Wallet
ORD06503,2023-11-09,11,November,45,DMart-Pune-1,Pune,Beverages,Milk,5,253,0.11,1125.85,268.37,Card
ORD06504,2023-03-19,3,March,11,DMart-Mumbai-2,Mumbai,Groceries,Detergent,5,33,0.06,155.1,24.58,UPI
ORD06505,2023-08-15,8,August,33,DMart-Nagpur-2,Nagpur,Beverages,Soap,3,194,0.04,558.72,167.13,Cash
ORD06506,2023-02-03,2,February,5,DMart-Mumbai-2,Mumbai,Beverages,Biscuits,2,285,0.27,416.1,56.65,Cash
ORD06507,2023-10-17,10,October,42,DMart-Mumbai-1,Mumbai,Groceries,Chips,1,247,0.25,185.25,40.89,Wallet
ORD06508,2023-01-14,1,January,2,DMart-Nashik-2,Nashik,Personal Care,Juice,4,261,0.21,824.76,182.39,Cash
ORD06509,2023-04-18,4,April,16,DMart-Pune-1,Pune,Personal Care,Oil,3,481,0.1,1298.7,193.19,UPI
ORD06510,2023-07-24,7,July,30,DMart-Pune-3,Pune,Dairy,Toothpaste,3,198,0.0,594.0,161.0,UPI
ORD06511,2023-05-05,5,May,18,DMart-Pune-2,Pune,Groceries,Bread,1,36,0.05,34.2,5.73,Wallet
ORD06512,2023-08-19,8,August,33,DMart-Thane-1,Thane,Household,Chips,3,55,0.18,135.3,29.46,Card
ORD06513,2023-10-20,10,October,42,DMart-Nagpur-2,Nagpur,Personal Care,Tea,2,41,0.03,79.54,19.14,Cash
ORD06514,2023-07-04,7,July,27,DMart-Mumbai-3,Mumbai,Household,Juice,2,356,0.11,633.68,133.31,Cash
ORD06515,2023-02-04,2,February,5,DMart-Nashik-3,Nashik,Dairy,Shampoo,3,188,0.11,501.96,89.18,UPI
ORD06516,2023-07-22,7,July,29,DMart-Pune-1,Pune,Household,Coffee,5,281,0.21,1109.95,289.37,Wallet
ORD06517,2023-09-14,9,September,37,DMart-Pune-2,Pune,Dairy,Juice,3,234,0.21,554.58,90.05,Cash
ORD06518,2023-01-16,1,January,3,DMart-Nagpur-2,Nagpur,Dairy,Water,2,404,0.25,606.0,110.6,UPI
ORD06519,2023-10-17,10,October,42,DMart-Thane-1,Thane,Groceries,Milk,1,213,0.08,195.96,25.11,Card
ORD06520,2023-03-17,3,March,11,DMart-Nagpur-2,Nagpur,Groceries,Milk,5,65,0.26,240.5,32.46,Card
ORD06521,2023-04-19,4,April,16,DMart-Nashik-3,Nashik,Groceries,Chips,5,240,0.21,948.0,186.44,UPI
ORD06522,2023-01-31,1,January,5,DMart-Mumbai-3,Mumbai,Household,Eggs,2,265,0.27,386.9,47.87,Cash
ORD06523,2023-04-21,4,April,16,DMart-Thane-1,Thane,Dairy,Detergent,5,390,0.19,1579.5,317.57,Cash
ORD06524,2023-02-23,2,February,8,DMart-Pune-2,Pune,Groceries,Biscuits,3,419,0.19,1018.17,172.96,Wallet
ORD06525,2023-08-07,8,August,32,DMart-Nagpur-1,Nagpur,Personal Care,Sugar,1,306,0.23,235.62,53.16,Cash
ORD06526,2023-05-02,5,May,18,DMart-Pune-3,Pune,Beverages,Wheat,1,392,0.0,392.0,106.97,Card
ORD06527,2023-08-04,8,August,31,DMart-Nashik-3,Nashik,Groceries,Detergent,2,60,0.03,116.4,30.73,Card
ORD06528,2023-04-19,4,April,16,DMart-Mumbai-3,Mumbai,Personal Care,Soap,3,20,0.15,51.0,7.77,Cash
ORD06529,2023-02-25,2,February,8,DMart-Thane-3,Thane,Beverages,Oil,5,156,0.1,702.0,157.17,UPI
ORD06530,2023-10-23,10,October,43,DMart-Nashik-3,Nashik,Personal Care,Sugar,1,324,0.19,262.44,46.13,Cash
ORD06531,2023-11-05,11,November,44,DMart-Nagpur-1,Nagpur,Dairy,Sugar,3,214,0.02,629.16,124.59,Card
ORD06532,2023-12-25,12,December,52,DMart-Thane-2,Thane,Groceries,Milk,3,485,0.18,1193.1,191.52,UPI
ORD06533,2023-07-23,7,July,29,DMart-Mumbai-1,Mumbai,Household,Rice,1,33,0.13,28.71,7.61,Cash
ORD06534,2023-02-12,2,February,6,DMart-Pune-2,Pune,Dairy,Chips,4,399,0.0,1596.0,358.8,UPI
ORD06535,2023-11-08,11,November,45,DMart-Thane-1,Thane,Beverages,Toothpaste,2,343,0.2,548.8,84.16,Wallet
ORD06536,2023-04-17,4,April,16,DMart-Mumbai-2,Mumbai,Groceries,Milk,5,21,0.13,91.35,9.74,Card
ORD06537,2023-04-11,4,April,15,DMart-Nashik-1,Nashik,Dairy,Chips,1,431,0.11,383.59,55.27,Card
ORD06538,2023-08-10,8,August,32,DMart-Nagpur-3,Nagpur,Beverages,Bread,5,366,0.17,1518.9,377.32,Cash
ORD06539,2023-06-03,6,June,22,DMart-Thane-3,Thane,Groceries,Coffee,4,155,0.08,570.4,119.94,Card
ORD06540,2023-06-15,6,June,24,DMart-Mumbai-3,Mumbai,Groceries,Biscuits,4,369,0.18,1210.32,298.28,Card
ORD06541,2023-01-17,1,January,3,DMart-Thane-2,Thane,Personal Care,Chips,3,407,0.03,1184.37,137.52,UPI
ORD06542,2023-07-09,7,July,27,DMart-Nashik-1,Nashik,Household,Eggs,1,70,0.07,65.1,13.19,Cash
ORD06543,2023-12-22,12,December,51,DMart-Nashik-2,Nashik,Personal Care,Water,4,274,0.21,865.84,91.18,Card
ORD06544,2023-03-21,3,March,12,DMart-Nagpur-1,Nagpur,Household,Sugar,3,487,0.21,1154.19,231.83,Cash
ORD06545,2023-05-14,5,May,19,DMart-Nashik-1,Nashik,Household,Eggs,2,153,0.18,250.92,25.8,UPI
ORD06546,2023-06-17,6,June,24,DMart-Thane-3,Thane,Beverages,Tissue,5,267,0.25,1001.25,140.15,Cash
ORD06547,2023-04-09,4,April,14,DMart-Mumbai-2,Mumbai,Groceries,Coffee,4,129,0.15,438.6,61.94,UPI
ORD06548,2023-01-27,1,January,4,DMart-Thane-3,Thane,Household,Biscuits,5,424,0.13,1844.4,393.55,Card
ORD06549,2023-09-23,9,September,38,DMart-Nagpur-2,Nagpur,Dairy,Biscuits,1,374,0.14,321.64,48.38,Cash
ORD06550,2023-04-07,4,April,14,DMart-Mumbai-2,Mumbai,Groceries,Shampoo,5,390,0.11,1735.5,413.52,Card
ORD06551,2023-01-08,1,January,1,DMart-Thane-3,Thane,Groceries,Chips,1,400,0.17,332.0,39.9,Wallet
ORD06552,2023-02-08,2,February,6,DMart-Nashik-2,Nashik,Groceries,Coffee,1,21,0.3,14.7,2.28,Card
ORD06553,2023-06-05,6,June,23,DMart-Nashik-3,Nashik,Dairy,Oil,2,369,0.21,583.02,87.55,Cash
ORD06554,2023-01-05,1,January,1,DMart-Thane-3,Thane,Beverages,Toothpaste,3,104,0.1,280.8,77.73,Wallet
ORD06555,2023-03-16,3,March,11,DMart-Nashik-3,Nashik,Beverages,Chips,1,240,0.08,220.8,33.96,UPI
ORD06556,2023-12-06,12,December,49,DMart-Thane-1,Thane,Personal Care,Tissue,1,51,0.29,36.21,9.71,UPI
ORD06557,2023-12-05,12,December,49,DMart-Nagpur-2,Nagpur,Groceries,Milk,2,190,0.18,311.6,47.1,Wallet
ORD06558,2023-02-26,2,February,8,DMart-Mumbai-3,Mumbai,Groceries,Oil,3,473,0.16,1191.96,350.32,Card
ORD06559,2023-12-27,12,December,52,DMart-Nashik-3,Nashik,Household,Wheat,3,227,0.29,483.51,121.57,Wallet
ORD06560,2023-02-09,2,February,6,DMart-Nagpur-3,Nagpur,Groceries,Milk,4,218,0.22,680.16,144.68,Cash
ORD06561,2023-12-26,12,December,52,DMart-Pune-1,Pune,Groceries,Wheat,1,59,0.05,56.05,13.56,Cash
ORD06562,2023-03-04,3,March,9,DMart-Thane-2,Thane,Personal Care,Juice,4,316,0.1,1137.6,337.13,Wallet
ORD06563,2023-11-30,11,November,48,DMart-Nashik-1,Nashik,Dairy,Tea,2,115,0.17,190.9,46.85,UPI
ORD06564,2023-07-18,7,July,29,DMart-Nagpur-1,Nagpur,Beverages,Detergent,3,70,0.07,195.3,31.53,UPI
ORD06565,2023-03-31,3,March,13,DMart-Thane-2,Thane,Groceries,Detergent,4,403,0.08,1483.04,344.8,Cash
ORD06566,2023-06-10,6,June,23,DMart-Pune-3,Pune,Household,Eggs,5,365,0.24,1387.0,316.43,Card
ORD06567,2023-01-04,1,January,1,DMart-Nagpur-1,Nagpur,Dairy,Shampoo,1,288,0.13,250.56,52.29,UPI
ORD06568,2023-06-19,6,June,25,DMart-Nagpur-2,Nagpur,Personal Care,Tea,1,111,0.0,111.0,26.64,UPI
ORD06569,2023-08-28,8,August,35,DMart-Nashik-3,Nashik,Groceries,Toothpaste,3,45,0.18,110.7,12.83,Card
ORD06570,2023-08-24,8,August,34,DMart-Pune-2,Pune,Groceries,Detergent,3,211,0.1,569.7,67.35,Card
ORD06571,2023-07-08,7,July,27,DMart-Mumbai-3,Mumbai,Household,Bread,3,237,0.07,661.23,149.03,UPI
ORD06572,2023-02-19,2,February,7,DMart-Nashik-1,Nashik,Dairy,Coffee,5,85,0.09,386.75,49.62,Wallet
ORD06573,2023-11-26,11,November,47,DMart-Nashik-3,Nashik,Household,Bread,1,293,0.21,231.47,30.65,UPI
ORD06574,2023-11-13,11,November,46,DMart-Thane-2,Thane,Personal Care,Sugar,4,108,0.1,388.8,99.14,UPI
ORD06575,2023-05-15,5,May,20,DMart-Nashik-1,Nashik,Groceries,Milk,3,179,0.26,397.38,78.73,Cash
ORD06576,2023-05-06,5,May,18,DMart-Pune-1,Pune,Beverages,Oil,4,205,0.04,787.2,192.34,Cash
ORD06577,2023-04-22,4,April,16,DMart-Mumbai-2,Mumbai,Dairy,Wheat,1,163,0.07,151.59,15.63,Cash
ORD06578,2023-04-18,4,April,16,DMart-Mumbai-2,Mumbai,Beverages,Sugar,3,237,0.26,526.14,84.96,Card
ORD06579,2023-05-08,5,May,19,DMart-Pune-3,Pune,Personal Care,Tea,1,277,0.3,193.9,52.29,UPI
ORD06580,2023-03-10,3,March,10,DMart-Pune-2,Pune,Personal Care,Coffee,2,32,0.13,55.68,6.16,Wallet
ORD06581,2023-07-24,7,July,30,DMart-Mumbai-3,Mumbai,Household,Coffee,5,318,0.29,1128.9,214.46,Card
ORD06582,2023-07-26,7,July,30,DMart-Nashik-2,Nashik,Beverages,Juice,1,59,0.06,55.46,9.4,Wallet
ORD06583,2023-12-20,12,December,51,DMart-Thane-3,Thane,Beverages,Juice,5,336,0.12,1478.4,281.4,Wallet
ORD06584,2023-12-28,12,December,52,DMart-Mumbai-1,Mumbai,Dairy,Water,5,131,0.13,569.85,114.66,Wallet
ORD06585,2023-02-27,2,February,9,DMart-Thane-2,Thane,Household,Oil,3,462,0.15,1178.1,191.84,Card
ORD06586,2023-11-22,11,November,47,DMart-Nashik-2,Nashik,Dairy,Bread,1,43,0.02,42.14,5.43,Wallet
ORD06587,2023-01-05,1,January,1,DMart-Pune-1,Pune,Dairy,Toothpaste,3,85,0.29,181.05,38.74,UPI
ORD06588,2023-11-29,11,November,48,DMart-Pune-1,Pune,Dairy,Milk,5,411,0.02,2013.9,526.92,UPI
ORD06589,2023-02-27,2,February,9,DMart-Nashik-3,Nashik,Groceries,Juice,4,240,0.23,739.2,201.44,Wallet
ORD06590,2023-06-07,6,June,23,DMart-Mumbai-2,Mumbai,Personal Care,Toothpaste,4,318,0.01,1259.28,248.77,Card
ORD06591,2023-02-04,2,February,5,DMart-Mumbai-3,Mumbai,Groceries,Oil,4,209,0.17,693.88,194.65,UPI
ORD06592,2023-10-26,10,October,43,DMart-Nashik-3,Nashik,Dairy,Wheat,1,273,0.1,245.7,56.37,Wallet
ORD06593,2023-01-06,1,January,1,DMart-Mumbai-3,Mumbai,Personal Care,Bread,2,174,0.06,327.12,59.09,Card
ORD06594,2023-06-23,6,June,25,DMart-Thane-1,Thane,Household,Detergent,3,389,0.22,910.26,159.54,UPI
ORD06595,2023-08-17,8,August,33,DMart-Mumbai-1,Mumbai,Beverages,Sugar,5,256,0.15,1088.0,184.18,Cash
ORD06596,2023-07-02,7,July,26,DMart-Pune-2,Pune,Groceries,Tea,4,54,0.16,181.44,27.51,Card
ORD06597,2023-01-26,1,January,4,DMart-Nagpur-3,Nagpur,Dairy,Wheat,4,395,0.26,1169.2,177.82,Card
ORD06598,2023-03-29,3,March,13,DMart-Pune-1,Pune,Beverages,Shampoo,2,499,0.14,858.28,190.1,Wallet
ORD06599,2023-07-19,7,July,29,DMart-Nashik-1,Nashik,Groceries,Juice,3,166,0.17,413.34,103.81,Wallet
ORD06600,2023-03-01,3,March,9,DMart-Mumbai-3,Mumbai,Household,Oil,1,288,0.13,250.56,28.46,Wallet
ORD06601,2023-08-14,8,August,33,DMart-Nagpur-1,Nagpur,Beverages,Soap,4,441,0.14,1517.04,239.15,Wallet
ORD06602,2023-09-23,9,September,38,DMart-Thane-3,Thane,Beverages,Toothpaste,2,378,0.14,650.16,181.52,UPI
ORD06603,2023-11-25,11,November,47,DMart-Nagpur-2,Nagpur,Household,Oil,5,444,0.03,2153.4,352.14,Card
ORD06604,2023-05-26,5,May,21,DMart-Nashik-2,Nashik,Dairy,Oil,3,425,0.08,1173.0,264.6,Card
ORD06605,2023-06-25,6,June,25,DMart-Nashik-1,Nashik,Household,Tea,1,253,0.23,194.81,37.41,Cash
ORD06606,2023-09-01,9,September,35,DMart-Pune-3,Pune,Groceries,Tea,3,446,0.2,1070.4,244.03,UPI
ORD06607,2023-01-14,1,January,2,DMart-Pune-2,Pune,Groceries,Rice,2,268,0.03,519.92,132.71,Cash
ORD06608,2023-03-19,3,March,11,DMart-Mumbai-3,Mumbai,Dairy,Coffee,5,199,0.05,945.25,115.03,Card
ORD06609,2023-07-15,7,July,28,DMart-Nashik-1,Nashik,Dairy,Tea,1,152,0.11,135.28,23.43,UPI
ORD06610,2023-06-17,6,June,24,DMart-Nagpur-1,Nagpur,Personal Care,Oil,3,260,0.2,624.0,128.77,Card
ORD06611,2023-03-21,3,March,12,DMart-Pune-2,Pune,Beverages,Water,2,487,0.24,740.24,204.18,UPI
ORD06612,2023-08-13,8,August,32,DMart-Mumbai-3,Mumbai,Dairy,Toothpaste,2,278,0.25,417.0,54.54,UPI
ORD06613,2023-01-27,1,January,4,DMart-Nagpur-1,Nagpur,Groceries,Shampoo,4,21,0.09,76.44,21.47,Cash
ORD06614,2023-08-23,8,August,34,DMart-Nashik-2,Nashik,Personal Care,Bread,2,194,0.22,302.64,34.0,Cash
ORD06615,2023-05-23,5,May,21,DMart-Pune-1,Pune,Personal Care,Detergent,1,234,0.19,189.54,34.54,Wallet
ORD06616,2023-03-29,3,March,13,DMart-Mumbai-2,Mumbai,Groceries,Biscuits,5,48,0.07,223.2,66.57,Card
ORD06617,2023-07-19,7,July,29,DMart-Thane-3,Thane,Dairy,Eggs,3,50,0.23,115.5,11.57,Card
ORD06618,2023-01-22,1,January,3,DMart-Pune-3,Pune,Household,Water,1,218,0.21,172.22,42.05,Card
ORD06619,2023-05-20,5,May,20,DMart-Pune-2,Pune,Dairy,Biscuits,4,131,0.08,482.08,104.17,Cash
ORD06620,2023-02-22,2,February,8,DMart-Nagpur-1,Nagpur,Groceries,Rice,2,426,0.01,843.48,175.07,Wallet
ORD06621,2023-07-26,7,July,30,DMart-Mumbai-3,Mumbai,Beverages,Wheat,4,49,0.04,188.16,28.03,Cash
ORD06622,2023-07-05,7,July,27,DMart-Thane-1,Thane,Personal Care,Oil,1,181,0.19,146.61,25.7,UPI
ORD06623,2023-10-23,10,October,43,DMart-Mumbai-2,Mumbai,Groceries,Juice,5,192,0.13,835.2,142.59,Card
ORD06624,2023-12-14,12,December,50,DMart-Nashik-2,Nashik,Beverages,Eggs,2,480,0.05,912.0,97.18,Cash
ORD06625,2023-05-27,5,May,21,DMart-Mumbai-3,Mumbai,Groceries,Eggs,1,424,0.29,301.04,57.52,UPI
ORD06626,2023-03-15,3,March,11,DMart-Nashik-2,Nashik,Personal Care,Tissue,5,149,0.29,528.95,153.32,Card
ORD06627,2023-09-17,9,September,37,DMart-Nagpur-1,Nagpur,Personal Care,Eggs,3,269,0.05,766.65,159.58,Cash
ORD06628,2023-02-12,2,February,6,DMart-Nagpur-2,Nagpur,Personal Care,Coffee,4,473,0.21,1494.68,408.48,UPI
ORD06629,2023-09-15,9,September,37,DMart-Mumbai-1,Mumbai,Groceries,Detergent,1,80,0.02,78.4,20.49,Card
ORD06630,2023-03-30,3,March,13,DMart-Mumbai-3,Mumbai,Dairy,Milk,2,291,0.11,517.98,147.5,UPI
ORD06631,2023-04-18,4,April,16,DMart-Nagpur-3,Nagpur,Personal Care,Tea,1,191,0.08,175.72,27.64,Cash
ORD06632,2023-07-23,7,July,29,DMart-Nagpur-1,Nagpur,Dairy,Soap,3,155,0.17,385.95,91.18,Card
ORD06633,2023-07-29,7,July,30,DMart-Mumbai-3,Mumbai,Beverages,Wheat,1,452,0.29,320.92,92.1,Wallet
ORD06634,2023-02-23,2,February,8,DMart-Pune-1,Pune,Beverages,Water,3,186,0.04,535.68,103.61,UPI
ORD06635,2023-12-04,12,December,49,DMart-Thane-2,Thane,Groceries,Coffee,1,87,0.28,62.64,17.34,Wallet
ORD06636,2023-02-09,2,February,6,DMart-Nagpur-1,Nagpur,Household,Water,1,444,0.09,404.04,78.67,Cash
ORD06637,2023-01-26,1,January,4,DMart-Thane-2,Thane,Household,Milk,4,458,0.21,1447.28,364.09,Card
ORD06638,2023-05-15,5,May,20,DMart-Pune-1,Pune,Groceries,Toothpaste,1,320,0.24,243.2,63.05,Wallet
ORD06639,2023-08-27,8,August,34,DMart-Mumbai-1,Mumbai,Dairy,Wheat,4,336,0.14,1155.84,329.33,Card
ORD06640,2023-01-06,1,January,1,DMart-Nashik-2,Nashik,Beverages,Eggs,2,231,0.07,429.66,124.54,UPI
ORD06641,2023-05-21,5,May,20,DMart-Pune-2,Pune,Beverages,Water,3,415,0.25,933.75,167.56,Card
ORD06642,2023-02-14,2,February,7,DMart-Nashik-1,Nashik,Household,Sugar,1,323,0.29,229.33,41.49,Wallet
ORD06643,2023-05-01,5,May,18,DMart-Nashik-1,Nashik,Dairy,Bread,4,364,0.15,1237.6,273.56,Cash
ORD06644,2023-02-09,2,February,6,DMart-Thane-3,Thane,Household,Coffee,1,192,0.05,182.4,30.92,UPI
ORD06645,2023-12-15,12,December,50,DMart-Pune-2,Pune,Dairy,Tea,5,427,0.02,2092.3,378.88,UPI
ORD06646,2023-03-16,3,March,11,DMart-Mumbai-2,Mumbai,Household,Milk,3,92,0.07,256.68,53.71,Wallet
ORD06647,2023-06-19,6,June,25,DMart-Nagpur-2,Nagpur,Personal Care,Coffee,4,64,0.12,225.28,39.4,UPI
ORD06648,2023-03-23,3,March,12,DMart-Nashik-2,Nashik,Beverages,Shampoo,5,450,0.28,1620.0,427.12,UPI
ORD06649,2023-08-12,8,August,32,DMart-Thane-2,Thane,Groceries,Juice,5,275,0.17,1141.25,163.49,Card
ORD06650,2023-01-25,1,January,4,DMart-Nagpur-1,Nagpur,Dairy,Detergent,2,395,0.15,671.5,135.81,Cash
ORD06651,2023-06-30,6,June,26,DMart-Nagpur-3,Nagpur,Personal Care,Bread,5,232,0.12,1020.8,180.18,Cash
ORD06652,2023-10-05,10,October,40,DMart-Mumbai-1,Mumbai,Personal Care,Rice,3,321,0.13,837.81,140.07,Cash
ORD06653,2023-01-26,1,January,4,DMart-Thane-3,Thane,Dairy,Bread,3,268,0.0,804.0,179.44,Wallet
ORD06654,2023-12-04,12,December,49,DMart-Mumbai-1,Mumbai,Beverages,Rice,1,260,0.19,210.6,27.6,UPI
ORD06655,2023-04-24,4,April,17,DMart-Nashik-1,Nashik,Groceries,Tea,2,155,0.21,244.9,29.95,Wallet
ORD06656,2023-05-28,5,May,21,DMart-Thane-2,Thane,Dairy,Tea,5,275,0.07,1278.75,275.9,UPI
ORD06657,2023-12-17,12,December,50,DMart-Pune-2,Pune,Household,Juice,3,338,0.27,740.22,158.49,UPI
ORD06658,2023-09-13,9,September,37,DMart-Pune-1,Pune,Dairy,Juice,2,332,0.23,511.28,125.66,Wallet
ORD06659,2023-10-21,10,October,42,DMart-Mumbai-3,Mumbai,Dairy,Detergent,3,92,0.0,276.0,65.08,Cash
ORD06660,2023-11-12,11,November,45,DMart-Nagpur-1,Nagpur,Household,Biscuits,1,277,0.2,221.6,62.49,Cash
ORD06661,2023-12-07,12,December,49,DMart-Thane-1,Thane,Groceries,Detergent,5,321,0.26,1187.7,297.2,Cash
ORD06662,2023-05-15,5,May,20,DMart-Nagpur-2,Nagpur,Household,Rice,2,126,0.12,221.76,54.25,UPI
ORD06663,2023-05-18,5,May,20,DMart-Thane-1,Thane,Beverages,Toothpaste,2,444,0.05,843.6,166.0,Card
ORD06664,2023-03-11,3,March,10,DMart-Thane-3,Thane,Personal Care,Water,2,139,0.22,216.84,52.2,Wallet
ORD06665,2023-04-02,4,April,13,DMart-Pune-3,Pune,Dairy,Bread,3,72,0.11,192.24,28.38,Cash
ORD06666,2023-02-19,2,February,7,DMart-Mumbai-3,Mumbai,Household,Water,5,462,0.06,2171.4,554.71,Wallet
ORD06667,2023-05-10,5,May,19,DMart-Nashik-1,Nashik,Groceries,Biscuits,4,63,0.1,226.8,59.64,Cash
ORD06668,2023-08-05,8,August,31,DMart-Nashik-2,Nashik,Household,Rice,2,224,0.24,340.48,99.36,Card
ORD06669,2023-02-24,2,February,8,DMart-Mumbai-1,Mumbai,Dairy,Soap,4,317,0.13,1103.16,289.77,Card
ORD06670,2023-08-26,8,August,34,DMart-Pune-2,Pune,Dairy,Chips,5,348,0.12,1531.2,274.12,Wallet
ORD06671,2023-02-03,2,February,5,DMart-Thane-2,Thane,Household,Sugar,2,63,0.29,89.46,24.99,Cash
ORD06672,2023-08-21,8,August,34,DMart-Mumbai-2,Mumbai,Dairy,Milk,5,397,0.03,1925.45,417.03,Card
ORD06673,2023-07-24,7,July,30,DMart-Pune-1,Pune,Beverages,Chips,1,460,0.24,349.6,63.68,Wallet
ORD06674,2023-10-25,10,October,43,DMart-Thane-3,Thane,Beverages,Detergent,1,483,0.12,425.04,81.45,Wallet
ORD06675,2023-11-29,11,November,48,DMart-Mumbai-2,Mumbai,Beverages,Biscuits,5,337,0.3,1179.5,295.4,Wallet
ORD06676,2023-07-31,7,July,31,DMart-Pune-2,Pune,Personal Care,Tea,2,51,0.04,97.92,13.66,Card
ORD06677,2023-10-20,10,October,42,DMart-Mumbai-1,Mumbai,Groceries,Biscuits,3,453,0.07,1263.87,240.21,Card
ORD06678,2023-04-11,4,April,15,DMart-Mumbai-3,Mumbai,Dairy,Shampoo,5,171,0.03,829.35,224.18,Wallet
ORD06679,2023-04-12,4,April,15,DMart-Nashik-3,Nashik,Personal Care,Oil,4,259,0.24,787.36,121.5,Card
ORD06680,2023-03-17,3,March,11,DMart-Thane-2,Thane,Dairy,Bread,2,70,0.21,110.6,17.73,Cash
ORD06681,2023-10-30,10,October,44,DMart-Nashik-1,Nashik,Dairy,Coffee,1,282,0.21,222.78,54.92,Cash
ORD06682,2023-04-30,4,April,17,DMart-Mumbai-1,Mumbai,Personal Care,Shampoo,1,124,0.14,106.64,17.63,UPI
ORD06683,2023-10-30,10,October,44,DMart-Thane-3,Thane,Household,Biscuits,5,141,0.1,634.5,65.32,UPI
ORD06684,2023-05-01,5,May,18,DMart-Thane-3,Thane,Personal Care,Bread,1,71,0.09,64.61,10.52,Card
ORD06685,2023-02-14,2,February,7,DMart-Thane-2,Thane,Beverages,Eggs,4,352,0.23,1084.16,152.16,Card
ORD06686,2023-04-26,4,April,17,DMart-Mumbai-2,Mumbai,Personal Care,Sugar,5,59,0.21,233.05,68.22,Wallet
ORD06687,2023-04-28,4,April,17,DMart-Pune-3,Pune,Beverages,Eggs,4,153,0.2,489.6,57.29,Card
ORD06688,2023-04-19,4,April,16,DMart-Nagpur-2,Nagpur,Household,Soap,2,480,0.1,864.0,138.71,Wallet
ORD06689,2023-10-06,10,October,40,DMart-Thane-1,Thane,Dairy,Milk,4,36,0.29,102.24,21.25,Card
ORD06690,2023-06-24,6,June,25,DMart-Nagpur-2,Nagpur,Groceries,Tissue,5,108,0.29,383.4,61.62,Cash
ORD06691,2023-12-12,12,December,50,DMart-Thane-2,Thane,Personal Care,Tissue,1,313,0.24,237.88,50.63,Cash
ORD06692,2023-08-07,8,August,32,DMart-Nashik-3,Nashik,Beverages,Bread,5,170,0.19,688.5,95.77,Card
ORD06693,2023-06-14,6,June,24,DMart-Nagpur-3,Nagpur,Personal Care,Soap,1,193,0.06,181.42,26.02,Wallet
ORD06694,2023-02-26,2,February,8,DMart-Nagpur-1,Nagpur,Personal Care,Soap,3,258,0.27,565.02,100.12,Cash
ORD06695,2023-08-08,8,August,32,DMart-Mumbai-1,Mumbai,Beverages,Rice,2,159,0.07,295.74,56.35,Wallet
ORD06696,2023-12-09,12,December,49,DMart-Pune-2,Pune,Personal Care,Soap,1,260,0.04,249.6,49.83,Wallet
ORD06697,2023-01-03,1,January,1,DMart-Mumbai-2,Mumbai,Household,Juice,3,405,0.3,850.5,125.76,UPI
ORD06698,2023-02-25,2,February,8,DMart-Thane-2,Thane,Household,Tea,5,437,0.09,1988.35,539.35,Wallet
ORD06699,2023-11-15,11,November,46,DMart-Nashik-2,Nashik,Dairy,Tea,4,324,0.14,1114.56,331.24,Cash
ORD06700,2023-05-20,5,May,20,DMart-Thane-1,Thane,Household,Sugar,2,240,0.19,388.8,54.07,Cash
ORD06701,2023-11-27,11,November,48,DMart-Nashik-3,Nashik,Personal Care,Water,4,302,0.1,1087.2,270.36,Wallet
ORD06702,2023-12-20,12,December,51,DMart-Mumbai-2,Mumbai,Personal Care,Shampoo,1,152,0.28,109.44,28.0,UPI
ORD06703,2023-11-23,11,November,47,DMart-Pune-3,Pune,Beverages,Biscuits,1,146,0.14,125.56,37.03,Cash
ORD06704,2023-05-14,5,May,19,DMart-Nagpur-3,Nagpur,Groceries,Water,1,242,0.09,220.22,53.12,Card
ORD06705,2023-01-26,1,January,4,DMart-Nagpur-2,Nagpur,Household,Soap,4,466,0.04,1789.44,481.5,Card
ORD06706,2023-05-25,5,May,21,DMart-Pune-2,Pune,Personal Care,Biscuits,5,234,0.2,936.0,104.35,Cash
ORD06707,2023-05-13,5,May,19,DMart-Pune-1,Pune,Beverages,Milk,1,498,0.19,403.38,68.79,Wallet
ORD06708,2023-12-13,12,December,50,DMart-Nagpur-3,Nagpur,Dairy,Wheat,3,280,0.2,672.0,110.49,UPI
ORD06709,2023-04-08,4,April,14,DMart-Nagpur-2,Nagpur,Dairy,Oil,5,96,0.19,388.8,116.0,UPI
ORD06710,2023-06-08,6,June,23,DMart-Nashik-2,Nashik,Beverages,Eggs,3,294,0.19,714.42,154.16,Wallet
ORD06711,2023-08-27,8,August,34,DMart-Thane-3,Thane,Dairy,Juice,3,282,0.16,710.64,203.41,UPI
ORD06712,2023-03-14,3,March,11,DMart-Nagpur-1,Nagpur,Beverages,Chips,4,136,0.22,424.32,76.97,Wallet
ORD06713,2023-04-01,4,April,13,DMart-Nashik-1,Nashik,Personal Care,Detergent,1,69,0.14,59.34,15.58,Wallet
ORD06714,2023-07-09,7,July,27,DMart-Thane-1,Thane,Beverages,Eggs,3,325,0.11,867.75,256.37,Card
ORD06715,2023-07-09,7,July,27,DMart-Nagpur-3,Nagpur,Personal Care,Wheat,5,360,0.16,1512.0,337.28,UPI
ORD06716,2023-11-07,11,November,45,DMart-Thane-1,Thane,Household,Shampoo,2,231,0.25,346.5,90.24,Wallet
ORD06717,2023-12-27,12,December,52,DMart-Mumbai-2,Mumbai,Household,Milk,3,190,0.22,444.6,100.29,Wallet
ORD06718,2023-10-25,10,October,43,DMart-Thane-1,Thane,Household,Eggs,2,173,0.02,339.08,55.08,Cash
ORD06719,2023-05-15,5,May,20,DMart-Nashik-2,Nashik,Groceries,Bread,3,202,0.09,551.46,134.8,Cash
ORD06720,2023-10-24,10,October,43,DMart-Mumbai-3,Mumbai,Personal Care,Water,4,451,0.04,1731.84,281.0,Card
ORD06721,2023-09-11,9,September,37,DMart-Mumbai-3,Mumbai,Groceries,Shampoo,1,178,0.3,124.6,31.85,Wallet
ORD06722,2023-11-22,11,November,47,DMart-Nagpur-1,Nagpur,Groceries,Tea,3,122,0.08,336.72,95.69,Wallet
ORD06723,2023-04-29,4,April,17,DMart-Nagpur-2,Nagpur,Personal Care,Wheat,4,424,0.18,1390.72,364.91,Card
ORD06724,2023-02-09,2,February,6,DMart-Nashik-1,Nashik,Household,Rice,4,34,0.22,106.08,24.52,Cash
ORD06725,2023-11-15,11,November,46,DMart-Pune-1,Pune,Groceries,Toothpaste,2,269,0.26,398.12,103.51,Card
ORD06726,2023-07-28,7,July,30,DMart-Thane-3,Thane,Beverages,Oil,1,391,0.08,359.72,44.49,Cash
ORD06727,2023-09-13,9,September,37,DMart-Thane-1,Thane,Household,Wheat,5,98,0.04,470.4,60.13,UPI
ORD06728,2023-06-12,6,June,24,DMart-Thane-3,Thane,Dairy,Sugar,1,336,0.0,336.0,45.65,Card
ORD06729,2023-01-23,1,January,4,DMart-Nashik-2,Nashik,Groceries,Sugar,4,175,0.08,644.0,180.69,Wallet
ORD06730,2023-04-01,4,April,13,DMart-Nagpur-3,Nagpur,Beverages,Wheat,3,209,0.04,601.92,89.16,UPI
ORD06731,2023-12-22,12,December,51,DMart-Nashik-1,Nashik,Beverages,Rice,4,333,0.11,1185.48,232.38,Card
ORD06732,2023-06-10,6,June,23,DMart-Pune-1,Pune,Household,Water,3,164,0.04,472.32,125.14,UPI
ORD06733,2023-04-18,4,April,16,DMart-Nagpur-1,Nagpur,Household,Soap,3,298,0.28,643.68,158.38,Card
ORD06734,2023-02-03,2,February,5,DMart-Mumbai-1,Mumbai,Dairy,Wheat,3,385,0.17,958.65,134.18,UPI
ORD06735,2023-05-31,5,May,22,DMart-Nagpur-1,Nagpur,Dairy,Sugar,1,41,0.13,35.67,9.24,Card
ORD06736,2023-12-05,12,December,49,DMart-Thane-1,Thane,Household,Shampoo,2,41,0.11,72.98,16.62,UPI
ORD06737,2023-05-29,5,May,22,DMart-Pune-1,Pune,Personal Care,Oil,4,369,0.23,1136.52,314.61,UPI
ORD06738,2023-05-26,5,May,21,DMart-Nashik-2,Nashik,Groceries,Soap,4,408,0.03,1583.04,331.5,UPI
ORD06739,2023-02-21,2,February,8,DMart-Nagpur-1,Nagpur,Dairy,Tissue,4,67,0.21,211.72,21.89,UPI
ORD06740,2023-10-19,10,October,42,DMart-Thane-2,Thane,Dairy,Bread,5,54,0.29,191.7,33.59,Cash
ORD06741,2023-12-12,12,December,50,DMart-Pune-1,Pune,Groceries,Sugar,1,298,0.04,286.08,81.56,UPI
ORD06742,2023-07-24,7,July,30,DMart-Nashik-1,Nashik,Groceries,Coffee,2,414,0.25,621.0,166.45,Card
ORD06743,2023-08-19,8,August,33,DMart-Thane-2,Thane,Dairy,Chips,3,420,0.13,1096.2,177.5,Cash
ORD06744,2023-02-05,2,February,5,DMart-Nagpur-1,Nagpur,Beverages,Eggs,4,169,0.22,527.28,72.22,UPI
ORD06745,2023-10-31,10,October,44,DMart-Nagpur-3,Nagpur,Dairy,Water,1,176,0.21,139.04,18.26,Card
ORD06746,2023-11-15,11,November,46,DMart-Thane-1,Thane,Groceries,Milk,1,135,0.15,114.75,26.02,Cash
ORD06747,2023-05-14,5,May,19,DMart-Thane-2,Thane,Groceries,Chips,1,330,0.19,267.3,61.09,UPI
ORD06748,2023-11-15,11,November,46,DMart-Pune-1,Pune,Personal Care,Biscuits,5,90,0.28,324.0,56.78,Card
ORD06749,2023-05-01,5,May,18,DMart-Nashik-3,Nashik,Groceries,Sugar,4,216,0.07,803.52,115.74,UPI
ORD06750,2023-08-16,8,August,33,DMart-Nagpur-3,Nagpur,Beverages,Water,2,439,0.3,614.6,155.0,Cash
ORD06751,2023-04-02,4,April,13,DMart-Thane-3,Thane,Household,Toothpaste,4,219,0.16,735.84,164.2,UPI
ORD06752,2023-05-01,5,May,18,DMart-Mumbai-3,Mumbai,Beverages,Tissue,3,300,0.23,693.0,115.2,Cash
ORD06753,2023-02-07,2,February,6,DMart-Nashik-1,Nashik,Groceries,Rice,3,344,0.21,815.28,132.09,Card
ORD06754,2023-10-09,10,October,41,DMart-Mumbai-1,Mumbai,Personal Care,Toothpaste,2,324,0.0,648.0,122.68,Card
ORD06755,2023-02-23,2,February,8,DMart-Mumbai-2,Mumbai,Personal Care,Tissue,2,27,0.21,42.66,5.41,Wallet
ORD06756,2023-08-22,8,August,34,DMart-Pune-2,Pune,Household,Chips,1,333,0.04,319.68,53.99,UPI
ORD06757,2023-10-21,10,October,42,DMart-Mumbai-2,Mumbai,Groceries,Sugar,2,126,0.0,252.0,60.03,Cash
ORD06758,2023-04-28,4,April,17,DMart-Nashik-3,Nashik,Dairy,Coffee,1,280,0.01,277.2,82.45,Wallet
ORD06759,2023-03-30,3,March,13,DMart-Mumbai-3,Mumbai,Personal Care,Chips,3,187,0.28,403.92,118.68,Wallet
ORD06760,2023-04-20,4,April,16,DMart-Nagpur-1,Nagpur,Groceries,Tea,1,349,0.15,296.65,74.91,UPI
ORD06761,2023-04-17,4,April,16,DMart-Nagpur-1,Nagpur,Dairy,Rice,3,101,0.03,293.91,56.84,Wallet
ORD06762,2023-09-30,9,September,39,DMart-Mumbai-3,Mumbai,Groceries,Bread,2,483,0.15,821.1,129.02,Cash
ORD06763,2023-04-17,4,April,16,DMart-Nagpur-3,Nagpur,Beverages,Eggs,5,206,0.28,741.6,180.51,UPI
ORD06764,2023-11-24,11,November,47,DMart-Thane-1,Thane,Personal Care,Biscuits,3,499,0.12,1317.36,173.79,UPI
ORD06765,2023-11-03,11,November,44,DMart-Pune-2,Pune,Household,Chips,5,36,0.28,129.6,31.98,Card
ORD06766,2023-02-08,2,February,6,DMart-Nashik-2,Nashik,Personal Care,Toothpaste,2,206,0.24,313.12,58.8,UPI
ORD06767,2023-08-20,8,August,33,DMart-Nagpur-3,Nagpur,Dairy,Tissue,4,198,0.29,562.32,89.08,Card
ORD06768,2023-10-06,10,October,40,DMart-Nashik-3,Nashik,Beverages,Juice,4,274,0.13,953.52,206.64,Card
ORD06769,2023-12-13,12,December,50,DMart-Nagpur-1,Nagpur,Personal Care,Coffee,1,390,0.1,351.0,43.36,Card
ORD06770,2023-01-27,1,January,4,DMart-Nashik-2,Nashik,Personal Care,Water,5,326,0.13,1418.1,403.7,Card
ORD06771,2023-02-04,2,February,5,DMart-Nashik-2,Nashik,Beverages,Oil,1,319,0.1,287.1,64.09,Card
ORD06772,2023-07-31,7,July,31,DMart-Pune-2,Pune,Personal Care,Detergent,3,21,0.27,45.99,6.12,Wallet
ORD06773,2023-11-09,11,November,45,DMart-Mumbai-1,Mumbai,Household,Coffee,1,202,0.27,147.46,36.26,Card
ORD06774,2023-12-19,12,December,51,DMart-Nagpur-1,Nagpur,Personal Care,Water,1,449,0.22,350.22,101.7,UPI
ORD06775,2023-09-17,9,September,37,DMart-Nagpur-1,Nagpur,Household,Bread,1,210,0.22,163.8,26.07,UPI
ORD06776,2023-08-26,8,August,34,DMart-Mumbai-3,Mumbai,Groceries,Chips,2,459,0.0,918.0,209.19,UPI
ORD06777,2023-06-21,6,June,25,DMart-Thane-1,Thane,Groceries,Bread,2,114,0.17,189.24,19.4,Card
ORD06778,2023-05-16,5,May,20,DMart-Thane-3,Thane,Dairy,Water,4,479,0.12,1686.08,250.71,Cash
ORD06779,2023-05-31,5,May,22,DMart-Mumbai-2,Mumbai,Personal Care,Detergent,5,154,0.27,562.1,109.19,Card
ORD06780,2023-12-10,12,December,49,DMart-Pune-3,Pune,Dairy,Oil,5,364,0.3,1274.0,211.18,UPI
ORD06781,2023-10-07,10,October,40,DMart-Thane-2,Thane,Dairy,Chips,2,479,0.1,862.2,172.48,Card
ORD06782,2023-10-20,10,October,42,DMart-Nashik-3,Nashik,Personal Care,Sugar,3,322,0.07,898.38,259.45,Card
ORD06783,2023-03-15,3,March,11,DMart-Mumbai-2,Mumbai,Household,Milk,4,386,0.2,1235.2,291.4,UPI
ORD06784,2023-01-04,1,January,1,DMart-Nashik-1,Nashik,Groceries,Wheat,1,300,0.15,255.0,59.54,Wallet
ORD06785,2023-05-08,5,May,19,DMart-Pune-1,Pune,Groceries,Sugar,3,60,0.28,129.6,28.7,UPI
ORD06786,2023-08-05,8,August,31,DMart-Nashik-2,Nashik,Household,Rice,5,297,0.22,1158.3,138.14,Cash
ORD06787,2023-06-11,6,June,23,DMart-Thane-2,Thane,Beverages,Rice,3,364,0.19,884.52,221.47,Cash
ORD06788,2023-11-13,11,November,46,DMart-Thane-1,Thane,Beverages,Tea,1,51,0.27,37.23,8.97,Wallet
ORD06789,2023-07-07,7,July,27,DMart-Pune-2,Pune,Dairy,Detergent,3,154,0.11,411.18,90.5,UPI
ORD06790,2023-02-15,2,February,7,DMart-Pune-2,Pune,Beverages,Rice,1,103,0.21,81.37,16.42,Cash
ORD06791,2023-09-21,9,September,38,DMart-Mumbai-1,Mumbai,Household,Bread,4,341,0.1,1227.6,189.4,Wallet
ORD06792,2023-10-08,10,October,40,DMart-Pune-2,Pune,Dairy,Tea,3,186,0.01,552.42,133.25,Cash
ORD06793,2023-06-21,6,June,25,DMart-Nashik-2,Nashik,Household,Oil,5,44,0.06,206.8,39.62,Wallet
ORD06794,2023-08-27,8,August,34,DMart-Mumbai-1,Mumbai,Personal Care,Rice,5,444,0.12,1953.6,452.21,Wallet
ORD06795,2023-02-17,2,February,7,DMart-Nashik-2,Nashik,Household,Juice,1,161,0.06,151.34,38.15,Cash
ORD06796,2023-03-29,3,March,13,DMart-Thane-1,Thane,Beverages,Tissue,5,423,0.06,1988.1,349.86,Card
ORD06797,2023-07-04,7,July,27,DMart-Thane-3,Thane,Household,Biscuits,4,101,0.14,347.44,85.96,Wallet
ORD06798,2023-10-26,10,October,43,DMart-Nashik-2,Nashik,Dairy,Milk,5,232,0.26,858.4,198.51,Card
ORD06799,2023-07-18,7,July,29,DMart-Nagpur-3,Nagpur,Household,Shampoo,4,34,0.28,97.92,10.2,UPI
ORD06800,2023-09-12,9,September,37,DMart-Pune-3,Pune,Groceries,Juice,1,29,0.05,27.55,6.68,Cash
ORD06801,2023-12-03,12,December,48,DMart-Pune-3,Pune,Groceries,Milk,5,492,0.24,1869.6,511.52,Wallet
ORD06802,2023-10-26,10,October,43,DMart-Thane-1,Thane,Beverages,Oil,4,419,0.06,1575.44,379.33,Card
ORD06803,2023-04-10,4,April,15,DMart-Pune-3,Pune,Beverages,Tissue,4,494,0.06,1857.44,261.72,Card
ORD06804,2023-10-31,10,October,44,DMart-Thane-3,Thane,Dairy,Sugar,5,394,0.23,1516.9,295.36,Wallet
ORD06805,2023-01-02,1,January,1,DMart-Thane-3,Thane,Household,Oil,1,284,0.2,227.2,58.32,Cash
ORD06806,2023-03-03,3,March,9,DMart-Thane-2,Thane,Dairy,Soap,4,427,0.19,1383.48,228.5,UPI
ORD06807,2023-04-17,4,April,16,DMart-Thane-2,Thane,Groceries,Eggs,2,156,0.05,296.4,45.97,Wallet
ORD06808,2023-01-07,1,January,1,DMart-Thane-1,Thane,Groceries,Tea,4,94,0.16,315.84,62.23,Wallet
ORD06809,2023-05-03,5,May,18,DMart-Nagpur-3,Nagpur,Household,Soap,5,268,0.2,1072.0,115.98,Cash
ORD06810,2023-04-09,4,April,14,DMart-Mumbai-3,Mumbai,Dairy,Bread,1,397,0.26,293.78,59.2,UPI
ORD06811,2023-01-28,1,January,4,DMart-Pune-1,Pune,Beverages,Toothpaste,3,285,0.21,675.45,177.52,Card
ORD06812,2023-02-27,2,February,9,DMart-Pune-2,Pune,Household,Coffee,5,417,0.03,2022.45,370.26,Card
ORD06813,2023-09-01,9,September,35,DMart-Pune-3,Pune,Groceries,Oil,3,430,0.04,1238.4,289.44,Cash
ORD06814,2023-01-08,1,January,1,DMart-Mumbai-2,Mumbai,Household,Bread,2,170,0.04,326.4,50.59,Wallet
ORD06815,2023-01-23,1,January,4,DMart-Mumbai-2,Mumbai,Household,Oil,2,429,0.27,626.34,141.15,UPI
ORD06816,2023-09-11,9,September,37,DMart-Nashik-3,Nashik,Beverages,Coffee,3,127,0.01,377.19,54.63,Cash
ORD06817,2023-06-24,6,June,25,DMart-Mumbai-2,Mumbai,Household,Coffee,3,107,0.22,250.38,65.44,Wallet
ORD06818,2023-04-25,4,April,17,DMart-Nagpur-1,Nagpur,Dairy,Soap,3,491,0.16,1237.32,152.24,UPI
ORD06819,2023-03-25,3,March,12,DMart-Nashik-3,Nashik,Groceries,Wheat,3,341,0.27,746.79,97.97,Wallet
ORD06820,2023-11-12,11,November,45,DMart-Mumbai-2,Mumbai,Household,Juice,3,208,0.12,549.12,74.21,Wallet
ORD06821,2023-08-20,8,August,33,DMart-Mumbai-2,Mumbai,Groceries,Rice,2,233,0.01,461.34,93.57,UPI
ORD06822,2023-05-18,5,May,20,DMart-Thane-2,Thane,Personal Care,Rice,4,449,0.13,1562.52,245.15,Card
ORD06823,2023-12-08,12,December,49,DMart-Thane-3,Thane,Personal Care,Eggs,5,98,0.04,470.4,57.98,UPI
ORD06824,2023-06-20,6,June,25,DMart-Thane-1,Thane,Groceries,Wheat,2,73,0.08,134.32,20.32,Wallet
ORD06825,2023-10-05,10,October,40,DMart-Nashik-2,Nashik,Groceries,Chips,2,322,0.26,476.56,101.36,Card
ORD06826,2023-09-18,9,September,38,DMart-Nagpur-2,Nagpur,Beverages,Shampoo,5,159,0.08,731.4,180.7,UPI
ORD06827,2023-06-30,6,June,26,DMart-Mumbai-1,Mumbai,Personal Care,Toothpaste,2,451,0.21,712.58,199.42,Card
ORD06828,2023-09-08,9,September,36,DMart-Nagpur-1,Nagpur,Beverages,Shampoo,1,84,0.14,72.24,19.31,UPI
ORD06829,2023-10-19,10,October,42,DMart-Mumbai-2,Mumbai,Household,Shampoo,3,20,0.26,44.4,7.85,Card
ORD06830,2023-06-04,6,June,22,DMart-Mumbai-2,Mumbai,Beverages,Shampoo,3,235,0.15,599.25,97.01,Card
ORD06831,2023-06-12,6,June,24,DMart-Thane-2,Thane,Beverages,Bread,5,88,0.24,334.4,67.6,Wallet
ORD06832,2023-06-02,6,June,22,DMart-Pune-1,Pune,Beverages,Water,1,462,0.28,332.64,70.54,Cash
ORD06833,2023-05-09,5,May,19,DMart-Pune-1,Pune,Groceries,Soap,5,263,0.09,1196.65,156.82,Cash
ORD06834,2023-04-25,4,April,17,DMart-Pune-1,Pune,Household,Juice,4,336,0.1,1209.6,184.01,UPI
ORD06835,2023-09-07,9,September,36,DMart-Nagpur-2,Nagpur,Personal Care,Coffee,2,478,0.23,736.12,188.03,Cash
ORD06836,2023-07-05,7,July,27,DMart-Pune-3,Pune,Dairy,Shampoo,3,103,0.03,299.73,39.81,Cash
ORD06837,2023-04-15,4,April,15,DMart-Mumbai-3,Mumbai,Dairy,Detergent,1,160,0.05,152.0,23.95,UPI
ORD06838,2023-04-28,4,April,17,DMart-Thane-1,Thane,Dairy,Tea,4,42,0.09,152.88,43.23,Wallet
ORD06839,2023-06-26,6,June,26,DMart-Mumbai-3,Mumbai,Personal Care,Eggs,1,45,0.27,32.85,6.11,UPI
ORD06840,2023-11-02,11,November,44,DMart-Pune-1,Pune,Household,Tissue,4,482,0.3,1349.6,258.06,Card
ORD06841,2023-03-23,3,March,12,DMart-Thane-2,Thane,Groceries,Oil,3,291,0.29,619.83,127.62,Wallet
ORD06842,2023-07-07,7,July,27,DMart-Mumbai-3,Mumbai,Household,Biscuits,2,476,0.13,828.24,239.23,Cash
ORD06843,2023-09-28,9,September,39,DMart-Nagpur-3,Nagpur,Beverages,Shampoo,1,470,0.23,361.9,40.6,Card
ORD06844,2023-09-17,9,September,37,DMart-Thane-1,Thane,Groceries,Detergent,1,290,0.29,205.9,24.7,Card
ORD06845,2023-04-03,4,April,14,DMart-Nashik-1,Nashik,Groceries,Tissue,5,274,0.07,1274.1,200.11,Cash
ORD06846,2023-07-30,7,July,30,DMart-Pune-3,Pune,Dairy,Shampoo,5,122,0.23,469.7,108.59,Card
ORD06847,2023-04-07,4,April,14,DMart-Thane-3,Thane,Dairy,Toothpaste,3,116,0.18,285.36,67.18,Cash
ORD06848,2023-11-02,11,November,44,DMart-Nashik-3,Nashik,Dairy,Tea,1,340,0.08,312.8,34.44,UPI
ORD06849,2023-04-05,4,April,14,DMart-Nashik-1,Nashik,Dairy,Toothpaste,2,161,0.26,238.28,53.69,Cash
ORD06850,2023-01-13,1,January,2,DMart-Mumbai-3,Mumbai,Personal Care,Sugar,1,135,0.12,118.8,16.46,Card
ORD06851,2023-11-28,11,November,48,DMart-Nagpur-2,Nagpur,Groceries,Soap,5,356,0.2,1424.0,369.2,UPI
ORD06852,2023-06-06,6,June,23,DMart-Mumbai-1,Mumbai,Personal Care,Shampoo,2,277,0.26,409.96,87.96,Wallet
ORD06853,2023-03-02,3,March,9,DMart-Nashik-1,Nashik,Groceries,Milk,2,486,0.11,865.08,172.28,Wallet
ORD06854,2023-11-04,11,November,44,DMart-Nagpur-3,Nagpur,Groceries,Sugar,3,95,0.27,208.05,25.44,UPI
ORD06855,2023-08-30,8,August,35,DMart-Mumbai-1,Mumbai,Beverages,Bread,5,168,0.11,747.6,101.15,Wallet
ORD06856,2023-07-16,7,July,28,DMart-Nashik-3,Nashik,Beverages,Sugar,5,93,0.06,437.1,51.16,Wallet
ORD06857,2023-09-10,9,September,36,DMart-Nashik-2,Nashik,Household,Detergent,1,202,0.13,175.74,31.83,Cash
ORD06858,2023-02-24,2,February,8,DMart-Mumbai-1,Mumbai,Groceries,Tissue,3,46,0.08,126.96,20.23,UPI
ORD06859,2023-08-27,8,August,34,DMart-Pune-1,Pune,Personal Care,Tea,1,50,0.21,39.5,10.79,Cash
ORD06860,2023-07-19,7,July,29,DMart-Mumbai-1,Mumbai,Beverages,Milk,4,451,0.11,1605.56,190.13,Cash
ORD06861,2023-04-21,4,April,16,DMart-Pune-2,Pune,Personal Care,Water,5,404,0.11,1797.8,349.3,UPI
ORD06862,2023-10-27,10,October,43,DMart-Thane-2,Thane,Dairy,Coffee,3,300,0.27,657.0,170.55,Cash
ORD06863,2023-12-21,12,December,51,DMart-Nagpur-1,Nagpur,Beverages,Tissue,3,430,0.16,1083.6,124.51,UPI
ORD06864,2023-01-25,1,January,4,DMart-Mumbai-3,Mumbai,Groceries,Bread,5,109,0.25,408.75,47.23,UPI
ORD06865,2023-07-28,7,July,30,DMart-Mumbai-3,Mumbai,Personal Care,Eggs,3,88,0.26,195.36,23.96,Cash
ORD06866,2023-04-16,4,April,15,DMart-Mumbai-1,Mumbai,Groceries,Sugar,4,98,0.04,376.32,55.13,Card
ORD06867,2023-01-19,1,January,3,DMart-Mumbai-3,Mumbai,Personal Care,Water,3,364,0.17,906.36,221.64,Card
ORD06868,2023-03-23,3,March,12,DMart-Nashik-1,Nashik,Household,Milk,3,101,0.09,275.73,74.38,Wallet
ORD06869,2023-06-22,6,June,25,DMart-Thane-1,Thane,Personal Care,Shampoo,2,212,0.25,318.0,36.69,Cash
ORD06870,2023-06-02,6,June,22,DMart-Pune-1,Pune,Beverages,Biscuits,5,480,0.3,1680.0,451.04,Wallet
ORD06871,2023-06-23,6,June,25,DMart-Pune-1,Pune,Beverages,Soap,3,402,0.05,1145.7,305.45,Wallet
ORD06872,2023-03-23,3,March,12,DMart-Nashik-2,Nashik,Personal Care,Shampoo,4,237,0.27,692.04,122.35,UPI
ORD06873,2023-03-27,3,March,13,DMart-Nagpur-2,Nagpur,Personal Care,Juice,1,219,0.15,186.15,29.94,Cash
ORD06874,2023-05-23,5,May,21,DMart-Mumbai-3,Mumbai,Beverages,Biscuits,2,105,0.09,191.1,46.78,Cash
ORD06875,2023-07-04,7,July,27,DMart-Nagpur-3,Nagpur,Beverages,Juice,3,95,0.09,259.35,57.28,Cash
ORD06876,2023-07-12,7,July,28,DMart-Thane-2,Thane,Dairy,Shampoo,1,266,0.19,215.46,57.83,Wallet
ORD06877,2023-01-21,1,January,3,DMart-Pune-1,Pune,Beverages,Eggs,5,455,0.19,1842.75,363.32,Cash
ORD06878,2023-02-25,2,February,8,DMart-Pune-1,Pune,Groceries,Juice,3,82,0.12,216.48,58.27,Card
ORD06879,2023-04-05,4,April,14,DMart-Pune-2,Pune,Groceries,Sugar,3,415,0.08,1145.4,300.5,Cash
ORD06880,2023-02-17,2,February,7,DMart-Nagpur-2,Nagpur,Groceries,Biscuits,3,366,0.06,1032.12,276.74,Cash
ORD06881,2023-12-27,12,December,52,DMart-Nagpur-3,Nagpur,Personal Care,Detergent,5,448,0.0,2240.0,461.99,UPI
ORD06882,2023-06-23,6,June,25,DMart-Pune-1,Pune,Beverages,Detergent,3,476,0.16,1199.52,274.66,Wallet
ORD06883,2023-05-14,5,May,19,DMart-Thane-1,Thane,Beverages,Chips,5,344,0.14,1479.2,258.29,Wallet
ORD06884,2023-10-22,10,October,42,DMart-Mumbai-3,Mumbai,Beverages,Coffee,3,88,0.23,203.28,32.22,Cash
ORD06885,2023-06-05,6,June,23,DMart-Nagpur-1,Nagpur,Personal Care,Eggs,2,291,0.25,436.5,85.33,Card
ORD06886,2023-10-27,10,October,43,DMart-Nashik-3,Nashik,Household,Coffee,1,187,0.25,140.25,33.46,Wallet
ORD06887,2023-09-25,9,September,39,DMart-Mumbai-1,Mumbai,Personal Care,Juice,2,494,0.24,750.88,122.76,Cash
ORD06888,2023-06-20,6,June,25,DMart-Thane-2,Thane,Groceries,Detergent,4,298,0.3,834.4,156.71,Card
ORD06889,2023-07-11,7,July,28,DMart-Nashik-3,Nashik,Groceries,Oil,5,453,0.28,1630.8,235.63,UPI
ORD06890,2023-05-26,5,May,21,DMart-Nagpur-2,Nagpur,Personal Care,Juice,5,56,0.19,226.8,49.6,Card
ORD06891,2023-03-29,3,March,13,DMart-Thane-3,Thane,Personal Care,Eggs,1,480,0.0,480.0,132.19,UPI
ORD06892,2023-11-15,11,November,46,DMart-Nashik-1,Nashik,Household,Biscuits,4,348,0.06,1308.48,214.11,Wallet
ORD06893,2023-06-29,6,June,26,DMart-Thane-1,Thane,Groceries,Tea,2,207,0.26,306.36,41.73,UPI
ORD06894,2023-07-12,7,July,28,DMart-Nashik-1,Nashik,Dairy,Sugar,1,370,0.02,362.6,57.18,Wallet
ORD06895,2023-05-21,5,May,20,DMart-Thane-2,Thane,Household,Oil,2,266,0.22,414.96,88.34,Card
ORD06896,2023-02-06,2,February,6,DMart-Mumbai-1,Mumbai,Dairy,Wheat,4,238,0.1,856.8,176.6,Wallet
ORD06897,2023-10-18,10,October,42,DMart-Mumbai-1,Mumbai,Dairy,Soap,5,383,0.28,1378.8,300.97,Cash
ORD06898,2023-02-16,2,February,7,DMart-Pune-1,Pune,Groceries,Tea,2,446,0.28,642.24,68.57,Wallet
ORD06899,2023-01-15,1,January,2,DMart-Thane-1,Thane,Groceries,Tea,3,290,0.13,756.9,201.87,Cash
ORD06900,2023-10-10,10,October,41,DMart-Thane-2,Thane,Personal Care,Tea,2,429,0.15,729.3,104.46,Cash
ORD06901,2023-08-02,8,August,31,DMart-Nagpur-1,Nagpur,Personal Care,Milk,5,196,0.05,931.0,184.4,Cash
ORD06902,2023-02-13,2,February,7,DMart-Nagpur-2,Nagpur,Groceries,Wheat,5,224,0.29,795.2,183.18,Wallet
ORD06903,2023-05-30,5,May,22,DMart-Pune-1,Pune,Groceries,Wheat,4,324,0.01,1283.04,144.47,UPI
ORD06904,2023-07-09,7,July,27,DMart-Mumbai-2,Mumbai,Personal Care,Water,1,400,0.17,332.0,33.78,Cash
ORD06905,2023-09-27,9,September,39,DMart-Mumbai-1,Mumbai,Dairy,Chips,4,435,0.01,1722.6,174.49,Cash
ORD06906,2023-02-21,2,February,8,DMart-Mumbai-3,Mumbai,Dairy,Rice,2,404,0.04,775.68,190.03,Wallet
ORD06907,2023-10-14,10,October,41,DMart-Mumbai-1,Mumbai,Household,Eggs,3,41,0.03,119.31,32.09,Cash
ORD06908,2023-02-09,2,February,6,DMart-Pune-2,Pune,Groceries,Tissue,4,395,0.18,1295.6,180.33,Cash
ORD06909,2023-01-03,1,January,1,DMart-Nashik-2,Nashik,Personal Care,Water,5,243,0.16,1020.6,285.97,Cash
ORD06910,2023-01-21,1,January,3,DMart-Nashik-1,Nashik,Beverages,Oil,3,334,0.02,981.96,114.21,Wallet
ORD06911,2023-04-28,4,April,17,DMart-Nagpur-1,Nagpur,Household,Bread,2,96,0.11,170.88,20.92,Card
ORD06912,2023-03-11,3,March,10,DMart-Mumbai-3,Mumbai,Household,Chips,4,343,0.03,1330.84,248.24,Cash
ORD06913,2023-02-02,2,February,5,DMart-Nashik-2,Nashik,Groceries,Coffee,2,464,0.26,686.72,113.55,Card
ORD06914,2023-11-01,11,November,44,DMart-Nashik-3,Nashik,Beverages,Water,1,187,0.05,177.65,42.85,UPI
ORD06915,2023-02-12,2,February,6,DMart-Thane-2,Thane,Dairy,Detergent,3,488,0.26,1083.36,281.56,Cash
ORD06916,2023-06-19,6,June,25,DMart-Mumbai-3,Mumbai,Beverages,Tea,3,336,0.0,1008.0,298.95,Card
ORD06917,2023-03-14,3,March,11,DMart-Mumbai-3,Mumbai,Dairy,Shampoo,2,234,0.07,435.24,127.51,UPI
ORD06918,2023-03-01,3,March,9,DMart-Mumbai-2,Mumbai,Beverages,Tea,5,167,0.14,718.1,143.3,UPI
ORD06919,2023-03-20,3,March,12,DMart-Thane-1,Thane,Dairy,Rice,4,28,0.02,109.76,26.13,UPI
ORD06920,2023-01-08,1,January,1,DMart-Nashik-2,Nashik,Groceries,Soap,5,418,0.13,1818.3,345.34,Wallet
ORD06921,2023-05-24,5,May,21,DMart-Nagpur-2,Nagpur,Household,Toothpaste,2,472,0.05,896.8,181.2,Cash
ORD06922,2023-09-13,9,September,37,DMart-Pune-2,Pune,Household,Eggs,1,51,0.29,36.21,9.66,Wallet
ORD06923,2023-04-28,4,April,17,DMart-Nagpur-2,Nagpur,Household,Wheat,4,488,0.13,1698.24,302.76,Wallet
ORD06924,2023-03-31,3,March,13,DMart-Thane-1,Thane,Groceries,Water,2,343,0.3,480.2,124.09,Wallet
ORD06925,2023-11-30,11,November,48,DMart-Mumbai-1,Mumbai,Household,Toothpaste,1,326,0.29,231.46,68.55,Card
ORD06926,2023-09-10,9,September,36,DMart-Nashik-2,Nashik,Personal Care,Oil,5,172,0.1,774.0,211.29,Card
ORD06927,2023-11-23,11,November,47,DMart-Nagpur-2,Nagpur,Beverages,Detergent,3,395,0.29,841.35,152.63,Wallet
ORD06928,2023-03-02,3,March,9,DMart-Nagpur-2,Nagpur,Personal Care,Soap,3,76,0.06,214.32,32.35,UPI
ORD06929,2023-11-22,11,November,47,DMart-Nashik-3,Nashik,Household,Bread,4,485,0.24,1474.4,210.83,UPI
ORD06930,2023-08-28,8,August,35,DMart-Thane-2,Thane,Personal Care,Water,3,184,0.24,419.52,103.51,Card
ORD06931,2023-03-07,3,March,10,DMart-Nagpur-1,Nagpur,Beverages,Coffee,5,413,0.24,1569.4,407.73,Card
ORD06932,2023-06-25,6,June,25,DMart-Thane-2,Thane,Groceries,Shampoo,1,116,0.23,89.32,9.43,Cash
ORD06933,2023-06-03,6,June,22,DMart-Thane-1,Thane,Personal Care,Soap,3,232,0.24,528.96,142.94,Card
ORD06934,2023-07-03,7,July,27,DMart-Pune-1,Pune,Household,Eggs,2,303,0.06,569.64,72.51,Card
ORD06935,2023-06-20,6,June,25,DMart-Mumbai-3,Mumbai,Dairy,Soap,4,198,0.13,689.04,139.83,UPI
ORD06936,2023-09-26,9,September,39,DMart-Thane-1,Thane,Beverages,Juice,4,414,0.21,1308.24,227.26,UPI
ORD06937,2023-12-07,12,December,49,DMart-Pune-1,Pune,Dairy,Rice,5,450,0.17,1867.5,187.02,UPI
ORD06938,2023-11-22,11,November,47,DMart-Thane-2,Thane,Personal Care,Tea,5,57,0.02,279.3,78.21,Wallet
ORD06939,2023-09-04,9,September,36,DMart-Nashik-3,Nashik,Groceries,Rice,3,488,0.28,1054.08,124.2,Cash
ORD06940,2023-07-02,7,July,26,DMart-Mumbai-2,Mumbai,Groceries,Detergent,4,345,0.26,1021.2,133.52,Card
ORD06941,2023-05-05,5,May,18,DMart-Nagpur-2,Nagpur,Dairy,Shampoo,1,300,0.03,291.0,49.95,Wallet
ORD06942,2023-06-22,6,June,25,DMart-Thane-1,Thane,Household,Wheat,1,417,0.12,366.96,51.52,Wallet
ORD06943,2023-11-23,11,November,47,DMart-Nashik-1,Nashik,Groceries,Biscuits,4,208,0.26,615.68,152.98,UPI
ORD06944,2023-03-03,3,March,9,DMart-Mumbai-1,Mumbai,Groceries,Biscuits,5,39,0.17,161.85,43.03,Cash
ORD06945,2023-11-26,11,November,47,DMart-Nagpur-2,Nagpur,Beverages,Shampoo,1,133,0.01,131.67,16.83,UPI
ORD06946,2023-03-12,3,March,10,DMart-Nagpur-2,Nagpur,Personal Care,Rice,4,191,0.18,626.48,98.87,Wallet
ORD06947,2023-11-18,11,November,46,DMart-Pune-1,Pune,Household,Eggs,5,24,0.05,114.0,20.12,UPI
ORD06948,2023-07-21,7,July,29,DMart-Mumbai-2,Mumbai,Personal Care,Tea,2,397,0.22,619.32,141.37,Card
ORD06949,2023-05-07,5,May,18,DMart-Nagpur-3,Nagpur,Groceries,Sugar,3,254,0.07,708.66,192.69,Wallet
ORD06950,2023-02-10,2,February,6,DMart-Pune-2,Pune,Groceries,Shampoo,2,156,0.13,271.44,66.3,UPI
ORD06951,2023-10-31,10,October,44,DMart-Pune-2,Pune,Groceries,Soap,4,426,0.21,1346.16,402.46,Wallet
ORD06952,2023-02-27,2,February,9,DMart-Nagpur-3,Nagpur,Dairy,Toothpaste,2,279,0.26,412.92,116.04,Cash
ORD06953,2023-07-31,7,July,31,DMart-Thane-1,Thane,Beverages,Coffee,2,382,0.22,595.92,123.98,Card
ORD06954,2023-06-09,6,June,23,DMart-Pune-1,Pune,Beverages,Wheat,3,292,0.21,692.04,134.89,Card
ORD06955,2023-09-08,9,September,36,DMart-Nashik-1,Nashik,Dairy,Chips,5,427,0.3,1494.5,325.63,UPI
ORD06956,2023-11-30,11,November,48,DMart-Nagpur-3,Nagpur,Beverages,Toothpaste,5,438,0.14,1883.4,532.06,UPI
ORD06957,2023-04-06,4,April,14,DMart-Pune-2,Pune,Beverages,Toothpaste,3,196,0.0,588.0,144.42,UPI
ORD06958,2023-03-04,3,March,9,DMart-Nagpur-1,Nagpur,Groceries,Rice,3,77,0.2,184.8,40.34,Cash
ORD06959,2023-02-26,2,February,8,DMart-Pune-1,Pune,Personal Care,Coffee,3,289,0.25,650.25,101.41,Cash
ORD06960,2023-06-27,6,June,26,DMart-Thane-3,Thane,Household,Tea,4,299,0.12,1052.48,301.75,Wallet
ORD06961,2023-11-01,11,November,44,DMart-Nashik-3,Nashik,Dairy,Bread,5,141,0.1,634.5,165.12,Cash
ORD06962,2023-01-17,1,January,3,DMart-Pune-3,Pune,Beverages,Milk,3,397,0.3,833.7,115.94,UPI
ORD06963,2023-11-24,11,November,47,DMart-Nagpur-2,Nagpur,Personal Care,Biscuits,2,374,0.14,643.28,172.74,UPI
ORD06964,2023-02-24,2,February,8,DMart-Nashik-2,Nashik,Beverages,Bread,3,100,0.11,267.0,55.05,Wallet
ORD06965,2023-01-17,1,January,3,DMart-Mumbai-2,Mumbai,Dairy,Oil,1,68,0.02,66.64,12.59,Wallet
ORD06966,2023-05-02,5,May,18,DMart-Pune-2,Pune,Beverages,Eggs,2,305,0.13,530.7,68.15,UPI
ORD06967,2023-03-05,3,March,9,DMart-Pune-1,Pune,Groceries,Chips,4,193,0.18,633.04,102.43,Wallet
ORD06968,2023-10-08,10,October,40,DMart-Thane-2,Thane,Groceries,Coffee,1,254,0.07,236.22,38.91,UPI
ORD06969,2023-06-28,6,June,26,DMart-Nashik-2,Nashik,Household,Detergent,1,62,0.29,44.02,7.48,Card
ORD06970,2023-10-03,10,October,40,DMart-Pune-1,Pune,Beverages,Bread,2,241,0.23,371.14,104.56,Wallet
ORD06971,2023-05-24,5,May,21,DMart-Mumbai-3,Mumbai,Dairy,Eggs,1,458,0.13,398.46,46.42,Cash
ORD06972,2023-11-26,11,November,47,DMart-Nagpur-2,Nagpur,Household,Milk,5,235,0.21,928.25,226.93,Card
ORD06973,2023-03-20,3,March,12,DMart-Thane-2,Thane,Personal Care,Coffee,1,189,0.1,170.1,24.57,Wallet
ORD06974,2023-03-12,3,March,10,DMart-Nagpur-1,Nagpur,Household,Wheat,3,245,0.01,727.65,193.1,Cash
ORD06975,2023-12-17,12,December,50,DMart-Nashik-2,Nashik,Household,Milk,4,180,0.16,604.8,100.35,Card
ORD06976,2023-05-30,5,May,22,DMart-Nashik-1,Nashik,Personal Care,Sugar,5,166,0.07,771.9,108.91,Cash
ORD06977,2023-02-14,2,February,7,DMart-Mumbai-1,Mumbai,Personal Care,Chips,5,407,0.1,1831.5,297.5,UPI
ORD06978,2023-07-18,7,July,29,DMart-Thane-2,Thane,Groceries,Milk,1,285,0.12,250.8,61.02,Cash
ORD06979,2023-05-06,5,May,18,DMart-Mumbai-2,Mumbai,Dairy,Juice,2,106,0.21,167.48,29.12,Card
ORD06980,2023-03-29,3,March,13,DMart-Nagpur-1,Nagpur,Household,Milk,1,357,0.13,310.59,81.94,Cash
ORD06981,2023-04-13,4,April,15,DMart-Nagpur-2,Nagpur,Personal Care,Wheat,2,396,0.25,594.0,133.07,Cash
ORD06982,2023-11-28,11,November,48,DMart-Nashik-3,Nashik,Household,Toothpaste,3,168,0.3,352.8,54.4,UPI
ORD06983,2023-01-16,1,January,3,DMart-Thane-2,Thane,Personal Care,Rice,3,350,0.25,787.5,131.82,Wallet
ORD06984,2023-09-08,9,September,36,DMart-Nashik-2,Nashik,Beverages,Coffee,3,82,0.28,177.12,32.59,Card
ORD06985,2023-02-21,2,February,8,DMart-Mumbai-3,Mumbai,Dairy,Detergent,4,69,0.07,256.68,35.97,Card
ORD06986,2023-04-24,4,April,17,DMart-Pune-3,Pune,Personal Care,Soap,1,120,0.1,108.0,20.67,Wallet
ORD06987,2023-12-19,12,December,51,DMart-Mumbai-3,Mumbai,Personal Care,Detergent,1,226,0.14,194.36,58.29,Card
ORD06988,2023-01-12,1,January,2,DMart-Thane-1,Thane,Personal Care,Tea,4,238,0.01,942.48,270.74,Card
ORD06989,2023-01-10,1,January,2,DMart-Mumbai-1,Mumbai,Beverages,Detergent,2,384,0.13,668.16,77.76,Wallet
ORD06990,2023-09-20,9,September,38,DMart-Pune-2,Pune,Beverages,Juice,2,197,0.04,378.24,66.99,Wallet
ORD06991,2023-05-19,5,May,20,DMart-Thane-2,Thane,Beverages,Oil,2,52,0.21,82.16,12.69,Card
ORD06992,2023-04-11,4,April,15,DMart-Thane-1,Thane,Household,Juice,5,165,0.27,602.25,85.56,Wallet
ORD06993,2023-01-26,1,January,4,DMart-Mumbai-3,Mumbai,Groceries,Rice,1,471,0.17,390.93,90.7,Cash
ORD06994,2023-09-20,9,September,38,DMart-Mumbai-2,Mumbai,Groceries,Coffee,2,218,0.16,366.24,101.62,UPI
ORD06995,2023-12-30,12,December,52,DMart-Thane-1,Thane,Personal Care,Milk,5,61,0.03,295.85,59.52,UPI
ORD06996,2023-10-14,10,October,41,DMart-Mumbai-2,Mumbai,Household,Oil,4,293,0.28,843.84,186.31,Wallet
ORD06997,2023-06-20,6,June,25,DMart-Thane-3,Thane,Groceries,Rice,5,454,0.3,1589.0,182.42,Card
ORD06998,2023-08-22,8,August,34,DMart-Nagpur-1,Nagpur,Groceries,Juice,5,72,0.01,356.4,104.44,Wallet
ORD06999,2023-12-17,12,December,50,DMart-Nashik-1,Nashik,Dairy,Chips,4,84,0.04,322.56,52.01,Cash
ORD07000,2023-06-20,6,June,25,DMart-Nashik-3,Nashik,Household,Milk,2,334,0.05,634.6,128.24,Wallet
ORD07001,2023-08-12,8,August,32,DMart-Mumbai-2,Mumbai,Groceries,Chips,4,269,0.06,1011.44,116.86,Wallet
ORD07002,2023-05-29,5,May,22,DMart-Nashik-1,Nashik,Groceries,Soap,3,142,0.04,408.96,99.23,Wallet
ORD07003,2023-12-13,12,December,50,DMart-Nagpur-2,Nagpur,Dairy,Juice,3,421,0.1,1136.7,253.9,Wallet
ORD07004,2023-12-04,12,December,49,DMart-Nagpur-1,Nagpur,Groceries,Biscuits,5,67,0.28,241.2,30.27,Wallet
ORD07005,2023-11-17,11,November,46,DMart-Mumbai-3,Mumbai,Groceries,Chips,2,216,0.19,349.92,42.67,Wallet
ORD07006,2023-02-18,2,February,7,DMart-Mumbai-2,Mumbai,Beverages,Chips,2,293,0.13,509.82,68.54,UPI
ORD07007,2023-05-28,5,May,21,DMart-Pune-2,Pune,Dairy,Oil,3,421,0.0,1263.0,173.75,Wallet
ORD07008,2023-01-07,1,January,1,DMart-Nagpur-3,Nagpur,Beverages,Coffee,4,323,0.27,943.16,214.04,Wallet
ORD07009,2023-06-16,6,June,24,DMart-Pune-2,Pune,Beverages,Tea,3,350,0.13,913.5,219.21,Card
ORD07010,2023-10-03,10,October,40,DMart-Nagpur-3,Nagpur,Groceries,Milk,4,283,0.06,1064.08,237.25,UPI
ORD07011,2023-02-24,2,February,8,DMart-Nagpur-2,Nagpur,Beverages,Milk,3,483,0.16,1217.16,253.97,Wallet
ORD07012,2023-05-24,5,May,21,DMart-Mumbai-2,Mumbai,Beverages,Wheat,2,49,0.24,74.48,8.42,UPI
ORD07013,2023-06-08,6,June,23,DMart-Pune-3,Pune,Beverages,Water,5,47,0.22,183.3,42.63,Wallet
ORD07014,2023-11-14,11,November,46,DMart-Nagpur-2,Nagpur,Dairy,Juice,4,299,0.25,897.0,137.51,Wallet
ORD07015,2023-02-10,2,February,6,DMart-Thane-2,Thane,Beverages,Soap,2,64,0.1,115.2,28.67,UPI
ORD07016,2023-05-15,5,May,20,DMart-Nashik-3,Nashik,Groceries,Sugar,3,237,0.24,540.36,103.61,UPI
ORD07017,2023-11-09,11,November,45,DMart-Mumbai-3,Mumbai,Personal Care,Tea,4,449,0.11,1598.44,294.69,Cash
ORD07018,2023-08-04,8,August,31,DMart-Pune-1,Pune,Groceries,Coffee,2,463,0.28,666.72,147.6,Wallet
ORD07019,2023-08-14,8,August,33,DMart-Nashik-2,Nashik,Personal Care,Coffee,3,151,0.27,330.69,39.35,Card
ORD07020,2023-04-14,4,April,15,DMart-Thane-3,Thane,Groceries,Coffee,1,403,0.16,338.52,46.45,Cash
ORD07021,2023-01-07,1,January,1,DMart-Thane-3,Thane,Beverages,Eggs,5,38,0.23,146.3,21.81,UPI
ORD07022,2023-09-02,9,September,35,DMart-Mumbai-1,Mumbai,Personal Care,Oil,2,121,0.26,179.08,52.28,UPI
ORD07023,2023-02-10,2,February,6,DMart-Thane-3,Thane,Personal Care,Rice,4,223,0.09,811.72,227.47,Card
ORD07024,2023-02-19,2,February,7,DMart-Thane-3,Thane,Beverages,Detergent,5,263,0.25,986.25,198.87,Wallet
ORD07025,2023-09-27,9,September,39,DMart-Thane-3,Thane,Household,Tissue,3,175,0.27,383.25,76.69,Wallet
ORD07026,2023-11-14,11,November,46,DMart-Pune-2,Pune,Personal Care,Biscuits,5,378,0.15,1606.5,188.06,Cash
ORD07027,2023-08-23,8,August,34,DMart-Thane-1,Thane,Personal Care,Toothpaste,5,54,0.01,267.3,76.5,UPI
ORD07028,2023-04-26,4,April,17,DMart-Nashik-2,Nashik,Groceries,Biscuits,5,30,0.27,109.5,25.17,UPI
ORD07029,2023-03-10,3,March,10,DMart-Nagpur-3,Nagpur,Household,Coffee,4,223,0.16,749.28,203.3,Card
ORD07030,2023-03-16,3,March,11,DMart-Nashik-1,Nashik,Groceries,Rice,2,137,0.3,191.8,33.96,Card
ORD07031,2023-01-31,1,January,5,DMart-Mumbai-2,Mumbai,Groceries,Soap,3,469,0.29,998.97,127.83,Cash
ORD07032,2023-05-20,5,May,20,DMart-Mumbai-2,Mumbai,Groceries,Bread,4,395,0.13,1374.6,240.26,UPI
ORD07033,2023-04-21,4,April,16,DMart-Nagpur-2,Nagpur,Dairy,Chips,5,449,0.09,2042.95,449.53,Wallet
ORD07034,2023-01-28,1,January,4,DMart-Nashik-1,Nashik,Household,Soap,1,233,0.0,233.0,48.46,UPI
ORD07035,2023-10-30,10,October,44,DMart-Nagpur-1,Nagpur,Groceries,Coffee,3,174,0.06,490.68,100.25,Wallet
ORD07036,2023-07-23,7,July,29,DMart-Nagpur-1,Nagpur,Dairy,Sugar,5,375,0.14,1612.5,293.85,UPI
ORD07037,2023-02-28,2,February,9,DMart-Pune-2,Pune,Beverages,Eggs,3,173,0.12,456.72,114.24,UPI
ORD07038,2023-03-03,3,March,9,DMart-Nashik-3,Nashik,Dairy,Biscuits,5,498,0.2,1992.0,275.36,Card
ORD07039,2023-10-13,10,October,41,DMart-Nashik-3,Nashik,Dairy,Biscuits,1,496,0.05,471.2,129.12,Cash
ORD07040,2023-01-17,1,January,3,DMart-Nashik-1,Nashik,Beverages,Detergent,1,315,0.09,286.65,31.4,Cash
ORD07041,2023-03-31,3,March,13,DMart-Thane-3,Thane,Groceries,Shampoo,4,366,0.01,1449.36,207.24,Card
ORD07042,2023-04-04,4,April,14,DMart-Pune-2,Pune,Personal Care,Soap,2,390,0.06,733.2,84.7,UPI
ORD07043,2023-06-09,6,June,23,DMart-Thane-1,Thane,Beverages,Sugar,4,472,0.03,1831.36,476.84,Wallet
ORD07044,2023-07-21,7,July,29,DMart-Thane-1,Thane,Groceries,Bread,4,408,0.25,1224.0,338.4,Card
ORD07045,2023-03-14,3,March,11,DMart-Nashik-3,Nashik,Groceries,Bread,1,37,0.15,31.45,4.0,Card
ORD07046,2023-10-05,10,October,40,DMart-Nagpur-2,Nagpur,Groceries,Milk,3,382,0.28,825.12,96.85,Card
ORD07047,2023-01-11,1,January,2,DMart-Pune-2,Pune,Household,Coffee,2,235,0.02,460.6,66.78,Cash
ORD07048,2023-12-06,12,December,49,DMart-Thane-3,Thane,Household,Shampoo,1,219,0.19,177.39,49.68,Card
ORD07049,2023-02-17,2,February,7,DMart-Nagpur-2,Nagpur,Personal Care,Water,4,107,0.02,419.44,65.13,Cash
ORD07050,2023-08-06,8,August,31,DMart-Mumbai-3,Mumbai,Household,Chips,4,481,0.24,1462.24,294.62,UPI
ORD07051,2023-08-15,8,August,33,DMart-Nashik-3,Nashik,Beverages,Detergent,4,376,0.14,1293.44,154.32,Wallet
ORD07052,2023-03-04,3,March,9,DMart-Nashik-2,Nashik,Groceries,Bread,5,314,0.18,1287.4,377.83,Cash
ORD07053,2023-09-10,9,September,36,DMart-Mumbai-3,Mumbai,Personal Care,Water,4,20,0.2,64.0,6.54,UPI
ORD07054,2023-11-28,11,November,48,DMart-Pune-2,Pune,Household,Tea,4,461,0.24,1401.44,185.22,Card
ORD07055,2023-06-22,6,June,25,DMart-Thane-3,Thane,Personal Care,Bread,3,278,0.3,583.8,81.26,Cash
ORD07056,2023-04-23,4,April,16,DMart-Pune-2,Pune,Personal Care,Tissue,1,276,0.13,240.12,71.44,Wallet
ORD07057,2023-06-24,6,June,25,DMart-Thane-3,Thane,Household,Toothpaste,5,64,0.13,278.4,58.06,Card
ORD07058,2023-11-04,11,November,44,DMart-Thane-3,Thane,Personal Care,Detergent,3,376,0.19,913.68,221.17,UPI
ORD07059,2023-01-04,1,January,1,DMart-Nashik-3,Nashik,Household,Eggs,2,92,0.12,161.92,34.1,Wallet
ORD07060,2023-09-14,9,September,37,DMart-Thane-3,Thane,Groceries,Coffee,2,351,0.15,596.7,103.47,Wallet
ORD07061,2023-09-30,9,September,39,DMart-Nagpur-1,Nagpur,Beverages,Biscuits,4,187,0.22,583.44,139.28,Card
ORD07062,2023-04-20,4,April,16,DMart-Pune-2,Pune,Household,Rice,3,93,0.23,214.83,62.44,UPI
ORD07063,2023-01-10,1,January,2,DMart-Nagpur-2,Nagpur,Groceries,Detergent,2,133,0.04,255.36,34.39,Card
ORD07064,2023-01-10,1,January,2,DMart-Nashik-1,Nashik,Groceries,Shampoo,2,90,0.13,156.6,27.98,UPI
ORD07065,2023-12-21,12,December,51,DMart-Pune-3,Pune,Groceries,Biscuits,3,312,0.26,692.64,194.77,Wallet
ORD07066,2023-04-29,4,April,17,DMart-Nagpur-1,Nagpur,Beverages,Oil,5,414,0.04,1987.2,460.83,Wallet
ORD07067,2023-04-01,4,April,13,DMart-Nagpur-3,Nagpur,Beverages,Milk,4,271,0.13,943.08,94.77,UPI
ORD07068,2023-12-15,12,December,50,DMart-Pune-2,Pune,Groceries,Detergent,1,266,0.01,263.34,28.91,Card
ORD07069,2023-09-27,9,September,39,DMart-Thane-1,Thane,Personal Care,Detergent,1,159,0.2,127.2,24.42,UPI
ORD07070,2023-11-03,11,November,44,DMart-Nashik-1,Nashik,Household,Water,5,264,0.07,1227.6,284.32,UPI
ORD07071,2023-11-10,11,November,45,DMart-Nagpur-2,Nagpur,Dairy,Eggs,2,278,0.23,428.12,59.59,Wallet
ORD07072,2023-10-11,10,October,41,DMart-Nagpur-3,Nagpur,Dairy,Detergent,4,302,0.16,1014.72,219.35,UPI
ORD07073,2023-06-26,6,June,26,DMart-Nagpur-1,Nagpur,Groceries,Detergent,2,249,0.17,413.34,113.3,Cash
ORD07074,2023-07-13,7,July,28,DMart-Nagpur-2,Nagpur,Dairy,Biscuits,2,400,0.07,744.0,123.89,UPI
ORD07075,2023-09-03,9,September,35,DMart-Thane-1,Thane,Personal Care,Tissue,3,139,0.04,400.32,49.16,Cash
ORD07076,2023-07-12,7,July,28,DMart-Pune-1,Pune,Beverages,Detergent,5,492,0.12,2164.8,229.68,UPI
ORD07077,2023-05-29,5,May,22,DMart-Nagpur-3,Nagpur,Household,Bread,5,485,0.23,1867.25,317.76,Wallet
ORD07078,2023-08-26,8,August,34,DMart-Nashik-3,Nashik,Dairy,Milk,4,229,0.05,870.2,180.06,Cash
ORD07079,2023-08-19,8,August,33,DMart-Nashik-2,Nashik,Personal Care,Water,4,253,0.25,759.0,193.36,Wallet
ORD07080,2023-08-15,8,August,33,DMart-Thane-1,Thane,Household,Soap,1,266,0.17,220.78,66.05,Cash
ORD07081,2023-07-03,7,July,27,DMart-Thane-1,Thane,Beverages,Tea,4,484,0.16,1626.24,471.49,UPI
ORD07082,2023-04-22,4,April,16,DMart-Nagpur-1,Nagpur,Beverages,Wheat,4,130,0.08,478.4,51.94,UPI
ORD07083,2023-05-12,5,May,19,DMart-Mumbai-3,Mumbai,Personal Care,Milk,1,80,0.22,62.4,9.18,Card
ORD07084,2023-10-12,10,October,41,DMart-Nagpur-3,Nagpur,Personal Care,Coffee,4,116,0.11,412.96,50.27,Card
ORD07085,2023-11-07,11,November,45,DMart-Pune-1,Pune,Household,Oil,4,294,0.24,893.76,159.71,UPI
ORD07086,2023-10-25,10,October,43,DMart-Nagpur-2,Nagpur,Groceries,Toothpaste,2,224,0.3,313.6,54.21,UPI
ORD07087,2023-05-16,5,May,20,DMart-Nagpur-2,Nagpur,Personal Care,Tea,2,454,0.19,735.48,154.56,UPI
ORD07088,2023-07-23,7,July,29,DMart-Nashik-3,Nashik,Beverages,Detergent,1,37,0.14,31.82,4.07,Card
ORD07089,2023-04-27,4,April,17,DMart-Nashik-1,Nashik,Beverages,Detergent,1,288,0.0,288.0,62.15,Wallet
ORD07090,2023-08-11,8,August,32,DMart-Pune-3,Pune,Beverages,Bread,3,350,0.22,819.0,84.59,Cash
ORD07091,2023-05-17,5,May,20,DMart-Thane-3,Thane,Beverages,Rice,4,277,0.23,853.16,123.45,Wallet
ORD07092,2023-07-11,7,July,28,DMart-Pune-1,Pune,Dairy,Shampoo,3,448,0.3,940.8,243.64,Wallet
ORD07093,2023-05-31,5,May,22,DMart-Nashik-3,Nashik,Groceries,Water,1,386,0.15,328.1,65.59,Wallet
ORD07094,2023-08-22,8,August,34,DMart-Nashik-2,Nashik,Dairy,Milk,2,102,0.22,159.12,29.57,Wallet
ORD07095,2023-12-12,12,December,50,DMart-Mumbai-1,Mumbai,Beverages,Sugar,2,498,0.07,926.28,268.58,UPI
ORD07096,2023-09-12,9,September,37,DMart-Nashik-2,Nashik,Dairy,Rice,3,255,0.23,589.05,65.96,Wallet
ORD07097,2023-08-03,8,August,31,DMart-Thane-3,Thane,Personal Care,Coffee,5,375,0.07,1743.75,473.04,Cash
ORD07098,2023-06-13,6,June,24,DMart-Thane-2,Thane,Beverages,Oil,2,203,0.27,296.38,62.48,Cash
ORD07099,2023-03-01,3,March,9,DMart-Nashik-3,Nashik,Household,Juice,1,476,0.04,456.96,115.31,Cash
ORD07100,2023-09-12,9,September,37,DMart-Nashik-1,Nashik,Groceries,Chips,1,47,0.12,41.36,9.2,Cash
ORD07101,2023-06-28,6,June,26,DMart-Nashik-2,Nashik,Household,Biscuits,3,472,0.29,1005.36,214.82,UPI
ORD07102,2023-03-15,3,March,11,DMart-Mumbai-3,Mumbai,Beverages,Shampoo,3,183,0.3,384.3,71.95,UPI
ORD07103,2023-04-03,4,April,14,DMart-Nashik-1,Nashik,Groceries,Milk,5,175,0.19,708.75,114.7,Cash
ORD07104,2023-04-08,4,April,14,DMart-Pune-1,Pune,Groceries,Biscuits,4,485,0.12,1707.2,363.3,UPI
ORD07105,2023-01-27,1,January,4,DMart-Thane-1,Thane,Household,Soap,3,60,0.13,156.6,33.94,Cash
ORD07106,2023-09-04,9,September,36,DMart-Mumbai-2,Mumbai,Beverages,Rice,4,397,0.19,1286.28,223.64,Cash
ORD07107,2023-08-09,8,August,32,DMart-Nashik-1,Nashik,Personal Care,Eggs,1,482,0.2,385.6,99.12,UPI
ORD07108,2023-09-23,9,September,38,DMart-Nagpur-2,Nagpur,Beverages,Coffee,5,41,0.2,164.0,20.11,UPI
ORD07109,2023-01-13,1,January,2,DMart-Mumbai-3,Mumbai,Household,Water,5,426,0.07,1980.9,528.04,Cash
ORD07110,2023-05-22,5,May,21,DMart-Nagpur-3,Nagpur,Dairy,Chips,4,299,0.28,861.12,258.19,Wallet
ORD07111,2023-03-11,3,March,10,DMart-Mumbai-3,Mumbai,Household,Detergent,2,500,0.0,1000.0,256.16,Card
ORD07112,2023-01-29,1,January,4,DMart-Nagpur-1,Nagpur,Dairy,Biscuits,5,58,0.11,258.1,28.25,Cash
ORD07113,2023-10-14,10,October,41,DMart-Mumbai-1,Mumbai,Groceries,Eggs,1,312,0.04,299.52,69.05,Card
ORD07114,2023-12-26,12,December,52,DMart-Pune-2,Pune,Beverages,Tissue,5,401,0.18,1644.1,302.86,Cash
ORD07115,2023-10-08,10,October,40,DMart-Nashik-2,Nashik,Beverages,Shampoo,5,27,0.27,98.55,14.62,Wallet
ORD07116,2023-06-30,6,June,26,DMart-Nagpur-2,Nagpur,Personal Care,Toothpaste,5,55,0.24,209.0,28.71,Cash
ORD07117,2023-12-18,12,December,51,DMart-Mumbai-1,Mumbai,Beverages,Biscuits,4,281,0.09,1022.84,210.6,Card
ORD07118,2023-07-24,7,July,30,DMart-Thane-3,Thane,Dairy,Water,1,135,0.27,98.55,25.34,Cash
ORD07119,2023-07-10,7,July,28,DMart-Nashik-2,Nashik,Groceries,Water,3,319,0.08,880.44,198.3,Cash
ORD07120,2023-07-04,7,July,27,DMart-Nagpur-1,Nagpur,Groceries,Rice,2,90,0.29,127.8,21.33,Wallet
ORD07121,2023-11-18,11,November,46,DMart-Pune-3,Pune,Personal Care,Biscuits,1,241,0.27,175.93,52.26,Cash
ORD07122,2023-06-28,6,June,26,DMart-Nagpur-2,Nagpur,Household,Rice,3,456,0.2,1094.4,191.0,Wallet
ORD07123,2023-06-18,6,June,24,DMart-Nagpur-2,Nagpur,Household,Coffee,5,476,0.06,2237.2,593.34,UPI
ORD07124,2023-10-26,10,October,43,DMart-Mumbai-3,Mumbai,Household,Oil,4,177,0.08,651.36,94.55,Cash
ORD07125,2023-12-27,12,December,52,DMart-Nashik-1,Nashik,Beverages,Eggs,2,465,0.02,911.4,217.63,Wallet
ORD07126,2023-01-10,1,January,2,DMart-Pune-2,Pune,Groceries,Oil,4,90,0.13,313.2,88.1,Wallet
ORD07127,2023-02-06,2,February,6,DMart-Mumbai-2,Mumbai,Dairy,Toothpaste,2,148,0.05,281.2,32.66,Cash
ORD07128,2023-03-08,3,March,10,DMart-Pune-1,Pune,Personal Care,Juice,2,410,0.07,762.6,150.23,Cash
ORD07129,2023-04-23,4,April,16,DMart-Pune-2,Pune,Groceries,Soap,5,333,0.07,1548.45,185.11,Card
ORD07130,2023-03-25,3,March,12,DMart-Pune-1,Pune,Personal Care,Soap,1,293,0.06,275.42,44.55,UPI
ORD07131,2023-04-03,4,April,14,DMart-Pune-3,Pune,Personal Care,Detergent,2,155,0.25,232.5,40.19,Wallet
ORD07132,2023-10-10,10,October,41,DMart-Pune-3,Pune,Personal Care,Water,5,409,0.01,2024.55,505.29,Cash
ORD07133,2023-01-17,1,January,3,DMart-Nashik-3,Nashik,Beverages,Wheat,5,484,0.18,1984.4,459.43,UPI
ORD07134,2023-10-06,10,October,40,DMart-Nashik-3,Nashik,Beverages,Oil,3,260,0.27,569.4,158.58,Cash
ORD07135,2023-06-10,6,June,23,DMart-Pune-3,Pune,Dairy,Shampoo,5,370,0.22,1443.0,359.69,Wallet
ORD07136,2023-10-04,10,October,40,DMart-Thane-1,Thane,Household,Oil,1,345,0.3,241.5,47.38,Card
ORD07137,2023-11-14,11,November,46,DMart-Mumbai-2,Mumbai,Beverages,Oil,5,470,0.16,1974.0,541.4,Card
ORD07138,2023-12-09,12,December,49,DMart-Thane-1,Thane,Beverages,Oil,4,158,0.13,549.84,65.17,Card
ORD07139,2023-05-10,5,May,19,DMart-Nagpur-1,Nagpur,Personal Care,Oil,1,67,0.0,67.0,18.33,Card
ORD07140,2023-08-01,8,August,31,DMart-Pune-2,Pune,Personal Care,Milk,4,220,0.17,730.4,153.86,Card
ORD07141,2023-12-08,12,December,49,DMart-Nashik-1,Nashik,Dairy,Chips,4,417,0.07,1551.24,309.51,Wallet
ORD07142,2023-08-06,8,August,31,DMart-Thane-1,Thane,Beverages,Juice,5,329,0.28,1184.4,201.87,Cash
ORD07143,2023-03-28,3,March,13,DMart-Nagpur-3,Nagpur,Beverages,Soap,2,164,0.07,305.04,85.05,Cash
ORD07144,2023-08-08,8,August,32,DMart-Pune-2,Pune,Dairy,Bread,4,215,0.08,791.2,159.88,Cash
ORD07145,2023-09-27,9,September,39,DMart-Nagpur-3,Nagpur,Groceries,Water,4,179,0.28,515.52,68.07,UPI
ORD07146,2023-07-26,7,July,30,DMart-Pune-1,Pune,Beverages,Eggs,1,295,0.21,233.05,40.74,UPI
ORD07147,2023-02-14,2,February,7,DMart-Pune-1,Pune,Groceries,Biscuits,2,342,0.02,670.32,157.87,Card
ORD07148,2023-08-09,8,August,32,DMart-Pune-2,Pune,Groceries,Oil,1,247,0.05,234.65,46.23,Wallet
ORD07149,2023-04-07,4,April,14,DMart-Mumbai-3,Mumbai,Beverages,Toothpaste,5,253,0.25,948.75,131.2,UPI
ORD07150,2023-04-27,4,April,17,DMart-Nashik-2,Nashik,Personal Care,Oil,4,410,0.02,1607.2,356.85,Wallet
ORD07151,2023-10-13,10,October,41,DMart-Nagpur-3,Nagpur,Dairy,Bread,5,197,0.17,817.55,137.53,Card
ORD07152,2023-12-05,12,December,49,DMart-Nagpur-2,Nagpur,Groceries,Eggs,3,130,0.22,304.2,71.88,Card
ORD07153,2023-01-08,1,January,1,DMart-Nagpur-2,Nagpur,Personal Care,Detergent,4,177,0.08,651.36,68.73,UPI
ORD07154,2023-11-09,11,November,45,DMart-Pune-3,Pune,Dairy,Coffee,4,314,0.03,1218.32,303.57,Wallet
ORD07155,2023-06-24,6,June,25,DMart-Nagpur-1,Nagpur,Personal Care,Tea,5,321,0.25,1203.75,324.67,Cash
ORD07156,2023-09-17,9,September,37,DMart-Nagpur-3,Nagpur,Beverages,Soap,2,154,0.1,277.2,34.61,Cash
ORD07157,2023-11-02,11,November,44,DMart-Thane-2,Thane,Beverages,Chips,3,190,0.02,558.6,121.22,UPI
ORD07158,2023-05-29,5,May,22,DMart-Pune-1,Pune,Beverages,Oil,2,492,0.16,826.56,241.06,Card
ORD07159,2023-10-08,10,October,40,DMart-Thane-2,Thane,Groceries,Shampoo,4,54,0.27,157.68,40.15,Wallet
ORD07160,2023-01-25,1,January,4,DMart-Pune-1,Pune,Beverages,Water,1,330,0.09,300.3,48.4,UPI
ORD07161,2023-09-10,9,September,36,DMart-Thane-1,Thane,Dairy,Biscuits,1,30,0.26,22.2,3.82,Cash
ORD07162,2023-05-22,5,May,21,DMart-Nagpur-2,Nagpur,Groceries,Juice,3,214,0.02,629.16,107.05,UPI
ORD07163,2023-04-07,4,April,14,DMart-Thane-1,Thane,Personal Care,Coffee,5,478,0.08,2198.8,223.05,Cash
ORD07164,2023-04-14,4,April,15,DMart-Thane-1,Thane,Groceries,Shampoo,4,342,0.16,1149.12,130.72,Cash
ORD07165,2023-09-07,9,September,36,DMart-Pune-2,Pune,Household,Oil,4,211,0.2,675.2,81.31,Card
ORD07166,2023-02-22,2,February,8,DMart-Thane-3,Thane,Household,Toothpaste,1,203,0.08,186.76,40.43,Card
ORD07167,2023-06-17,6,June,24,DMart-Nagpur-3,Nagpur,Dairy,Tissue,4,297,0.27,867.24,123.61,Cash
ORD07168,2023-08-28,8,August,35,DMart-Nashik-2,Nashik,Household,Bread,4,221,0.23,680.68,78.67,Cash
ORD07169,2023-10-01,10,October,39,DMart-Nagpur-1,Nagpur,Dairy,Shampoo,5,478,0.16,2007.6,556.07,Card
ORD07170,2023-09-29,9,September,39,DMart-Mumbai-1,Mumbai,Personal Care,Milk,2,385,0.06,723.8,166.78,Cash
ORD07171,2023-08-22,8,August,34,DMart-Mumbai-1,Mumbai,Beverages,Rice,4,390,0.08,1435.2,215.49,UPI
ORD07172,2023-01-12,1,January,2,DMart-Thane-3,Thane,Personal Care,Rice,1,363,0.08,333.96,57.28,Cash
ORD07173,2023-12-12,12,December,50,DMart-Mumbai-1,Mumbai,Household,Wheat,5,62,0.15,263.5,38.51,Cash
ORD07174,2023-04-01,4,April,13,DMart-Mumbai-3,Mumbai,Personal Care,Coffee,2,142,0.25,213.0,63.85,UPI
ORD07175,2023-04-16,4,April,15,DMart-Mumbai-1,Mumbai,Dairy,Coffee,4,446,0.19,1445.04,392.21,Card
ORD07176,2023-04-17,4,April,16,DMart-Pune-2,Pune,Personal Care,Milk,1,475,0.1,427.5,92.78,Wallet
ORD07177,2023-04-30,4,April,17,DMart-Nashik-2,Nashik,Dairy,Biscuits,2,187,0.05,355.3,65.26,Card
ORD07178,2023-05-14,5,May,19,DMart-Thane-1,Thane,Groceries,Eggs,3,426,0.27,932.94,132.33,Wallet
ORD07179,2023-04-08,4,April,14,DMart-Nashik-1,Nashik,Beverages,Toothpaste,2,69,0.21,109.02,25.26,Wallet
ORD07180,2023-06-01,6,June,22,DMart-Mumbai-1,Mumbai,Personal Care,Milk,4,50,0.26,148.0,16.63,Wallet
ORD07181,2023-03-22,3,March,12,DMart-Pune-2,Pune,Beverages,Tea,1,471,0.22,367.38,59.83,UPI
ORD07182,2023-02-28,2,February,9,DMart-Mumbai-2,Mumbai,Beverages,Water,1,66,0.19,53.46,11.92,UPI
ORD07183,2023-08-11,8,August,32,DMart-Mumbai-3,Mumbai,Personal Care,Biscuits,1,178,0.2,142.4,42.09,Card
ORD07184,2023-05-28,5,May,21,DMart-Nashik-1,Nashik,Personal Care,Bread,1,40,0.13,34.8,4.37,UPI
ORD07185,2023-03-27,3,March,13,DMart-Thane-1,Thane,Household,Eggs,2,152,0.11,270.56,73.1,UPI
ORD07186,2023-10-03,10,October,40,DMart-Thane-1,Thane,Household,Chips,3,173,0.28,373.68,104.98,UPI
ORD07187,2023-03-21,3,March,12,DMart-Pune-3,Pune,Groceries,Chips,4,348,0.08,1280.64,350.18,UPI
ORD07188,2023-11-02,11,November,44,DMart-Pune-3,Pune,Household,Shampoo,4,247,0.11,879.32,157.95,Cash
ORD07189,2023-03-25,3,March,12,DMart-Nagpur-1,Nagpur,Household,Detergent,5,364,0.21,1437.8,239.57,UPI
ORD07190,2023-10-02,10,October,40,DMart-Nagpur-2,Nagpur,Personal Care,Eggs,4,271,0.13,943.08,159.77,Cash
ORD07191,2023-04-18,4,April,16,DMart-Pune-1,Pune,Groceries,Sugar,2,60,0.04,115.2,25.98,UPI
ORD07192,2023-11-26,11,November,47,DMart-Nashik-1,Nashik,Personal Care,Detergent,2,202,0.2,323.2,82.55,Card
ORD07193,2023-04-02,4,April,13,DMart-Pune-3,Pune,Beverages,Sugar,5,167,0.06,784.9,207.92,Card
ORD07194,2023-12-13,12,December,50,DMart-Thane-2,Thane,Personal Care,Chips,5,167,0.16,701.4,143.98,UPI
ORD07195,2023-11-13,11,November,46,DMart-Mumbai-3,Mumbai,Household,Juice,5,122,0.22,475.8,59.68,Card
ORD07196,2023-05-27,5,May,21,DMart-Pune-1,Pune,Groceries,Eggs,2,339,0.3,474.6,79.88,Card
ORD07197,2023-03-30,3,March,13,DMart-Pune-2,Pune,Beverages,Sugar,4,52,0.06,195.52,46.15,Wallet
ORD07198,2023-08-04,8,August,31,DMart-Thane-3,Thane,Personal Care,Rice,5,292,0.2,1168.0,248.8,UPI
ORD07199,2023-05-11,5,May,19,DMart-Nashik-3,Nashik,Groceries,Coffee,4,203,0.24,617.12,101.32,Cash
ORD07200,2023-01-09,1,January,2,DMart-Nashik-2,Nashik,Groceries,Tissue,1,360,0.01,356.4,92.72,Cash
ORD07201,2023-03-25,3,March,12,DMart-Pune-3,Pune,Groceries,Bread,2,386,0.06,725.68,157.06,Cash
ORD07202,2023-04-02,4,April,13,DMart-Mumbai-3,Mumbai,Personal Care,Oil,5,325,0.07,1511.25,192.35,Card
ORD07203,2023-05-13,5,May,19,DMart-Thane-2,Thane,Beverages,Oil,2,84,0.13,146.16,38.55,UPI
ORD07204,2023-07-31,7,July,31,DMart-Nagpur-2,Nagpur,Groceries,Milk,3,171,0.1,461.7,64.91,Cash
ORD07205,2023-06-22,6,June,25,DMart-Nagpur-2,Nagpur,Beverages,Wheat,1,184,0.26,136.16,30.44,Wallet
ORD07206,2023-09-10,9,September,36,DMart-Mumbai-2,Mumbai,Household,Tissue,1,434,0.24,329.84,87.71,Cash
ORD07207,2023-11-24,11,November,47,DMart-Pune-2,Pune,Household,Biscuits,2,71,0.05,134.9,24.89,UPI
ORD07208,2023-04-11,4,April,15,DMart-Nagpur-1,Nagpur,Personal Care,Bread,3,117,0.11,312.39,80.79,Cash
ORD07209,2023-04-17,4,April,16,DMart-Mumbai-1,Mumbai,Personal Care,Eggs,5,441,0.22,1719.9,236.75,Card
ORD07210,2023-08-16,8,August,33,DMart-Nagpur-3,Nagpur,Household,Sugar,2,252,0.05,478.8,67.06,Cash
ORD07211,2023-07-01,7,July,26,DMart-Nagpur-3,Nagpur,Beverages,Toothpaste,2,193,0.14,331.96,97.4,Wallet
ORD07212,2023-08-12,8,August,32,DMart-Nagpur-1,Nagpur,Personal Care,Bread,2,23,0.28,33.12,4.74,Card
ORD07213,2023-01-12,1,January,2,DMart-Nagpur-1,Nagpur,Groceries,Soap,5,338,0.24,1284.4,286.66,Cash
ORD07214,2023-11-04,11,November,44,DMart-Thane-1,Thane,Groceries,Biscuits,5,266,0.13,1157.1,230.37,Wallet
ORD07215,2023-10-19,10,October,42,DMart-Nashik-3,Nashik,Household,Eggs,5,75,0.2,300.0,37.4,Card
ORD07216,2023-10-15,10,October,41,DMart-Thane-2,Thane,Beverages,Tea,1,219,0.05,208.05,30.56,Cash
ORD07217,2023-11-03,11,November,44,DMart-Mumbai-2,Mumbai,Groceries,Rice,3,92,0.02,270.48,46.65,Wallet
ORD07218,2023-06-17,6,June,24,DMart-Nagpur-2,Nagpur,Personal Care,Detergent,2,483,0.28,695.52,197.81,UPI
ORD07219,2023-06-20,6,June,25,DMart-Nashik-1,Nashik,Dairy,Eggs,4,104,0.01,411.84,51.94,Wallet
ORD07220,2023-07-29,7,July,30,DMart-Nashik-2,Nashik,Household,Juice,5,241,0.11,1072.45,281.72,Card
ORD07221,2023-04-19,4,April,16,DMart-Thane-3,Thane,Groceries,Sugar,2,217,0.29,308.14,34.94,Wallet
ORD07222,2023-07-01,7,July,26,DMart-Pune-1,Pune,Beverages,Sugar,5,378,0.08,1738.8,466.82,Wallet
ORD07223,2023-07-06,7,July,27,DMart-Nagpur-2,Nagpur,Dairy,Toothpaste,1,60,0.1,54.0,9.22,Cash
ORD07224,2023-12-06,12,December,49,DMart-Nagpur-2,Nagpur,Dairy,Wheat,1,368,0.21,290.72,73.99,Card
ORD07225,2023-10-21,10,October,42,DMart-Nagpur-3,Nagpur,Groceries,Juice,5,305,0.18,1250.5,315.96,Wallet
ORD07226,2023-11-09,11,November,45,DMart-Pune-1,Pune,Household,Tea,3,116,0.27,254.04,51.9,Card
ORD07227,2023-03-24,3,March,12,DMart-Mumbai-3,Mumbai,Groceries,Eggs,5,154,0.08,708.4,179.81,Cash
ORD07228,2023-03-28,3,March,13,DMart-Nashik-1,Nashik,Household,Biscuits,1,241,0.13,209.67,26.79,Cash
ORD07229,2023-11-16,11,November,46,DMart-Thane-2,Thane,Groceries,Detergent,1,302,0.21,238.58,36.86,Cash
ORD07230,2023-06-12,6,June,24,DMart-Nashik-1,Nashik,Beverages,Oil,1,401,0.09,364.91,36.65,Cash
ORD07231,2023-10-13,10,October,41,DMart-Pune-2,Pune,Groceries,Biscuits,1,360,0.22,280.8,41.68,Wallet
ORD07232,2023-11-19,11,November,46,DMart-Nagpur-1,Nagpur,Dairy,Shampoo,4,327,0.29,928.68,133.58,Card
ORD07233,2023-02-06,2,February,6,DMart-Pune-3,Pune,Dairy,Bread,4,431,0.09,1568.84,298.78,Card
ORD07234,2023-12-19,12,December,51,DMart-Thane-1,Thane,Household,Soap,2,398,0.09,724.36,121.78,Wallet
ORD07235,2023-01-07,1,January,1,DMart-Nagpur-2,Nagpur,Dairy,Toothpaste,1,149,0.17,123.67,35.97,Card
ORD07236,2023-12-29,12,December,52,DMart-Thane-3,Thane,Dairy,Shampoo,2,208,0.29,295.36,63.28,Wallet
ORD07237,2023-09-28,9,September,39,DMart-Mumbai-1,Mumbai,Dairy,Chips,4,251,0.16,843.36,228.74,Cash
ORD07238,2023-10-08,10,October,40,DMart-Nashik-1,Nashik,Groceries,Tissue,2,104,0.09,189.28,48.58,Wallet
ORD07239,2023-07-19,7,July,29,DMart-Mumbai-1,Mumbai,Beverages,Oil,2,472,0.24,717.44,181.8,Wallet
ORD07240,2023-01-01,1,January,52,DMart-Thane-1,Thane,Groceries,Bread,4,331,0.18,1085.68,261.85,Wallet
ORD07241,2023-12-12,12,December,50,DMart-Pune-3,Pune,Beverages,Soap,1,463,0.26,342.62,91.18,Cash
ORD07242,2023-02-08,2,February,6,DMart-Mumbai-1,Mumbai,Beverages,Coffee,2,352,0.07,654.72,80.83,UPI
ORD07243,2023-12-10,12,December,49,DMart-Nagpur-3,Nagpur,Dairy,Biscuits,4,142,0.19,460.08,89.62,Wallet
ORD07244,2023-01-27,1,January,4,DMart-Nagpur-2,Nagpur,Dairy,Toothpaste,4,259,0.29,735.56,124.4,UPI
ORD07245,2023-07-08,7,July,27,DMart-Mumbai-2,Mumbai,Personal Care,Eggs,4,64,0.04,245.76,26.32,Card
ORD07246,2023-04-28,4,April,17,DMart-Mumbai-3,Mumbai,Dairy,Soap,1,32,0.06,30.08,8.57,Card
ORD07247,2023-07-15,7,July,28,DMart-Pune-1,Pune,Beverages,Juice,3,247,0.29,526.11,147.43,UPI
ORD07248,2023-02-05,2,February,5,DMart-Thane-1,Thane,Beverages,Oil,5,66,0.13,287.1,57.6,Card
ORD07249,2023-10-04,10,October,40,DMart-Mumbai-2,Mumbai,Dairy,Toothpaste,4,92,0.2,294.4,54.9,Card
ORD07250,2023-06-04,6,June,22,DMart-Thane-2,Thane,Groceries,Eggs,5,323,0.0,1615.0,483.47,Card
ORD07251,2023-12-21,12,December,51,DMart-Pune-3,Pune,Dairy,Oil,3,58,0.26,128.76,22.69,UPI
ORD07252,2023-12-30,12,December,52,DMart-Nagpur-1,Nagpur,Personal Care,Water,1,274,0.06,257.56,46.41,UPI
ORD07253,2023-06-18,6,June,24,DMart-Thane-2,Thane,Beverages,Sugar,2,186,0.05,353.4,71.74,UPI
ORD07254,2023-04-19,4,April,16,DMart-Thane-2,Thane,Beverages,Milk,2,371,0.26,549.08,88.82,Card
ORD07255,2023-04-06,4,April,14,DMart-Nashik-2,Nashik,Household,Tea,2,310,0.22,483.6,73.09,Wallet
ORD07256,2023-07-01,7,July,26,DMart-Pune-1,Pune,Personal Care,Tea,5,181,0.07,841.65,252.25,Card
ORD07257,2023-04-01,4,April,13,DMart-Mumbai-1,Mumbai,Household,Oil,1,274,0.21,216.46,38.42,Wallet
ORD07258,2023-05-28,5,May,21,DMart-Mumbai-3,Mumbai,Dairy,Sugar,1,120,0.1,108.0,16.87,Card
ORD07259,2023-05-14,5,May,19,DMart-Nashik-3,Nashik,Household,Tea,1,124,0.28,89.28,25.83,Card
ORD07260,2023-01-08,1,January,1,DMart-Pune-1,Pune,Personal Care,Oil,2,120,0.15,204.0,46.28,Card
ORD07261,2023-10-20,10,October,42,DMart-Nagpur-1,Nagpur,Beverages,Oil,1,72,0.21,56.88,9.63,Wallet
ORD07262,2023-04-13,4,April,15,DMart-Mumbai-2,Mumbai,Beverages,Juice,4,105,0.29,298.2,38.93,UPI
ORD07263,2023-07-27,7,July,30,DMart-Nagpur-3,Nagpur,Beverages,Shampoo,2,165,0.12,290.4,57.29,Wallet
ORD07264,2023-11-09,11,November,45,DMart-Nashik-2,Nashik,Personal Care,Juice,3,357,0.12,942.48,184.6,UPI
ORD07265,2023-07-17,7,July,29,DMart-Mumbai-2,Mumbai,Personal Care,Detergent,2,383,0.0,766.0,213.3,UPI
ORD07266,2023-04-16,4,April,15,DMart-Nashik-1,Nashik,Dairy,Soap,5,269,0.24,1022.2,216.9,UPI
ORD07267,2023-02-18,2,February,7,DMart-Mumbai-2,Mumbai,Groceries,Tea,4,107,0.21,338.12,92.03,Wallet
ORD07268,2023-02-06,2,February,6,DMart-Pune-3,Pune,Household,Toothpaste,5,164,0.03,795.4,215.89,Cash
ORD07269,2023-06-07,6,June,23,DMart-Nashik-1,Nashik,Beverages,Tea,1,236,0.13,205.32,50.88,UPI
ORD07270,2023-10-06,10,October,40,DMart-Nagpur-1,Nagpur,Household,Toothpaste,2,187,0.12,329.12,34.84,UPI
ORD07271,2023-03-22,3,March,12,DMart-Pune-2,Pune,Personal Care,Detergent,3,309,0.22,723.06,130.73,Cash
ORD07272,2023-01-06,1,January,1,DMart-Nashik-3,Nashik,Personal Care,Water,3,55,0.19,133.65,17.9,UPI
ORD07273,2023-03-22,3,March,12,DMart-Nagpur-3,Nagpur,Personal Care,Chips,5,290,0.01,1435.5,405.13,Card
ORD07274,2023-01-23,1,January,4,DMart-Nashik-3,Nashik,Household,Juice,2,27,0.01,53.46,14.05,UPI
ORD07275,2023-05-27,5,May,21,DMart-Pune-1,Pune,Groceries,Coffee,2,60,0.01,118.8,15.14,Cash
ORD07276,2023-11-29,11,November,48,DMart-Pune-3,Pune,Dairy,Milk,5,467,0.2,1868.0,491.35,Card
ORD07277,2023-12-26,12,December,52,DMart-Mumbai-3,Mumbai,Dairy,Oil,2,323,0.3,452.2,48.4,UPI
ORD07278,2023-04-11,4,April,15,DMart-Pune-1,Pune,Dairy,Wheat,3,144,0.23,332.64,70.08,UPI
ORD07279,2023-10-23,10,October,43,DMart-Mumbai-2,Mumbai,Household,Tissue,3,365,0.02,1073.1,129.97,UPI
ORD07280,2023-11-17,11,November,46,DMart-Nagpur-2,Nagpur,Personal Care,Coffee,2,490,0.17,813.4,215.34,UPI
ORD07281,2023-08-13,8,August,32,DMart-Mumbai-3,Mumbai,Personal Care,Tissue,4,219,0.3,613.2,126.74,UPI
ORD07282,2023-07-20,7,July,29,DMart-Nashik-1,Nashik,Household,Rice,3,385,0.05,1097.25,138.31,Wallet
ORD07283,2023-07-28,7,July,30,DMart-Nagpur-3,Nagpur,Groceries,Chips,3,175,0.21,414.75,63.06,Wallet
ORD07284,2023-06-23,6,June,25,DMart-Nashik-2,Nashik,Beverages,Tea,1,121,0.28,87.12,15.73,Cash
ORD07285,2023-07-15,7,July,28,DMart-Thane-1,Thane,Groceries,Detergent,5,178,0.2,712.0,113.74,Cash
ORD07286,2023-10-28,10,October,43,DMart-Nagpur-3,Nagpur,Personal Care,Detergent,1,92,0.05,87.4,23.48,Cash
ORD07287,2023-02-02,2,February,5,DMart-Nashik-3,Nashik,Groceries,Eggs,1,408,0.16,342.72,52.89,UPI
ORD07288,2023-10-27,10,October,43,DMart-Mumbai-2,Mumbai,Beverages,Oil,1,479,0.18,392.78,94.7,Cash
ORD07289,2023-12-25,12,December,52,DMart-Thane-2,Thane,Household,Tea,2,230,0.28,331.2,46.04,Card
ORD07290,2023-01-01,1,January,52,DMart-Pune-2,Pune,Beverages,Tea,3,312,0.01,926.64,253.53,UPI
ORD07291,2023-03-29,3,March,13,DMart-Nashik-3,Nashik,Groceries,Tea,5,442,0.05,2099.5,449.45,Cash
ORD07292,2023-03-14,3,March,11,DMart-Nashik-1,Nashik,Beverages,Detergent,3,352,0.24,802.56,228.89,Wallet
ORD07293,2023-02-14,2,February,7,DMart-Nashik-2,Nashik,Household,Water,4,129,0.25,387.0,52.54,Cash
ORD07294,2023-09-24,9,September,38,DMart-Thane-2,Thane,Beverages,Detergent,1,462,0.3,323.4,89.98,Wallet
ORD07295,2023-04-30,4,April,17,DMart-Nashik-3,Nashik,Dairy,Milk,1,279,0.06,262.26,51.93,Card
ORD07296,2023-09-05,9,September,36,DMart-Mumbai-3,Mumbai,Groceries,Toothpaste,2,39,0.15,66.3,12.08,UPI
ORD07297,2023-08-01,8,August,31,DMart-Pune-3,Pune,Household,Chips,1,157,0.22,122.46,20.24,UPI
ORD07298,2023-09-27,9,September,39,DMart-Nagpur-3,Nagpur,Groceries,Biscuits,4,430,0.07,1599.6,260.68,Cash
ORD07299,2023-03-02,3,March,9,DMart-Nashik-2,Nashik,Beverages,Juice,3,423,0.22,989.82,184.84,Card
ORD07300,2023-09-03,9,September,35,DMart-Mumbai-2,Mumbai,Dairy,Oil,5,107,0.01,529.65,136.89,Cash
ORD07301,2023-04-02,4,April,13,DMart-Mumbai-2,Mumbai,Beverages,Oil,3,286,0.21,677.82,84.15,Card
ORD07302,2023-09-27,9,September,39,DMart-Mumbai-1,Mumbai,Groceries,Sugar,1,443,0.03,429.71,67.48,UPI
ORD07303,2023-04-08,4,April,14,DMart-Nagpur-1,Nagpur,Dairy,Biscuits,3,475,0.2,1140.0,293.08,UPI
ORD07304,2023-09-19,9,September,38,DMart-Mumbai-2,Mumbai,Groceries,Rice,3,421,0.3,884.1,96.91,UPI
ORD07305,2023-12-21,12,December,51,DMart-Nagpur-2,Nagpur,Beverages,Soap,2,239,0.25,358.5,41.7,Wallet
ORD07306,2023-07-22,7,July,29,DMart-Mumbai-3,Mumbai,Dairy,Wheat,1,251,0.12,220.88,46.87,Wallet
ORD07307,2023-09-28,9,September,39,DMart-Nashik-1,Nashik,Household,Tissue,4,160,0.16,537.6,136.71,Wallet
ORD07308,2023-02-15,2,February,7,DMart-Nagpur-3,Nagpur,Groceries,Tissue,5,457,0.06,2147.9,577.25,UPI
ORD07309,2023-06-07,6,June,23,DMart-Mumbai-1,Mumbai,Personal Care,Coffee,1,402,0.11,357.78,105.53,Card
ORD07310,2023-08-31,8,August,35,DMart-Nagpur-3,Nagpur,Groceries,Soap,5,341,0.0,1705.0,233.5,UPI
ORD07311,2023-02-18,2,February,7,DMart-Nagpur-3,Nagpur,Groceries,Eggs,1,380,0.22,296.4,47.31,UPI
ORD07312,2023-06-09,6,June,23,DMart-Pune-2,Pune,Beverages,Sugar,2,397,0.0,794.0,122.92,Card
ORD07313,2023-07-15,7,July,28,DMart-Pune-3,Pune,Household,Tea,5,340,0.09,1547.0,200.08,Wallet
ORD07314,2023-04-24,4,April,17,DMart-Mumbai-2,Mumbai,Household,Toothpaste,1,497,0.24,377.72,39.38,Wallet
ORD07315,2023-08-03,8,August,31,DMart-Mumbai-1,Mumbai,Household,Detergent,2,135,0.08,248.4,42.71,Card
ORD07316,2023-02-23,2,February,8,DMart-Pune-1,Pune,Groceries,Biscuits,1,361,0.06,339.34,76.67,Cash
ORD07317,2023-08-15,8,August,33,DMart-Nashik-3,Nashik,Personal Care,Water,4,56,0.0,224.0,39.74,Cash
ORD07318,2023-07-18,7,July,29,DMart-Nashik-1,Nashik,Household,Water,3,395,0.27,865.05,158.09,UPI
ORD07319,2023-11-25,11,November,47,DMart-Nashik-1,Nashik,Household,Rice,4,287,0.04,1102.08,227.23,Cash
ORD07320,2023-09-20,9,September,38,DMart-Pune-1,Pune,Household,Oil,5,219,0.12,963.6,212.83,Card
ORD07321,2023-05-11,5,May,19,DMart-Nashik-3,Nashik,Groceries,Shampoo,3,187,0.14,482.46,61.97,Card
ORD07322,2023-09-13,9,September,37,DMart-Nashik-2,Nashik,Dairy,Tea,2,62,0.24,94.24,20.18,UPI
ORD07323,2023-11-29,11,November,48,DMart-Thane-2,Thane,Dairy,Water,5,33,0.02,161.7,29.37,Card
ORD07324,2023-10-27,10,October,43,DMart-Nashik-3,Nashik,Groceries,Toothpaste,2,264,0.27,385.44,53.48,Cash
ORD07325,2023-02-02,2,February,5,DMart-Nagpur-3,Nagpur,Groceries,Tea,4,377,0.13,1311.96,390.61,Wallet
ORD07326,2023-05-05,5,May,18,DMart-Nagpur-3,Nagpur,Dairy,Tea,5,71,0.25,266.25,45.96,UPI
ORD07327,2023-06-27,6,June,26,DMart-Nagpur-2,Nagpur,Beverages,Detergent,1,392,0.25,294.0,76.69,Cash
ORD07328,2023-07-07,7,July,27,DMart-Nagpur-1,Nagpur,Groceries,Tea,2,443,0.26,655.64,120.18,Card
ORD07329,2023-07-16,7,July,28,DMart-Nagpur-1,Nagpur,Groceries,Shampoo,4,368,0.1,1324.8,237.15,Wallet
ORD07330,2023-02-18,2,February,7,DMart-Mumbai-3,Mumbai,Personal Care,Chips,1,415,0.02,406.7,107.55,Cash
ORD07331,2023-09-11,9,September,37,DMart-Nagpur-3,Nagpur,Groceries,Rice,1,287,0.22,223.86,37.5,UPI
ORD07332,2023-07-08,7,July,27,DMart-Nashik-3,Nashik,Personal Care,Juice,5,343,0.25,1286.25,176.41,Wallet
ORD07333,2023-04-04,4,April,14,DMart-Pune-3,Pune,Beverages,Biscuits,3,90,0.14,232.2,42.77,Cash
ORD07334,2023-12-31,12,December,52,DMart-Thane-2,Thane,Dairy,Soap,5,197,0.25,738.75,166.67,Card
ORD07335,2023-10-02,10,October,40,DMart-Nashik-1,Nashik,Household,Wheat,1,233,0.16,195.72,36.45,UPI
ORD07336,2023-01-06,1,January,1,DMart-Nashik-2,Nashik,Dairy,Shampoo,2,163,0.05,309.7,67.68,Wallet
ORD07337,2023-10-04,10,October,40,DMart-Mumbai-2,Mumbai,Dairy,Biscuits,1,86,0.22,67.08,15.96,UPI
ORD07338,2023-04-23,4,April,16,DMart-Pune-2,Pune,Household,Tissue,2,443,0.0,886.0,188.74,Cash
ORD07339,2023-01-25,1,January,4,DMart-Nashik-2,Nashik,Personal Care,Soap,4,497,0.11,1769.32,373.02,Cash
ORD07340,2023-02-24,2,February,8,DMart-Mumbai-1,Mumbai,Groceries,Toothpaste,3,468,0.13,1221.48,203.46,UPI
ORD07341,2023-06-30,6,June,26,DMart-Nashik-1,Nashik,Household,Tea,1,270,0.21,213.3,52.87,Cash
ORD07342,2023-11-09,11,November,45,DMart-Thane-3,Thane,Household,Chips,2,48,0.21,75.84,21.49,Cash
ORD07343,2023-05-19,5,May,20,DMart-Thane-1,Thane,Dairy,Water,5,222,0.27,810.3,92.05,Cash
ORD07344,2023-09-22,9,September,38,DMart-Pune-1,Pune,Household,Eggs,3,235,0.16,592.2,148.54,Wallet
ORD07345,2023-03-10,3,March,10,DMart-Pune-1,Pune,Household,Juice,4,485,0.02,1901.2,347.16,Wallet
ORD07346,2023-08-16,8,August,33,DMart-Nagpur-1,Nagpur,Groceries,Coffee,4,253,0.1,910.8,124.82,Card
ORD07347,2023-12-11,12,December,50,DMart-Thane-3,Thane,Personal Care,Bread,1,338,0.11,300.82,81.5,Wallet
ORD07348,2023-10-04,10,October,40,DMart-Pune-2,Pune,Groceries,Tissue,3,363,0.03,1056.33,251.44,Card
ORD07349,2023-03-25,3,March,12,DMart-Nashik-1,Nashik,Personal Care,Tea,3,38,0.01,112.86,29.18,Wallet
ORD07350,2023-06-22,6,June,25,DMart-Nashik-2,Nashik,Groceries,Chips,4,184,0.05,699.2,107.05,Cash
ORD07351,2023-10-06,10,October,40,DMart-Thane-1,Thane,Household,Tissue,4,357,0.14,1228.08,249.69,Card
ORD07352,2023-01-13,1,January,2,DMart-Pune-1,Pune,Dairy,Oil,5,474,0.03,2298.9,652.95,Wallet
ORD07353,2023-02-01,2,February,5,DMart-Mumbai-1,Mumbai,Beverages,Tea,1,449,0.09,408.59,112.42,Cash
ORD07354,2023-05-04,5,May,18,DMart-Nagpur-3,Nagpur,Household,Shampoo,5,437,0.27,1595.05,258.29,UPI
ORD07355,2023-10-07,10,October,40,DMart-Nagpur-2,Nagpur,Beverages,Sugar,3,28,0.12,73.92,10.01,Wallet
ORD07356,2023-12-18,12,December,51,DMart-Pune-1,Pune,Beverages,Eggs,4,450,0.29,1278.0,320.16,Wallet
ORD07357,2023-12-06,12,December,49,DMart-Thane-2,Thane,Personal Care,Bread,2,488,0.07,907.68,99.38,Cash
ORD07358,2023-05-04,5,May,18,DMart-Nagpur-3,Nagpur,Beverages,Toothpaste,3,417,0.09,1138.41,204.18,Card
ORD07359,2023-05-08,5,May,19,DMart-Pune-3,Pune,Groceries,Bread,1,402,0.27,293.46,83.07,Card
ORD07360,2023-11-04,11,November,44,DMart-Thane-3,Thane,Household,Water,1,234,0.15,198.9,38.21,UPI
ORD07361,2023-01-30,1,January,5,DMart-Thane-3,Thane,Household,Coffee,1,497,0.18,407.54,91.32,Card
ORD07362,2023-07-23,7,July,29,DMart-Pune-3,Pune,Personal Care,Tea,4,54,0.0,216.0,47.38,Cash
ORD07363,2023-02-17,2,February,7,DMart-Mumbai-3,Mumbai,Dairy,Wheat,3,385,0.12,1016.4,249.85,Card
ORD07364,2023-09-05,9,September,36,DMart-Mumbai-1,Mumbai,Dairy,Water,1,55,0.23,42.35,9.54,UPI
ORD07365,2023-09-27,9,September,39,DMart-Mumbai-1,Mumbai,Beverages,Rice,5,252,0.22,982.8,165.78,Cash
ORD07366,2023-01-29,1,January,4,DMart-Nashik-2,Nashik,Beverages,Shampoo,1,160,0.11,142.4,26.38,Wallet
ORD07367,2023-12-15,12,December,50,DMart-Mumbai-3,Mumbai,Groceries,Soap,3,484,0.23,1118.04,212.16,Wallet
ORD07368,2023-07-10,7,July,28,DMart-Nagpur-2,Nagpur,Dairy,Juice,2,430,0.0,860.0,114.17,Card
ORD07369,2023-10-04,10,October,40,DMart-Pune-1,Pune,Household,Bread,5,128,0.22,499.2,52.11,Wallet
ORD07370,2023-01-15,1,January,2,DMart-Thane-3,Thane,Dairy,Oil,4,348,0.22,1085.76,193.79,Cash
ORD07371,2023-12-07,12,December,49,DMart-Pune-2,Pune,Dairy,Tea,2,22,0.04,42.24,11.75,UPI
ORD07372,2023-03-14,3,March,11,DMart-Nagpur-2,Nagpur,Personal Care,Soap,4,476,0.29,1351.84,234.05,Wallet
ORD07373,2023-11-10,11,November,45,DMart-Mumbai-3,Mumbai,Personal Care,Shampoo,5,218,0.1,981.0,138.22,Card
ORD07374,2023-03-01,3,March,9,DMart-Nagpur-3,Nagpur,Household,Toothpaste,2,164,0.13,285.36,65.61,Cash
ORD07375,2023-09-07,9,September,36,DMart-Nagpur-3,Nagpur,Beverages,Tea,3,263,0.13,686.43,177.53,Card
ORD07376,2023-12-13,12,December,50,DMart-Mumbai-2,Mumbai,Household,Tea,4,210,0.26,621.6,99.37,UPI
ORD07377,2023-05-22,5,May,21,DMart-Thane-2,Thane,Personal Care,Milk,2,310,0.08,570.4,101.07,UPI
ORD07378,2023-12-01,12,December,48,DMart-Thane-2,Thane,Beverages,Tissue,4,66,0.11,234.96,30.28,Wallet
ORD07379,2023-04-17,4,April,16,DMart-Nagpur-1,Nagpur,Groceries,Chips,5,64,0.14,275.2,53.97,UPI
ORD07380,2023-05-13,5,May,19,DMart-Nagpur-2,Nagpur,Beverages,Sugar,5,165,0.28,594.0,116.24,Wallet
ORD07381,2023-06-03,6,June,22,DMart-Thane-3,Thane,Personal Care,Tea,2,418,0.18,685.52,129.67,Cash
ORD07382,2023-01-10,1,January,2,DMart-Nashik-2,Nashik,Groceries,Eggs,5,288,0.14,1238.4,335.0,UPI
ORD07383,2023-09-12,9,September,37,DMart-Nagpur-3,Nagpur,Household,Coffee,1,234,0.27,170.82,31.08,Wallet
ORD07384,2023-08-13,8,August,32,DMart-Thane-2,Thane,Dairy,Toothpaste,3,24,0.21,56.88,13.68,Card
ORD07385,2023-08-29,8,August,35,DMart-Nagpur-1,Nagpur,Beverages,Tissue,2,226,0.04,433.92,114.81,UPI
ORD07386,2023-05-15,5,May,20,DMart-Pune-3,Pune,Beverages,Juice,5,67,0.23,257.95,46.67,Cash
ORD07387,2023-06-27,6,June,26,DMart-Thane-2,Thane,Groceries,Soap,1,87,0.09,79.17,22.04,UPI
ORD07388,2023-12-31,12,December,52,DMart-Nagpur-2,Nagpur,Dairy,Detergent,5,341,0.16,1432.2,327.01,Cash
ORD07389,2023-09-30,9,September,39,DMart-Thane-2,Thane,Household,Juice,3,238,0.25,535.5,65.12,Card
ORD07390,2023-08-12,8,August,32,DMart-Nashik-1,Nashik,Groceries,Juice,1,421,0.15,357.85,36.79,Card
ORD07391,2023-10-18,10,October,42,DMart-Nashik-3,Nashik,Household,Soap,4,232,0.01,918.72,111.54,Card
ORD07392,2023-07-09,7,July,27,DMart-Pune-2,Pune,Dairy,Bread,3,218,0.02,640.92,158.69,Wallet
ORD07393,2023-07-11,7,July,28,DMart-Nagpur-3,Nagpur,Dairy,Chips,5,372,0.11,1655.4,403.34,Wallet
ORD07394,2023-04-11,4,April,15,DMart-Nashik-2,Nashik,Groceries,Chips,5,214,0.07,995.1,127.29,UPI
ORD07395,2023-03-23,3,March,12,DMart-Mumbai-1,Mumbai,Groceries,Tea,2,62,0.2,99.2,11.52,Cash
ORD07396,2023-03-15,3,March,11,DMart-Nashik-1,Nashik,Beverages,Sugar,5,327,0.01,1618.65,172.18,Card
ORD07397,2023-08-15,8,August,33,DMart-Pune-2,Pune,Beverages,Chips,4,204,0.21,644.64,127.11,UPI
ORD07398,2023-03-18,3,March,11,DMart-Thane-2,Thane,Dairy,Tissue,5,137,0.02,671.3,92.4,Cash
ORD07399,2023-10-09,10,October,41,DMart-Pune-2,Pune,Personal Care,Soap,5,219,0.25,821.25,201.44,UPI
ORD07400,2023-07-03,7,July,27,DMart-Nashik-2,Nashik,Groceries,Detergent,3,288,0.12,760.32,167.33,Wallet
ORD07401,2023-04-16,4,April,15,DMart-Pune-2,Pune,Household,Milk,4,420,0.28,1209.6,197.32,Card
ORD07402,2023-08-07,8,August,32,DMart-Mumbai-3,Mumbai,Personal Care,Milk,2,74,0.14,127.28,14.09,Card
ORD07403,2023-06-03,6,June,22,DMart-Thane-1,Thane,Household,Water,3,288,0.11,768.96,163.63,Cash
ORD07404,2023-11-05,11,November,44,DMart-Nagpur-3,Nagpur,Personal Care,Wheat,1,224,0.18,183.68,29.28,UPI
ORD07405,2023-01-28,1,January,4,DMart-Pune-3,Pune,Dairy,Juice,4,492,0.09,1790.88,324.32,Wallet
ORD07406,2023-04-01,4,April,13,DMart-Pune-1,Pune,Beverages,Shampoo,3,408,0.12,1077.12,303.3,Cash
ORD07407,2023-03-14,3,March,11,DMart-Thane-1,Thane,Beverages,Detergent,2,427,0.21,674.66,192.8,UPI
ORD07408,2023-08-23,8,August,34,DMart-Nagpur-3,Nagpur,Household,Toothpaste,5,145,0.26,536.5,58.4,Cash
ORD07409,2023-12-17,12,December,50,DMart-Mumbai-2,Mumbai,Dairy,Sugar,1,90,0.05,85.5,24.92,Card
ORD07410,2023-12-02,12,December,48,DMart-Nagpur-1,Nagpur,Dairy,Oil,5,350,0.11,1557.5,180.13,Card
ORD07411,2023-01-17,1,January,3,DMart-Pune-3,Pune,Beverages,Chips,1,450,0.22,351.0,62.32,UPI
ORD07412,2023-04-28,4,April,17,DMart-Nagpur-2,Nagpur,Groceries,Coffee,5,20,0.27,73.0,20.53,Wallet
ORD07413,2023-07-10,7,July,28,DMart-Thane-3,Thane,Household,Sugar,1,47,0.06,44.18,5.97,Wallet
ORD07414,2023-01-14,1,January,2,DMart-Pune-1,Pune,Dairy,Coffee,4,166,0.16,557.76,139.1,UPI
ORD07415,2023-08-07,8,August,32,DMart-Thane-2,Thane,Beverages,Tea,5,470,0.09,2138.5,394.43,UPI
ORD07416,2023-02-09,2,February,6,DMart-Thane-2,Thane,Dairy,Wheat,2,91,0.07,169.26,35.37,Card
ORD07417,2023-05-12,5,May,19,DMart-Pune-1,Pune,Personal Care,Soap,4,386,0.3,1080.8,300.33,Cash
ORD07418,2023-07-02,7,July,26,DMart-Nashik-3,Nashik,Beverages,Tissue,2,295,0.02,578.2,129.63,Card
ORD07419,2023-06-24,6,June,25,DMart-Nashik-3,Nashik,Household,Juice,2,96,0.08,176.64,24.94,UPI
ORD07420,2023-12-15,12,December,50,DMart-Thane-1,Thane,Dairy,Sugar,3,202,0.3,424.2,84.96,UPI
ORD07421,2023-11-12,11,November,45,DMart-Mumbai-2,Mumbai,Dairy,Bread,4,30,0.17,99.6,12.34,UPI
ORD07422,2023-06-18,6,June,24,DMart-Nagpur-2,Nagpur,Groceries,Tea,4,359,0.14,1234.96,346.53,Wallet
ORD07423,2023-11-14,11,November,46,DMart-Nagpur-2,Nagpur,Beverages,Bread,3,149,0.09,406.77,100.56,Card
ORD07424,2023-12-01,12,December,48,DMart-Nashik-1,Nashik,Groceries,Tea,2,72,0.26,106.56,13.0,Wallet
ORD07425,2023-09-27,9,September,39,DMart-Nagpur-1,Nagpur,Dairy,Coffee,1,79,0.04,75.84,12.11,Card
ORD07426,2023-06-12,6,June,24,DMart-Pune-2,Pune,Dairy,Juice,3,312,0.3,655.2,121.53,Card
ORD07427,2023-09-20,9,September,38,DMart-Pune-1,Pune,Groceries,Eggs,1,433,0.25,324.75,69.66,Card
ORD07428,2023-10-12,10,October,41,DMart-Thane-2,Thane,Household,Biscuits,4,384,0.04,1474.56,258.94,UPI
ORD07429,2023-12-22,12,December,51,DMart-Thane-1,Thane,Beverages,Coffee,2,37,0.15,62.9,14.26,UPI
ORD07430,2023-07-19,7,July,29,DMart-Nashik-1,Nashik,Dairy,Toothpaste,1,76,0.05,72.2,10.62,Wallet
ORD07431,2023-03-25,3,March,12,DMart-Nagpur-1,Nagpur,Household,Detergent,4,35,0.07,130.2,24.34,Card
ORD07432,2023-10-19,10,October,42,DMart-Thane-3,Thane,Groceries,Coffee,5,213,0.26,788.1,128.13,Cash
ORD07433,2023-12-16,12,December,50,DMart-Pune-2,Pune,Household,Oil,4,440,0.21,1390.4,314.39,UPI
ORD07434,2023-12-05,12,December,49,DMart-Nashik-1,Nashik,Beverages,Soap,2,231,0.06,434.28,93.9,Cash
ORD07435,2023-03-30,3,March,13,DMart-Nagpur-3,Nagpur,Groceries,Sugar,1,461,0.28,331.92,95.18,Wallet
ORD07436,2023-01-03,1,January,1,DMart-Mumbai-3,Mumbai,Groceries,Wheat,5,40,0.27,146.0,18.69,Cash
ORD07437,2023-07-03,7,July,27,DMart-Pune-1,Pune,Dairy,Soap,2,403,0.01,797.94,166.26,Card
ORD07438,2023-07-16,7,July,28,DMart-Nagpur-1,Nagpur,Household,Wheat,5,312,0.0,1560.0,246.94,Cash
ORD07439,2023-08-17,8,August,33,DMart-Nagpur-3,Nagpur,Groceries,Oil,1,462,0.09,420.42,81.58,UPI
ORD07440,2023-05-15,5,May,20,DMart-Nashik-1,Nashik,Beverages,Tea,5,479,0.19,1939.95,473.74,Cash
ORD07441,2023-09-07,9,September,36,DMart-Thane-3,Thane,Household,Eggs,4,42,0.13,146.16,24.09,Wallet
ORD07442,2023-09-21,9,September,38,DMart-Mumbai-1,Mumbai,Household,Detergent,4,206,0.22,642.72,119.5,UPI
ORD07443,2023-08-27,8,August,34,DMart-Pune-3,Pune,Groceries,Eggs,1,237,0.07,220.41,58.59,Cash
ORD07444,2023-03-20,3,March,12,DMart-Pune-1,Pune,Beverages,Toothpaste,4,27,0.26,79.92,23.45,UPI
ORD07445,2023-08-26,8,August,34,DMart-Nagpur-1,Nagpur,Beverages,Wheat,3,99,0.29,210.87,24.8,Card
ORD07446,2023-11-22,11,November,47,DMart-Nagpur-1,Nagpur,Personal Care,Chips,3,479,0.12,1264.56,262.23,Wallet
ORD07447,2023-07-23,7,July,29,DMart-Nagpur-3,Nagpur,Personal Care,Shampoo,1,334,0.08,307.28,40.92,Card
ORD07448,2023-01-05,1,January,1,DMart-Pune-1,Pune,Groceries,Rice,1,498,0.26,368.52,88.27,Wallet
ORD07449,2023-05-15,5,May,20,DMart-Mumbai-1,Mumbai,Personal Care,Eggs,3,281,0.15,716.55,176.51,Wallet
ORD07450,2023-05-04,5,May,18,DMart-Thane-3,Thane,Dairy,Detergent,2,117,0.04,224.64,37.07,UPI
ORD07451,2023-04-25,4,April,17,DMart-Nashik-2,Nashik,Personal Care,Coffee,2,419,0.2,670.4,164.96,UPI
ORD07452,2023-05-01,5,May,18,DMart-Nagpur-2,Nagpur,Beverages,Shampoo,1,42,0.1,37.8,5.87,Wallet
ORD07453,2023-07-27,7,July,30,DMart-Mumbai-1,Mumbai,Personal Care,Biscuits,4,295,0.26,873.2,163.65,Cash
ORD07454,2023-01-19,1,January,3,DMart-Nagpur-3,Nagpur,Beverages,Rice,1,326,0.27,237.98,70.78,Wallet
ORD07455,2023-03-25,3,March,12,DMart-Pune-1,Pune,Personal Care,Shampoo,2,331,0.19,536.22,76.71,Card
ORD07456,2023-09-18,9,September,38,DMart-Thane-2,Thane,Beverages,Sugar,2,48,0.12,84.48,24.85,Wallet
ORD07457,2023-04-26,4,April,17,DMart-Nagpur-3,Nagpur,Beverages,Sugar,3,378,0.2,907.2,154.4,Cash
ORD07458,2023-11-29,11,November,48,DMart-Nagpur-2,Nagpur,Household,Rice,3,266,0.15,678.3,172.6,Card
ORD07459,2023-02-20,2,February,8,DMart-Mumbai-3,Mumbai,Groceries,Eggs,2,280,0.23,431.2,105.61,UPI
ORD07460,2023-09-09,9,September,36,DMart-Nashik-3,Nashik,Household,Wheat,3,163,0.08,449.88,79.91,Card
ORD07461,2023-01-09,1,January,2,DMart-Pune-3,Pune,Dairy,Oil,5,343,0.02,1680.7,250.27,Card
ORD07462,2023-02-25,2,February,8,DMart-Nagpur-1,Nagpur,Beverages,Tissue,5,110,0.07,511.5,67.6,Card
ORD07463,2023-06-15,6,June,24,DMart-Nagpur-2,Nagpur,Groceries,Tea,4,53,0.27,154.76,40.54,UPI
ORD07464,2023-04-28,4,April,17,DMart-Nagpur-1,Nagpur,Groceries,Coffee,1,54,0.13,46.98,8.09,Cash
ORD07465,2023-06-27,6,June,26,DMart-Pune-1,Pune,Household,Toothpaste,1,269,0.05,255.55,49.73,Cash
ORD07466,2023-11-18,11,November,46,DMart-Nagpur-2,Nagpur,Household,Wheat,4,99,0.05,376.2,86.32,Wallet
ORD07467,2023-06-10,6,June,23,DMart-Thane-3,Thane,Household,Juice,5,330,0.23,1270.5,127.12,Cash
ORD07468,2023-06-03,6,June,22,DMart-Thane-1,Thane,Household,Oil,5,242,0.26,895.4,159.06,Card
ORD07469,2023-07-16,7,July,28,DMart-Mumbai-3,Mumbai,Groceries,Water,5,63,0.05,299.25,62.88,Cash
ORD07470,2023-12-28,12,December,52,DMart-Pune-3,Pune,Personal Care,Rice,5,180,0.13,783.0,125.94,UPI
ORD07471,2023-01-12,1,January,2,DMart-Mumbai-2,Mumbai,Beverages,Coffee,2,134,0.22,209.04,36.68,Card
ORD07472,2023-10-24,10,October,43,DMart-Mumbai-2,Mumbai,Household,Milk,5,342,0.13,1487.7,442.89,Wallet
ORD07473,2023-03-03,3,March,9,DMart-Pune-2,Pune,Beverages,Coffee,4,351,0.17,1165.32,217.21,Card
ORD07474,2023-12-04,12,December,49,DMart-Mumbai-3,Mumbai,Household,Shampoo,3,215,0.21,509.55,120.67,Cash
ORD07475,2023-08-02,8,August,31,DMart-Mumbai-1,Mumbai,Beverages,Milk,3,416,0.16,1048.32,267.07,Cash
ORD07476,2023-04-12,4,April,15,DMart-Nagpur-1,Nagpur,Household,Biscuits,5,50,0.24,190.0,36.48,UPI
ORD07477,2023-05-11,5,May,19,DMart-Nashik-2,Nashik,Household,Toothpaste,1,69,0.16,57.96,11.8,UPI
ORD07478,2023-05-29,5,May,22,DMart-Nashik-1,Nashik,Household,Tissue,1,142,0.28,102.24,22.66,UPI
ORD07479,2023-08-14,8,August,33,DMart-Pune-2,Pune,Personal Care,Bread,4,452,0.16,1518.72,389.82,Cash
ORD07480,2023-09-12,9,September,37,DMart-Nagpur-1,Nagpur,Dairy,Eggs,1,276,0.3,193.2,40.84,Wallet
ORD07481,2023-02-14,2,February,7,DMart-Pune-2,Pune,Personal Care,Coffee,1,360,0.03,349.2,35.39,Cash
ORD07482,2023-03-31,3,March,13,DMart-Pune-2,Pune,Personal Care,Wheat,2,466,0.13,810.84,91.8,Card
ORD07483,2023-08-21,8,August,34,DMart-Thane-2,Thane,Groceries,Shampoo,5,262,0.02,1283.8,257.27,Cash
ORD07484,2023-01-10,1,January,2,DMart-Pune-1,Pune,Groceries,Wheat,1,404,0.28,290.88,77.15,UPI
ORD07485,2023-01-31,1,January,5,DMart-Nashik-3,Nashik,Groceries,Bread,5,161,0.18,660.1,68.44,Cash
ORD07486,2023-02-10,2,February,6,DMart-Thane-2,Thane,Dairy,Sugar,5,447,0.05,2123.25,258.59,Cash
ORD07487,2023-10-25,10,October,43,DMart-Pune-2,Pune,Personal Care,Milk,4,413,0.3,1156.4,149.7,UPI
ORD07488,2023-11-27,11,November,48,DMart-Thane-3,Thane,Personal Care,Tea,3,167,0.12,440.88,50.75,Card
ORD07489,2023-08-07,8,August,32,DMart-Thane-2,Thane,Household,Tissue,1,475,0.11,422.75,118.69,UPI
ORD07490,2023-04-16,4,April,15,DMart-Mumbai-1,Mumbai,Beverages,Water,4,337,0.09,1226.68,242.24,Cash
ORD07491,2023-05-30,5,May,22,DMart-Thane-2,Thane,Personal Care,Detergent,1,399,0.19,323.19,44.28,Cash
ORD07492,2023-09-19,9,September,38,DMart-Pune-3,Pune,Dairy,Soap,2,287,0.26,424.76,105.84,Wallet
ORD07493,2023-03-04,3,March,9,DMart-Mumbai-2,Mumbai,Household,Coffee,5,345,0.12,1518.0,316.79,UPI
ORD07494,2023-07-13,7,July,28,DMart-Thane-3,Thane,Personal Care,Water,5,369,0.18,1512.9,187.05,UPI
ORD07495,2023-08-23,8,August,34,DMart-Thane-3,Thane,Groceries,Tea,5,365,0.25,1368.75,310.45,Wallet
ORD07496,2023-07-01,7,July,26,DMart-Nashik-2,Nashik,Beverages,Tea,5,494,0.23,1901.9,351.55,Wallet
ORD07497,2023-08-15,8,August,33,DMart-Pune-1,Pune,Household,Chips,4,485,0.15,1649.0,307.93,Cash
ORD07498,2023-01-21,1,January,3,DMart-Thane-2,Thane,Beverages,Tea,4,37,0.16,124.32,15.74,UPI
ORD07499,2023-09-01,9,September,35,DMart-Pune-2,Pune,Dairy,Soap,2,309,0.08,568.56,110.03,Cash
ORD07500,2023-12-07,12,December,49,DMart-Pune-3,Pune,Personal Care,Bread,5,275,0.16,1155.0,208.9,Wallet
ORD07501,2023-01-27,1,January,4,DMart-Pune-2,Pune,Dairy,Tea,5,350,0.28,1260.0,362.74,Wallet
ORD07502,2023-01-02,1,January,1,DMart-Mumbai-3,Mumbai,Dairy,Biscuits,4,61,0.28,175.68,50.56,Cash
ORD07503,2023-05-08,5,May,19,DMart-Thane-2,Thane,Groceries,Eggs,3,346,0.16,871.92,226.38,UPI
ORD07504,2023-11-18,11,November,46,DMart-Nashik-1,Nashik,Household,Detergent,1,474,0.05,450.3,133.58,UPI
ORD07505,2023-10-29,10,October,43,DMart-Pune-1,Pune,Beverages,Biscuits,4,417,0.12,1467.84,328.35,Cash
ORD07506,2023-09-20,9,September,38,DMart-Nagpur-2,Nagpur,Household,Detergent,4,130,0.26,384.8,91.1,Cash
ORD07507,2023-12-22,12,December,51,DMart-Mumbai-2,Mumbai,Personal Care,Rice,2,85,0.21,134.3,31.22,Card
ORD07508,2023-05-25,5,May,21,DMart-Nagpur-2,Nagpur,Beverages,Soap,5,170,0.02,833.0,177.09,Card
ORD07509,2023-08-21,8,August,34,DMart-Nagpur-2,Nagpur,Household,Rice,3,475,0.17,1182.75,293.93,Cash
ORD07510,2023-02-27,2,February,9,DMart-Nashik-2,Nashik,Dairy,Tea,5,170,0.16,714.0,161.54,Wallet
ORD07511,2023-05-03,5,May,18,DMart-Thane-3,Thane,Dairy,Shampoo,3,236,0.26,523.92,134.92,Cash
ORD07512,2023-11-12,11,November,45,DMart-Thane-3,Thane,Groceries,Shampoo,2,233,0.2,372.8,89.17,Wallet
ORD07513,2023-08-22,8,August,34,DMart-Nagpur-3,Nagpur,Beverages,Bread,5,25,0.19,101.25,17.81,Wallet
ORD07514,2023-01-30,1,January,5,DMart-Nagpur-1,Nagpur,Dairy,Sugar,1,93,0.11,82.77,22.75,Wallet
ORD07515,2023-08-18,8,August,33,DMart-Mumbai-2,Mumbai,Groceries,Wheat,5,366,0.02,1793.4,362.56,Wallet
ORD07516,2023-02-26,2,February,8,DMart-Nashik-1,Nashik,Beverages,Rice,3,422,0.22,987.48,219.24,UPI
ORD07517,2023-01-24,1,January,4,DMart-Nashik-3,Nashik,Groceries,Coffee,5,485,0.27,1770.25,392.37,Cash
ORD07518,2023-03-18,3,March,11,DMart-Nagpur-1,Nagpur,Groceries,Bread,1,144,0.17,119.52,25.88,Cash
ORD07519,2023-06-10,6,June,23,DMart-Nashik-3,Nashik,Dairy,Wheat,3,490,0.12,1293.6,157.56,Cash
ORD07520,2023-08-31,8,August,35,DMart-Nashik-3,Nashik,Beverages,Soap,4,66,0.28,190.08,45.88,Cash
ORD07521,2023-05-23,5,May,21,DMart-Mumbai-3,Mumbai,Beverages,Juice,3,206,0.1,556.2,65.17,UPI
ORD07522,2023-04-16,4,April,15,DMart-Nashik-1,Nashik,Beverages,Chips,1,320,0.13,278.4,72.04,Card
ORD07523,2023-11-14,11,November,46,DMart-Thane-3,Thane,Beverages,Sugar,4,355,0.12,1249.6,173.29,UPI
ORD07524,2023-07-15,7,July,28,DMart-Nagpur-1,Nagpur,Dairy,Eggs,4,282,0.22,879.84,142.13,Card
ORD07525,2023-01-10,1,January,2,DMart-Mumbai-3,Mumbai,Personal Care,Wheat,3,499,0.08,1377.24,195.24,Card
ORD07526,2023-11-30,11,November,48,DMart-Nagpur-1,Nagpur,Groceries,Rice,1,310,0.13,269.7,46.71,Card
ORD07527,2023-08-25,8,August,34,DMart-Nashik-1,Nashik,Personal Care,Rice,4,353,0.19,1143.72,212.05,Wallet
ORD07528,2023-09-06,9,September,36,DMart-Nashik-1,Nashik,Groceries,Detergent,2,440,0.08,809.6,91.4,Card
ORD07529,2023-03-18,3,March,11,DMart-Mumbai-2,Mumbai,Beverages,Shampoo,4,300,0.08,1104.0,280.61,Card
ORD07530,2023-04-21,4,April,16,DMart-Pune-3,Pune,Groceries,Biscuits,1,312,0.21,246.48,37.74,Cash
ORD07531,2023-09-24,9,September,38,DMart-Mumbai-3,Mumbai,Groceries,Shampoo,4,474,0.3,1327.2,188.11,Card
ORD07532,2023-11-23,11,November,47,DMart-Mumbai-2,Mumbai,Beverages,Water,2,70,0.04,134.4,38.1,Cash
ORD07533,2023-01-18,1,January,3,DMart-Nagpur-1,Nagpur,Household,Toothpaste,5,355,0.03,1721.75,470.25,Card
ORD07534,2023-05-01,5,May,18,DMart-Thane-1,Thane,Beverages,Detergent,4,407,0.22,1269.84,133.56,Cash
ORD07535,2023-10-22,10,October,42,DMart-Nagpur-1,Nagpur,Groceries,Bread,1,205,0.29,145.55,32.19,UPI
ORD07536,2023-05-03,5,May,18,DMart-Pune-1,Pune,Dairy,Milk,4,438,0.04,1681.92,275.11,UPI
ORD07537,2023-10-10,10,October,41,DMart-Nashik-2,Nashik,Beverages,Juice,1,270,0.03,261.9,77.65,UPI
ORD07538,2023-12-29,12,December,52,DMart-Thane-3,Thane,Household,Toothpaste,1,400,0.04,384.0,77.63,UPI
ORD07539,2023-01-02,1,January,1,DMart-Nagpur-3,Nagpur,Personal Care,Rice,2,108,0.24,164.16,33.88,UPI
ORD07540,2023-12-02,12,December,48,DMart-Mumbai-2,Mumbai,Beverages,Bread,1,206,0.13,179.22,35.62,Wallet
ORD07541,2023-08-19,8,August,33,DMart-Thane-1,Thane,Groceries,Water,5,369,0.13,1605.15,163.04,Cash
ORD07542,2023-02-18,2,February,7,DMart-Thane-3,Thane,Dairy,Coffee,2,333,0.07,619.38,90.23,Card
ORD07543,2023-10-17,10,October,42,DMart-Nashik-3,Nashik,Dairy,Oil,2,394,0.11,701.32,99.06,Card
ORD07544,2023-05-07,5,May,18,DMart-Mumbai-3,Mumbai,Personal Care,Biscuits,5,105,0.27,383.25,73.62,Card
ORD07545,2023-07-01,7,July,26,DMart-Pune-2,Pune,Beverages,Rice,1,387,0.18,317.34,47.83,Wallet
ORD07546,2023-12-07,12,December,49,DMart-Thane-2,Thane,Groceries,Coffee,4,407,0.17,1351.24,179.93,UPI
ORD07547,2023-02-09,2,February,6,DMart-Nashik-2,Nashik,Dairy,Tissue,3,168,0.12,443.52,92.91,Cash
ORD07548,2023-07-24,7,July,30,DMart-Nagpur-3,Nagpur,Personal Care,Eggs,5,86,0.15,365.5,36.84,Wallet
ORD07549,2023-11-25,11,November,47,DMart-Mumbai-3,Mumbai,Personal Care,Toothpaste,2,469,0.04,900.48,264.91,UPI
ORD07550,2023-03-13,3,March,11,DMart-Nashik-2,Nashik,Beverages,Milk,4,101,0.06,379.76,72.38,UPI
ORD07551,2023-07-21,7,July,29,DMart-Pune-3,Pune,Groceries,Detergent,3,101,0.08,278.76,33.68,UPI
ORD07552,2023-09-24,9,September,38,DMart-Pune-2,Pune,Household,Coffee,4,163,0.11,580.28,128.94,Card
ORD07553,2023-08-27,8,August,34,DMart-Pune-2,Pune,Groceries,Toothpaste,4,246,0.09,895.44,128.02,Cash
ORD07554,2023-01-02,1,January,1,DMart-Nagpur-1,Nagpur,Personal Care,Biscuits,3,320,0.21,758.4,186.89,Card
ORD07555,2023-04-04,4,April,14,DMart-Pune-2,Pune,Dairy,Biscuits,5,110,0.07,511.5,115.81,Card
ORD07556,2023-05-18,5,May,20,DMart-Thane-1,Thane,Dairy,Tissue,3,162,0.03,471.42,101.52,Card
ORD07557,2023-06-13,6,June,24,DMart-Nashik-3,Nashik,Household,Rice,5,353,0.14,1517.9,298.37,Card
ORD07558,2023-09-10,9,September,36,DMart-Nagpur-2,Nagpur,Household,Milk,1,421,0.23,324.17,53.31,Cash
ORD07559,2023-08-08,8,August,32,DMart-Mumbai-3,Mumbai,Dairy,Juice,1,197,0.03,191.09,46.09,UPI
ORD07560,2023-01-14,1,January,2,DMart-Pune-2,Pune,Dairy,Toothpaste,4,357,0.14,1228.08,365.69,Card
ORD07561,2023-10-08,10,October,40,DMart-Mumbai-3,Mumbai,Dairy,Coffee,5,164,0.08,754.4,163.62,Wallet
ORD07562,2023-03-01,3,March,9,DMart-Thane-2,Thane,Dairy,Biscuits,5,493,0.27,1799.45,452.17,UPI
ORD07563,2023-01-03,1,January,1,DMart-Nagpur-3,Nagpur,Personal Care,Chips,2,301,0.23,463.54,51.11,Cash
ORD07564,2023-09-18,9,September,38,DMart-Mumbai-1,Mumbai,Groceries,Bread,4,390,0.2,1248.0,250.16,UPI
ORD07565,2023-03-29,3,March,13,DMart-Mumbai-2,Mumbai,Household,Wheat,2,443,0.11,788.54,106.76,Cash
ORD07566,2023-11-28,11,November,48,DMart-Thane-1,Thane,Dairy,Shampoo,3,120,0.21,284.4,43.18,Cash
ORD07567,2023-04-19,4,April,16,DMart-Thane-1,Thane,Dairy,Wheat,5,270,0.04,1296.0,281.87,Cash
ORD07568,2023-03-27,3,March,13,DMart-Mumbai-3,Mumbai,Groceries,Chips,1,31,0.25,23.25,5.45,UPI
ORD07569,2023-09-03,9,September,35,DMart-Nashik-1,Nashik,Dairy,Tissue,3,452,0.26,1003.44,193.39,UPI
ORD07570,2023-06-20,6,June,25,DMart-Mumbai-3,Mumbai,Dairy,Shampoo,4,106,0.25,318.0,33.96,UPI
ORD07571,2023-06-03,6,June,22,DMart-Mumbai-1,Mumbai,Household,Wheat,4,22,0.15,74.8,17.08,UPI
ORD07572,2023-09-04,9,September,36,DMart-Nashik-3,Nashik,Groceries,Tissue,1,271,0.25,203.25,34.44,Wallet
ORD07573,2023-10-05,10,October,40,DMart-Nashik-3,Nashik,Dairy,Chips,4,170,0.0,680.0,136.85,Card
ORD07574,2023-10-22,10,October,42,DMart-Mumbai-2,Mumbai,Groceries,Bread,3,297,0.03,864.27,249.96,UPI
ORD07575,2023-03-13,3,March,11,DMart-Thane-1,Thane,Personal Care,Detergent,4,489,0.3,1369.2,149.36,Wallet
ORD07576,2023-12-20,12,December,51,DMart-Mumbai-2,Mumbai,Household,Toothpaste,1,163,0.03,158.11,40.45,Card
ORD07577,2023-10-26,10,October,43,DMart-Thane-3,Thane,Dairy,Wheat,3,227,0.26,503.94,143.23,Wallet
ORD07578,2023-05-08,5,May,19,DMart-Thane-2,Thane,Dairy,Coffee,3,376,0.19,913.68,214.38,Cash
ORD07579,2023-02-24,2,February,8,DMart-Nagpur-3,Nagpur,Beverages,Milk,5,328,0.13,1426.8,287.11,UPI
ORD07580,2023-05-18,5,May,20,DMart-Nagpur-1,Nagpur,Dairy,Soap,4,308,0.17,1022.56,290.63,Wallet
ORD07581,2023-02-08,2,February,6,DMart-Nashik-2,Nashik,Beverages,Chips,2,356,0.25,534.0,141.26,Card
ORD07582,2023-12-11,12,December,50,DMart-Nashik-2,Nashik,Personal Care,Chips,5,61,0.09,277.55,52.14,Wallet
ORD07583,2023-01-27,1,January,4,DMart-Thane-2,Thane,Personal Care,Wheat,5,65,0.25,243.75,28.44,Cash
ORD07584,2023-04-29,4,April,17,DMart-Pune-3,Pune,Dairy,Biscuits,4,132,0.26,390.72,56.48,UPI
ORD07585,2023-02-28,2,February,9,DMart-Nashik-1,Nashik,Dairy,Coffee,3,123,0.0,369.0,107.58,Cash
ORD07586,2023-07-10,7,July,28,DMart-Nagpur-1,Nagpur,Household,Chips,5,389,0.2,1556.0,462.51,UPI
ORD07587,2023-02-26,2,February,8,DMart-Mumbai-2,Mumbai,Dairy,Shampoo,4,297,0.01,1176.12,205.91,Card
ORD07588,2023-06-05,6,June,23,DMart-Nashik-1,Nashik,Groceries,Milk,5,77,0.24,292.6,58.53,Card
ORD07589,2023-11-10,11,November,45,DMart-Thane-3,Thane,Household,Shampoo,1,383,0.19,310.23,40.2,Wallet
ORD07590,2023-06-16,6,June,24,DMart-Nagpur-1,Nagpur,Groceries,Chips,2,263,0.07,489.18,87.46,Wallet
ORD07591,2023-06-06,6,June,23,DMart-Nagpur-2,Nagpur,Groceries,Tissue,2,162,0.02,317.52,45.6,Card
ORD07592,2023-01-12,1,January,2,DMart-Nashik-2,Nashik,Groceries,Rice,5,310,0.01,1534.5,426.77,Cash
ORD07593,2023-01-03,1,January,1,DMart-Pune-2,Pune,Dairy,Juice,2,304,0.05,577.6,89.38,UPI
ORD07594,2023-03-23,3,March,12,DMart-Nashik-2,Nashik,Beverages,Water,3,415,0.3,871.5,247.45,Card
ORD07595,2023-02-11,2,February,6,DMart-Nagpur-2,Nagpur,Household,Detergent,5,340,0.03,1649.0,376.54,Card
ORD07596,2023-06-16,6,June,24,DMart-Pune-1,Pune,Personal Care,Sugar,1,326,0.11,290.14,45.55,Wallet
ORD07597,2023-10-24,10,October,43,DMart-Thane-3,Thane,Groceries,Tissue,2,476,0.08,875.84,151.9,Card
ORD07598,2023-10-01,10,October,39,DMart-Mumbai-1,Mumbai,Groceries,Eggs,5,165,0.08,759.0,83.4,Cash
ORD07599,2023-01-18,1,January,3,DMart-Mumbai-2,Mumbai,Personal Care,Rice,3,320,0.12,844.8,188.09,UPI
ORD07600,2023-04-07,4,April,14,DMart-Mumbai-3,Mumbai,Groceries,Eggs,4,223,0.18,731.44,213.5,Wallet
ORD07601,2023-07-17,7,July,29,DMart-Pune-3,Pune,Groceries,Toothpaste,2,410,0.22,639.6,70.12,Cash
ORD07602,2023-06-22,6,June,25,DMart-Nagpur-1,Nagpur,Personal Care,Rice,1,162,0.16,136.08,16.75,Wallet
ORD07603,2023-02-26,2,February,8,DMart-Mumbai-2,Mumbai,Household,Wheat,4,73,0.19,236.52,41.43,Cash
ORD07604,2023-06-16,6,June,24,DMart-Nagpur-2,Nagpur,Groceries,Bread,4,296,0.1,1065.6,152.41,Card
ORD07605,2023-10-24,10,October,43,DMart-Thane-1,Thane,Beverages,Shampoo,3,373,0.22,872.82,180.32,UPI
ORD07606,2023-02-13,2,February,7,DMart-Pune-3,Pune,Beverages,Detergent,4,464,0.12,1633.28,402.74,Card
ORD07607,2023-10-17,10,October,42,DMart-Nashik-1,Nashik,Beverages,Soap,4,490,0.3,1372.0,277.16,UPI
ORD07608,2023-07-30,7,July,30,DMart-Nashik-3,Nashik,Household,Detergent,1,283,0.0,283.0,54.84,Wallet
ORD07609,2023-12-27,12,December,52,DMart-Thane-2,Thane,Dairy,Soap,1,50,0.19,40.5,7.81,UPI
ORD07610,2023-01-12,1,January,2,DMart-Pune-1,Pune,Household,Coffee,4,81,0.23,249.48,46.09,UPI
ORD07611,2023-06-17,6,June,24,DMart-Thane-3,Thane,Household,Chips,1,298,0.02,292.04,66.98,Cash
ORD07612,2023-03-26,3,March,12,DMart-Mumbai-2,Mumbai,Personal Care,Tea,1,234,0.28,168.48,29.07,Cash
ORD07613,2023-08-19,8,August,33,DMart-Nagpur-1,Nagpur,Beverages,Detergent,2,179,0.08,329.36,58.56,Cash
ORD07614,2023-02-01,2,February,5,DMart-Nagpur-1,Nagpur,Dairy,Shampoo,3,431,0.19,1047.33,197.69,Card
ORD07615,2023-09-12,9,September,37,DMart-Nagpur-3,Nagpur,Dairy,Sugar,3,193,0.09,526.89,144.84,Card
ORD07616,2023-08-14,8,August,33,DMart-Nashik-2,Nashik,Groceries,Biscuits,4,324,0.02,1270.08,191.6,Cash
ORD07617,2023-02-04,2,February,5,DMart-Pune-2,Pune,Groceries,Shampoo,5,374,0.3,1309.0,136.52,Card
ORD07618,2023-06-09,6,June,23,DMart-Nagpur-1,Nagpur,Dairy,Juice,3,352,0.04,1013.76,269.31,Card
ORD07619,2023-05-07,5,May,18,DMart-Nashik-3,Nashik,Household,Tissue,2,253,0.25,379.5,82.13,Cash
ORD07620,2023-08-23,8,August,34,DMart-Mumbai-3,Mumbai,Personal Care,Water,4,400,0.15,1360.0,233.0,Card
ORD07621,2023-11-26,11,November,47,DMart-Nashik-1,Nashik,Dairy,Toothpaste,2,27,0.03,52.38,14.01,Card
ORD07622,2023-09-04,9,September,36,DMart-Mumbai-2,Mumbai,Groceries,Coffee,3,227,0.25,510.75,108.02,UPI
ORD07623,2023-05-23,5,May,21,DMart-Nagpur-1,Nagpur,Groceries,Biscuits,4,427,0.14,1468.88,308.66,UPI
ORD07624,2023-06-17,6,June,24,DMart-Thane-1,Thane,Household,Wheat,5,235,0.01,1163.25,319.75,UPI
ORD07625,2023-03-16,3,March,11,DMart-Nashik-2,Nashik,Groceries,Tea,4,411,0.13,1430.28,192.04,UPI
ORD07626,2023-07-03,7,July,27,DMart-Nagpur-2,Nagpur,Personal Care,Bread,1,20,0.14,17.2,5.15,UPI
ORD07627,2023-08-02,8,August,31,DMart-Mumbai-3,Mumbai,Beverages,Chips,1,278,0.26,205.72,57.49,Wallet
ORD07628,2023-02-20,2,February,8,DMart-Nagpur-2,Nagpur,Beverages,Eggs,3,355,0.3,745.5,94.91,Cash
ORD07629,2023-02-12,2,February,6,DMart-Mumbai-3,Mumbai,Dairy,Tissue,2,129,0.2,206.4,52.62,Cash
ORD07630,2023-01-27,1,January,4,DMart-Nashik-2,Nashik,Beverages,Bread,2,461,0.01,912.78,141.56,Wallet
ORD07631,2023-08-30,8,August,35,DMart-Nashik-1,Nashik,Groceries,Toothpaste,4,419,0.03,1625.72,339.63,Card
ORD07632,2023-04-23,4,April,16,DMart-Thane-3,Thane,Groceries,Soap,1,409,0.1,368.1,66.52,UPI
ORD07633,2023-06-15,6,June,24,DMart-Pune-1,Pune,Dairy,Juice,5,450,0.28,1620.0,311.28,Cash
ORD07634,2023-09-18,9,September,38,DMart-Thane-1,Thane,Household,Shampoo,2,498,0.07,926.28,162.78,UPI
ORD07635,2023-02-26,2,February,8,DMart-Nagpur-3,Nagpur,Dairy,Biscuits,5,440,0.13,1914.0,288.41,Wallet
ORD07636,2023-02-02,2,February,5,DMart-Pune-1,Pune,Personal Care,Water,5,119,0.06,559.3,136.32,UPI
ORD07637,2023-03-24,3,March,12,DMart-Mumbai-1,Mumbai,Personal Care,Oil,5,408,0.22,1591.2,407.81,Wallet
ORD07638,2023-01-02,1,January,1,DMart-Nashik-3,Nashik,Household,Oil,1,99,0.26,73.26,17.59,Card
ORD07639,2023-06-22,6,June,25,DMart-Nashik-1,Nashik,Beverages,Coffee,1,435,0.28,313.2,39.7,Card
ORD07640,2023-02-21,2,February,8,DMart-Thane-3,Thane,Groceries,Bread,5,298,0.06,1400.6,409.72,UPI
ORD07641,2023-05-29,5,May,22,DMart-Nashik-3,Nashik,Groceries,Rice,5,260,0.22,1014.0,116.08,Card
ORD07642,2023-05-17,5,May,20,DMart-Nagpur-1,Nagpur,Beverages,Chips,4,471,0.28,1356.48,254.2,Wallet
ORD07643,2023-03-19,3,March,11,DMart-Nagpur-2,Nagpur,Dairy,Biscuits,4,230,0.26,680.8,82.14,Cash
ORD07644,2023-03-11,3,March,10,DMart-Thane-3,Thane,Dairy,Wheat,3,176,0.22,411.84,121.21,Card
ORD07645,2023-03-04,3,March,9,DMart-Thane-3,Thane,Beverages,Tea,3,214,0.27,468.66,122.81,UPI
ORD07646,2023-04-17,4,April,16,DMart-Mumbai-3,Mumbai,Groceries,Rice,2,498,0.05,946.2,149.98,UPI
ORD07647,2023-04-29,4,April,17,DMart-Pune-1,Pune,Groceries,Tea,4,226,0.09,822.64,119.78,UPI
ORD07648,2023-12-22,12,December,51,DMart-Thane-2,Thane,Groceries,Biscuits,5,435,0.19,1761.75,394.7,UPI
ORD07649,2023-02-03,2,February,5,DMart-Mumbai-3,Mumbai,Groceries,Sugar,2,182,0.3,254.8,75.86,Wallet
ORD07650,2023-01-05,1,January,1,DMart-Mumbai-3,Mumbai,Groceries,Eggs,4,235,0.13,817.8,184.91,Cash
ORD07651,2023-11-21,11,November,47,DMart-Mumbai-1,Mumbai,Groceries,Oil,2,275,0.02,539.0,58.22,Cash
ORD07652,2023-01-16,1,January,3,DMart-Thane-2,Thane,Personal Care,Shampoo,1,38,0.26,28.12,4.68,Cash
ORD07653,2023-06-09,6,June,23,DMart-Thane-3,Thane,Personal Care,Chips,4,480,0.17,1593.6,417.77,Card
ORD07654,2023-02-15,2,February,7,DMart-Thane-2,Thane,Dairy,Rice,5,300,0.11,1335.0,189.72,UPI
ORD07655,2023-03-11,3,March,10,DMart-Thane-1,Thane,Household,Tea,5,137,0.28,493.2,67.34,Cash
ORD07656,2023-03-27,3,March,13,DMart-Nagpur-3,Nagpur,Dairy,Chips,3,112,0.08,309.12,63.6,Cash
ORD07657,2023-09-09,9,September,36,DMart-Nashik-1,Nashik,Household,Juice,4,438,0.11,1559.28,300.21,Wallet
ORD07658,2023-06-11,6,June,23,DMart-Mumbai-3,Mumbai,Dairy,Toothpaste,3,312,0.3,655.2,143.64,Cash
ORD07659,2023-05-12,5,May,19,DMart-Nashik-1,Nashik,Dairy,Juice,1,410,0.05,389.5,107.0,Card
ORD07660,2023-06-25,6,June,25,DMart-Nashik-2,Nashik,Beverages,Soap,3,252,0.18,619.92,149.2,Cash
ORD07661,2023-02-09,2,February,6,DMart-Nagpur-2,Nagpur,Groceries,Water,5,392,0.08,1803.2,425.21,Cash
ORD07662,2023-10-13,10,October,41,DMart-Thane-2,Thane,Dairy,Bread,2,103,0.2,164.8,40.0,Card
ORD07663,2023-11-21,11,November,47,DMart-Pune-3,Pune,Beverages,Toothpaste,3,252,0.17,627.48,100.87,Wallet
ORD07664,2023-11-14,11,November,46,DMart-Mumbai-2,Mumbai,Beverages,Toothpaste,1,188,0.22,146.64,22.36,Card
ORD07665,2023-08-26,8,August,34,DMart-Nagpur-1,Nagpur,Household,Milk,5,400,0.02,1960.0,296.64,Cash
ORD07666,2023-09-03,9,September,35,DMart-Nashik-3,Nashik,Dairy,Sugar,5,123,0.02,602.7,92.79,UPI
ORD07667,2023-08-14,8,August,33,DMart-Mumbai-3,Mumbai,Beverages,Water,4,359,0.03,1392.92,401.67,UPI
ORD07668,2023-11-04,11,November,44,DMart-Thane-2,Thane,Beverages,Biscuits,3,155,0.23,358.05,101.96,UPI
ORD07669,2023-06-21,6,June,25,DMart-Nashik-2,Nashik,Dairy,Oil,2,246,0.26,364.08,106.59,Wallet
ORD07670,2023-08-28,8,August,35,DMart-Nagpur-3,Nagpur,Dairy,Tea,5,50,0.3,175.0,41.17,Cash
ORD07671,2023-05-04,5,May,18,DMart-Thane-3,Thane,Beverages,Eggs,5,224,0.12,985.6,130.28,Wallet
ORD07672,2023-06-25,6,June,25,DMart-Nashik-1,Nashik,Household,Eggs,5,79,0.02,387.1,97.61,UPI
ORD07673,2023-10-09,10,October,41,DMart-Nashik-2,Nashik,Household,Bread,5,498,0.26,1842.6,215.16,UPI
ORD07674,2023-06-14,6,June,24,DMart-Thane-2,Thane,Personal Care,Rice,5,140,0.16,588.0,94.48,Card
ORD07675,2023-06-23,6,June,25,DMart-Mumbai-2,Mumbai,Beverages,Rice,4,38,0.16,127.68,15.81,Cash
ORD07676,2023-05-16,5,May,20,DMart-Thane-2,Thane,Dairy,Juice,5,255,0.1,1147.5,205.47,Wallet
ORD07677,2023-03-24,3,March,12,DMart-Nagpur-2,Nagpur,Personal Care,Sugar,4,498,0.29,1414.32,187.27,UPI
ORD07678,2023-06-08,6,June,23,DMart-Pune-2,Pune,Household,Soap,1,444,0.3,310.8,87.07,Card
ORD07679,2023-07-29,7,July,30,DMart-Pune-3,Pune,Groceries,Biscuits,3,383,0.18,942.18,207.76,UPI
ORD07680,2023-11-29,11,November,48,DMart-Pune-1,Pune,Groceries,Wheat,3,171,0.12,451.44,112.82,Card
ORD07681,2023-06-14,6,June,24,DMart-Mumbai-3,Mumbai,Beverages,Chips,1,190,0.02,186.2,23.28,UPI
ORD07682,2023-02-07,2,February,6,DMart-Mumbai-3,Mumbai,Household,Detergent,5,172,0.03,834.2,117.53,Cash
ORD07683,2023-07-03,7,July,27,DMart-Pune-1,Pune,Groceries,Soap,5,303,0.16,1272.6,284.46,Cash
ORD07684,2023-10-17,10,October,42,DMart-Nashik-3,Nashik,Dairy,Milk,1,97,0.05,92.15,22.44,Card
ORD07685,2023-02-05,2,February,5,DMart-Nashik-1,Nashik,Personal Care,Coffee,5,228,0.14,980.4,106.99,Wallet
ORD07686,2023-09-29,9,September,39,DMart-Nagpur-1,Nagpur,Household,Eggs,5,101,0.05,479.75,84.26,Wallet
ORD07687,2023-05-29,5,May,22,DMart-Thane-2,Thane,Groceries,Wheat,1,361,0.19,292.41,84.51,Wallet
ORD07688,2023-09-07,9,September,36,DMart-Mumbai-3,Mumbai,Beverages,Soap,3,373,0.18,917.58,212.62,Card
ORD07689,2023-12-07,12,December,49,DMart-Pune-3,Pune,Household,Biscuits,1,29,0.04,27.84,3.29,Card
ORD07690,2023-04-07,4,April,14,DMart-Pune-1,Pune,Groceries,Wheat,3,102,0.07,284.58,42.83,Wallet
ORD07691,2023-05-13,5,May,19,DMart-Nagpur-2,Nagpur,Personal Care,Water,2,317,0.14,545.24,61.23,Card
ORD07692,2023-08-11,8,August,32,DMart-Nagpur-3,Nagpur,Beverages,Toothpaste,2,31,0.2,49.6,5.82,UPI
ORD07693,2023-04-04,4,April,14,DMart-Nashik-1,Nashik,Groceries,Oil,3,337,0.29,717.81,186.93,Wallet
ORD07694,2023-04-03,4,April,14,DMart-Nagpur-1,Nagpur,Beverages,Rice,3,211,0.07,588.69,78.03,Card
ORD07695,2023-06-30,6,June,26,DMart-Pune-2,Pune,Groceries,Chips,4,98,0.26,290.08,82.66,Card
ORD07696,2023-01-08,1,January,1,DMart-Nagpur-2,Nagpur,Household,Biscuits,2,437,0.23,672.98,120.03,UPI
ORD07697,2023-03-18,3,March,11,DMart-Thane-1,Thane,Household,Tissue,5,164,0.18,672.4,94.04,UPI
ORD07698,2023-09-30,9,September,39,DMart-Mumbai-1,Mumbai,Personal Care,Tissue,4,468,0.16,1572.48,339.18,Cash
ORD07699,2023-01-16,1,January,3,DMart-Pune-2,Pune,Beverages,Water,2,413,0.16,693.84,117.19,UPI
ORD07700,2023-01-17,1,January,3,DMart-Mumbai-2,Mumbai,Dairy,Chips,2,358,0.23,551.32,164.93,Card
ORD07701,2023-02-18,2,February,7,DMart-Mumbai-3,Mumbai,Dairy,Juice,4,354,0.0,1416.0,272.01,Wallet
ORD07702,2023-05-14,5,May,19,DMart-Thane-1,Thane,Groceries,Milk,3,43,0.01,127.71,17.45,Card
ORD07703,2023-01-03,1,January,1,DMart-Nagpur-2,Nagpur,Household,Tea,2,334,0.19,541.08,152.55,Cash
ORD07704,2023-01-25,1,January,4,DMart-Nashik-1,Nashik,Household,Shampoo,5,209,0.03,1013.65,291.6,Cash
ORD07705,2023-07-03,7,July,27,DMart-Nagpur-3,Nagpur,Dairy,Shampoo,3,471,0.17,1172.79,294.87,Card
ORD07706,2023-11-21,11,November,47,DMart-Pune-2,Pune,Beverages,Wheat,3,73,0.15,186.15,54.65,Cash
ORD07707,2023-12-15,12,December,50,DMart-Pune-3,Pune,Household,Detergent,4,257,0.26,760.72,163.77,Cash
ORD07708,2023-06-15,6,June,24,DMart-Nashik-3,Nashik,Household,Water,2,321,0.04,616.32,134.55,UPI
ORD07709,2023-08-22,8,August,34,DMart-Mumbai-1,Mumbai,Groceries,Wheat,5,223,0.16,936.6,146.48,Card
ORD07710,2023-12-24,12,December,51,DMart-Thane-1,Thane,Personal Care,Coffee,2,373,0.07,693.78,70.97,Card
ORD07711,2023-08-30,8,August,35,DMart-Thane-1,Thane,Beverages,Oil,3,72,0.2,172.8,51.64,UPI
ORD07712,2023-09-14,9,September,37,DMart-Nagpur-2,Nagpur,Dairy,Toothpaste,4,259,0.15,880.6,232.73,Card
ORD07713,2023-02-22,2,February,8,DMart-Thane-3,Thane,Beverages,Juice,4,143,0.08,526.24,149.2,Wallet
ORD07714,2023-08-14,8,August,33,DMart-Mumbai-2,Mumbai,Beverages,Tissue,4,443,0.06,1665.68,394.39,Wallet
ORD07715,2023-06-01,6,June,22,DMart-Nashik-1,Nashik,Personal Care,Soap,1,54,0.03,52.38,15.27,Card
ORD07716,2023-10-28,10,October,43,DMart-Nagpur-1,Nagpur,Dairy,Biscuits,1,179,0.28,128.88,25.63,Wallet
ORD07717,2023-06-04,6,June,22,DMart-Pune-2,Pune,Household,Coffee,3,103,0.13,268.83,61.19,UPI
ORD07718,2023-03-30,3,March,13,DMart-Mumbai-3,Mumbai,Groceries,Chips,1,25,0.27,18.25,2.12,UPI
ORD07719,2023-12-22,12,December,51,DMart-Mumbai-2,Mumbai,Beverages,Oil,1,312,0.08,287.04,33.1,Cash
ORD07720,2023-03-08,3,March,10,DMart-Pune-2,Pune,Groceries,Wheat,4,351,0.25,1053.0,169.64,Cash
ORD07721,2023-06-10,6,June,23,DMart-Pune-2,Pune,Household,Coffee,1,243,0.18,199.26,54.59,UPI
ORD07722,2023-04-07,4,April,14,DMart-Nashik-1,Nashik,Groceries,Detergent,1,115,0.05,109.25,16.55,UPI
ORD07723,2023-05-15,5,May,20,DMart-Thane-1,Thane,Groceries,Coffee,1,280,0.23,215.6,43.04,UPI
ORD07724,2023-08-25,8,August,34,DMart-Thane-3,Thane,Beverages,Detergent,3,249,0.23,575.19,79.73,Card
ORD07725,2023-03-25,3,March,12,DMart-Mumbai-3,Mumbai,Beverages,Chips,3,111,0.21,263.07,50.6,Wallet
ORD07726,2023-11-16,11,November,46,DMart-Thane-1,Thane,Beverages,Oil,3,441,0.12,1164.24,210.89,UPI
ORD07727,2023-01-01,1,January,52,DMart-Nashik-1,Nashik,Dairy,Coffee,4,312,0.04,1198.08,151.33,UPI
ORD07728,2023-12-25,12,December,52,DMart-Nagpur-1,Nagpur,Household,Oil,4,351,0.0,1404.0,283.26,UPI
ORD07729,2023-04-17,4,April,16,DMart-Pune-3,Pune,Beverages,Toothpaste,2,199,0.18,326.36,61.32,Cash
ORD07730,2023-10-09,10,October,41,DMart-Nagpur-3,Nagpur,Household,Bread,1,477,0.22,372.06,52.17,Card
ORD07731,2023-07-19,7,July,29,DMart-Nashik-3,Nashik,Groceries,Detergent,5,90,0.09,409.5,63.76,UPI
ORD07732,2023-08-19,8,August,33,DMart-Nashik-3,Nashik,Dairy,Detergent,2,234,0.21,369.72,64.96,Card
ORD07733,2023-11-13,11,November,46,DMart-Thane-1,Thane,Groceries,Toothpaste,3,370,0.25,832.5,245.57,Cash
ORD07734,2023-05-16,5,May,20,DMart-Nagpur-2,Nagpur,Personal Care,Toothpaste,1,187,0.11,166.43,24.45,UPI
ORD07735,2023-07-25,7,July,30,DMart-Mumbai-3,Mumbai,Personal Care,Rice,5,30,0.24,114.0,29.63,UPI
ORD07736,2023-12-16,12,December,50,DMart-Mumbai-3,Mumbai,Dairy,Detergent,1,25,0.0,25.0,5.91,Wallet
ORD07737,2023-10-02,10,October,40,DMart-Mumbai-3,Mumbai,Personal Care,Rice,4,346,0.23,1065.68,275.43,Card
ORD07738,2023-08-05,8,August,31,DMart-Mumbai-3,Mumbai,Beverages,Chips,1,123,0.19,99.63,12.9,UPI
ORD07739,2023-03-03,3,March,9,DMart-Pune-1,Pune,Household,Milk,1,300,0.12,264.0,59.32,Card
ORD07740,2023-10-02,10,October,40,DMart-Mumbai-3,Mumbai,Dairy,Eggs,2,387,0.07,719.82,95.94,UPI
ORD07741,2023-06-06,6,June,23,DMart-Nagpur-1,Nagpur,Dairy,Shampoo,1,157,0.28,113.04,28.7,Cash
ORD07742,2023-09-22,9,September,38,DMart-Thane-1,Thane,Household,Eggs,1,288,0.08,264.96,66.63,Card
ORD07743,2023-10-05,10,October,40,DMart-Thane-3,Thane,Dairy,Bread,2,129,0.04,247.68,33.51,Card
ORD07744,2023-08-06,8,August,31,DMart-Mumbai-1,Mumbai,Groceries,Water,5,328,0.18,1344.8,254.09,Cash
ORD07745,2023-09-18,9,September,38,DMart-Nagpur-2,Nagpur,Dairy,Water,1,95,0.07,88.35,20.2,Card
ORD07746,2023-12-15,12,December,50,DMart-Nashik-2,Nashik,Groceries,Bread,3,418,0.11,1116.06,259.37,Card
ORD07747,2023-05-12,5,May,19,DMart-Nashik-2,Nashik,Dairy,Tea,4,99,0.0,396.0,96.18,Card
ORD07748,2023-09-22,9,September,38,DMart-Thane-2,Thane,Beverages,Coffee,3,415,0.05,1182.75,333.2,Card
ORD07749,2023-11-11,11,November,45,DMart-Nashik-2,Nashik,Dairy,Tea,2,36,0.15,61.2,9.22,Card
ORD07750,2023-11-28,11,November,48,DMart-Pune-1,Pune,Household,Wheat,4,128,0.26,378.88,58.26,UPI
ORD07751,2023-01-26,1,January,4,DMart-Nagpur-3,Nagpur,Personal Care,Wheat,1,357,0.26,264.18,60.66,UPI
ORD07752,2023-01-02,1,January,1,DMart-Nagpur-2,Nagpur,Personal Care,Tea,4,144,0.23,443.52,103.27,Card
ORD07753,2023-09-17,9,September,37,DMart-Mumbai-2,Mumbai,Household,Biscuits,4,285,0.28,820.8,161.95,Card
ORD07754,2023-08-28,8,August,35,DMart-Nagpur-2,Nagpur,Dairy,Soap,3,139,0.07,387.81,77.68,Cash
ORD07755,2023-04-05,4,April,14,DMart-Nashik-1,Nashik,Household,Soap,5,390,0.29,1384.5,404.48,Cash
ORD07756,2023-06-17,6,June,24,DMart-Nagpur-1,Nagpur,Household,Juice,3,394,0.21,933.78,248.68,Cash
ORD07757,2023-11-10,11,November,45,DMart-Thane-2,Thane,Personal Care,Bread,5,500,0.03,2425.0,316.89,Cash
ORD07758,2023-08-25,8,August,34,DMart-Nashik-1,Nashik,Dairy,Water,5,163,0.01,806.85,222.58,Card
ORD07759,2023-03-23,3,March,12,DMart-Nagpur-1,Nagpur,Beverages,Bread,2,356,0.24,541.12,103.31,Cash
ORD07760,2023-08-19,8,August,33,DMart-Thane-3,Thane,Personal Care,Soap,1,97,0.02,95.06,18.55,Cash
ORD07761,2023-02-02,2,February,5,DMart-Nagpur-2,Nagpur,Personal Care,Oil,3,184,0.1,496.8,118.59,Wallet
ORD07762,2023-05-31,5,May,22,DMart-Nagpur-2,Nagpur,Dairy,Coffee,1,208,0.01,205.92,57.24,Card
ORD07763,2023-06-02,6,June,22,DMart-Mumbai-1,Mumbai,Household,Shampoo,5,424,0.25,1590.0,320.57,Wallet
ORD07764,2023-03-05,3,March,9,DMart-Thane-3,Thane,Personal Care,Water,4,341,0.16,1145.76,319.94,Cash
ORD07765,2023-05-01,5,May,18,DMart-Thane-2,Thane,Dairy,Rice,5,166,0.27,605.9,77.02,Cash
ORD07766,2023-01-05,1,January,1,DMart-Nagpur-2,Nagpur,Dairy,Tissue,3,134,0.03,389.94,109.05,Cash
ORD07767,2023-06-13,6,June,24,DMart-Mumbai-1,Mumbai,Groceries,Chips,2,434,0.19,703.08,158.25,UPI
ORD07768,2023-09-18,9,September,38,DMart-Nashik-2,Nashik,Dairy,Rice,3,404,0.08,1115.04,157.4,UPI
ORD07769,2023-08-14,8,August,33,DMart-Mumbai-1,Mumbai,Groceries,Soap,5,97,0.11,431.65,111.88,Card
ORD07770,2023-10-10,10,October,41,DMart-Pune-3,Pune,Household,Detergent,5,75,0.17,311.25,62.17,Wallet
ORD07771,2023-04-27,4,April,17,DMart-Nagpur-2,Nagpur,Dairy,Milk,5,348,0.04,1670.4,459.28,Cash
ORD07772,2023-11-15,11,November,46,DMart-Pune-1,Pune,Household,Milk,5,140,0.27,511.0,106.24,Cash
ORD07773,2023-11-19,11,November,46,DMart-Nashik-2,Nashik,Personal Care,Wheat,1,111,0.08,102.12,29.64,Wallet
ORD07774,2023-10-15,10,October,41,DMart-Mumbai-2,Mumbai,Dairy,Juice,1,484,0.24,367.84,53.16,Wallet
ORD07775,2023-10-24,10,October,43,DMart-Mumbai-1,Mumbai,Household,Sugar,3,406,0.17,1010.94,180.54,Wallet
ORD07776,2023-11-29,11,November,48,DMart-Pune-2,Pune,Household,Water,4,295,0.27,861.4,236.59,Card
ORD07777,2023-05-21,5,May,20,DMart-Pune-3,Pune,Groceries,Sugar,3,299,0.02,879.06,95.34,Card
ORD07778,2023-12-09,12,December,49,DMart-Nagpur-2,Nagpur,Personal Care,Bread,2,418,0.1,752.4,125.54,UPI
ORD07779,2023-01-08,1,January,1,DMart-Pune-3,Pune,Household,Oil,1,402,0.16,337.68,67.15,Card
ORD07780,2023-03-31,3,March,13,DMart-Nashik-3,Nashik,Groceries,Soap,2,87,0.2,139.2,34.29,UPI
ORD07781,2023-09-06,9,September,36,DMart-Nagpur-2,Nagpur,Dairy,Biscuits,3,78,0.26,173.16,50.31,UPI
ORD07782,2023-05-04,5,May,18,DMart-Thane-3,Thane,Groceries,Sugar,3,378,0.07,1054.62,166.04,Wallet
ORD07783,2023-07-16,7,July,28,DMart-Pune-3,Pune,Household,Soap,4,101,0.14,347.44,65.26,Wallet
ORD07784,2023-03-09,3,March,10,DMart-Thane-3,Thane,Personal Care,Tea,1,258,0.2,206.4,44.25,Card
ORD07785,2023-07-28,7,July,30,DMart-Thane-3,Thane,Beverages,Rice,3,116,0.3,243.6,43.56,Card
ORD07786,2023-11-23,11,November,47,DMart-Nagpur-3,Nagpur,Beverages,Tea,1,479,0.19,387.99,68.36,UPI
ORD07787,2023-05-13,5,May,19,DMart-Nagpur-1,Nagpur,Personal Care,Tissue,5,420,0.16,1764.0,349.18,Card
ORD07788,2023-07-25,7,July,30,DMart-Nagpur-2,Nagpur,Household,Bread,5,84,0.02,411.6,103.99,UPI
ORD07789,2023-07-19,7,July,29,DMart-Nagpur-3,Nagpur,Beverages,Rice,5,143,0.0,715.0,202.21,Cash
ORD07790,2023-02-13,2,February,7,DMart-Nagpur-3,Nagpur,Groceries,Rice,4,36,0.27,105.12,25.29,UPI
ORD07791,2023-03-01,3,March,9,DMart-Pune-2,Pune,Dairy,Detergent,4,395,0.06,1485.2,290.09,Cash
ORD07792,2023-10-28,10,October,43,DMart-Mumbai-3,Mumbai,Personal Care,Tissue,1,367,0.06,344.98,97.39,Card
ORD07793,2023-01-29,1,January,4,DMart-Mumbai-3,Mumbai,Groceries,Detergent,2,339,0.07,630.54,141.87,UPI
ORD07794,2023-09-01,9,September,35,DMart-Pune-3,Pune,Beverages,Shampoo,3,467,0.08,1288.92,298.98,Card
ORD07795,2023-05-25,5,May,21,DMart-Thane-1,Thane,Dairy,Coffee,5,247,0.29,876.85,174.37,UPI
ORD07796,2023-05-29,5,May,22,DMart-Nagpur-2,Nagpur,Personal Care,Toothpaste,4,438,0.29,1243.92,327.3,Card
ORD07797,2023-01-13,1,January,2,DMart-Thane-1,Thane,Personal Care,Juice,4,305,0.14,1049.2,224.2,Card
ORD07798,2023-03-06,3,March,10,DMart-Nagpur-3,Nagpur,Personal Care,Rice,2,81,0.15,137.7,25.59,UPI
ORD07799,2023-04-08,4,April,14,DMart-Thane-3,Thane,Personal Care,Tea,5,63,0.04,302.4,49.42,UPI
ORD07800,2023-01-16,1,January,3,DMart-Mumbai-2,Mumbai,Personal Care,Tissue,4,285,0.18,934.8,98.92,UPI
ORD07801,2023-09-14,9,September,37,DMart-Pune-3,Pune,Dairy,Sugar,2,62,0.28,89.28,16.17,Cash
ORD07802,2023-07-07,7,July,27,DMart-Nagpur-1,Nagpur,Personal Care,Juice,1,58,0.05,55.1,16.09,UPI
ORD07803,2023-03-29,3,March,13,DMart-Mumbai-3,Mumbai,Groceries,Chips,2,331,0.06,622.28,101.67,Card
ORD07804,2023-05-29,5,May,22,DMart-Nashik-3,Nashik,Personal Care,Soap,2,364,0.25,546.0,113.69,Card
ORD07805,2023-01-15,1,January,2,DMart-Pune-1,Pune,Dairy,Oil,2,201,0.01,397.98,43.23,UPI
ORD07806,2023-01-24,1,January,4,DMart-Mumbai-3,Mumbai,Household,Sugar,5,100,0.24,380.0,87.38,Card
ORD07807,2023-09-04,9,September,36,DMart-Pune-1,Pune,Personal Care,Water,4,240,0.16,806.4,113.9,Cash
ORD07808,2023-09-08,9,September,36,DMart-Pune-1,Pune,Household,Bread,3,401,0.01,1190.97,265.59,Wallet
ORD07809,2023-06-29,6,June,26,DMart-Nagpur-3,Nagpur,Dairy,Sugar,4,269,0.28,774.72,215.45,Card
ORD07810,2023-09-29,9,September,39,DMart-Nagpur-1,Nagpur,Beverages,Oil,1,397,0.22,309.66,67.84,Wallet
ORD07811,2023-10-16,10,October,42,DMart-Mumbai-1,Mumbai,Household,Oil,3,168,0.02,493.92,111.0,Card
ORD07812,2023-11-15,11,November,46,DMart-Thane-1,Thane,Beverages,Juice,5,147,0.1,661.5,78.21,Card
ORD07813,2023-01-21,1,January,3,DMart-Thane-2,Thane,Personal Care,Biscuits,3,296,0.24,674.88,159.73,UPI
ORD07814,2023-12-22,12,December,51,DMart-Pune-3,Pune,Groceries,Shampoo,1,499,0.01,494.01,131.97,UPI
ORD07815,2023-10-08,10,October,40,DMart-Nashik-3,Nashik,Household,Tea,4,336,0.05,1276.8,163.22,Card
ORD07816,2023-08-30,8,August,35,DMart-Nashik-3,Nashik,Groceries,Chips,2,85,0.1,153.0,34.18,Cash
ORD07817,2023-12-05,12,December,49,DMart-Pune-2,Pune,Dairy,Bread,2,263,0.11,468.14,72.01,Card
ORD07818,2023-06-11,6,June,23,DMart-Nagpur-3,Nagpur,Dairy,Rice,1,368,0.14,316.48,68.14,UPI
ORD07819,2023-06-19,6,June,25,DMart-Nagpur-1,Nagpur,Personal Care,Shampoo,4,260,0.04,998.4,147.31,Wallet
ORD07820,2023-12-08,12,December,49,DMart-Pune-3,Pune,Household,Coffee,5,117,0.0,585.0,170.8,Cash
ORD07821,2023-07-28,7,July,30,DMart-Nashik-1,Nashik,Household,Eggs,4,22,0.13,76.56,10.43,Wallet
ORD07822,2023-11-15,11,November,46,DMart-Mumbai-1,Mumbai,Groceries,Toothpaste,5,331,0.26,1224.7,332.31,Wallet
ORD07823,2023-04-17,4,April,16,DMart-Nagpur-2,Nagpur,Dairy,Tea,5,106,0.3,371.0,90.82,Wallet
ORD07824,2023-05-21,5,May,20,DMart-Thane-2,Thane,Groceries,Tissue,4,131,0.02,513.52,80.7,Card
ORD07825,2023-06-05,6,June,23,DMart-Thane-1,Thane,Groceries,Shampoo,2,367,0.19,594.54,68.95,Card
ORD07826,2023-07-15,7,July,28,DMart-Nagpur-3,Nagpur,Groceries,Chips,3,360,0.23,831.6,170.08,Card
ORD07827,2023-02-06,2,February,6,DMart-Pune-3,Pune,Household,Shampoo,2,111,0.17,184.26,26.68,Wallet
ORD07828,2023-01-18,1,January,3,DMart-Nashik-3,Nashik,Dairy,Milk,5,448,0.07,2083.2,614.77,Cash
ORD07829,2023-02-11,2,February,6,DMart-Nagpur-1,Nagpur,Beverages,Coffee,5,469,0.2,1876.0,339.98,UPI
ORD07830,2023-10-04,10,October,40,DMart-Nagpur-2,Nagpur,Beverages,Wheat,3,295,0.12,778.8,227.97,Cash
ORD07831,2023-12-05,12,December,49,DMart-Pune-1,Pune,Dairy,Shampoo,1,192,0.15,163.2,28.55,Cash
ORD07832,2023-08-13,8,August,32,DMart-Nagpur-3,Nagpur,Personal Care,Bread,1,495,0.28,356.4,104.67,Card
ORD07833,2023-06-17,6,June,24,DMart-Nagpur-2,Nagpur,Dairy,Water,1,493,0.24,374.68,103.75,Wallet
ORD07834,2023-02-23,2,February,8,DMart-Thane-1,Thane,Personal Care,Bread,1,191,0.16,160.44,33.22,Wallet
ORD07835,2023-07-04,7,July,27,DMart-Thane-1,Thane,Household,Chips,3,436,0.06,1229.52,341.24,Wallet
ORD07836,2023-10-03,10,October,40,DMart-Thane-1,Thane,Groceries,Detergent,4,238,0.16,799.68,181.52,Wallet
ORD07837,2023-06-18,6,June,24,DMart-Nagpur-3,Nagpur,Groceries,Sugar,5,314,0.3,1099.0,274.93,Wallet
ORD07838,2023-05-27,5,May,21,DMart-Nagpur-2,Nagpur,Personal Care,Toothpaste,2,119,0.02,233.24,45.47,Card
ORD07839,2023-05-31,5,May,22,DMart-Mumbai-1,Mumbai,Personal Care,Chips,4,166,0.29,471.44,111.42,Wallet
ORD07840,2023-01-21,1,January,3,DMart-Thane-2,Thane,Beverages,Detergent,3,397,0.17,988.53,241.52,UPI
ORD07841,2023-06-09,6,June,23,DMart-Thane-3,Thane,Beverages,Tissue,4,461,0.09,1678.04,420.45,UPI
ORD07842,2023-03-27,3,March,13,DMart-Nashik-2,Nashik,Beverages,Tea,1,177,0.3,123.9,14.15,Card
ORD07843,2023-08-07,8,August,32,DMart-Nashik-3,Nashik,Dairy,Biscuits,4,262,0.01,1037.52,293.32,Card
ORD07844,2023-07-16,7,July,28,DMart-Nagpur-3,Nagpur,Personal Care,Bread,5,225,0.18,922.5,191.47,Cash
ORD07845,2023-07-08,7,July,27,DMart-Nagpur-3,Nagpur,Personal Care,Milk,5,433,0.04,2078.4,218.86,Card
ORD07846,2023-05-11,5,May,19,DMart-Nashik-1,Nashik,Dairy,Water,1,438,0.13,381.06,92.91,Card
ORD07847,2023-07-29,7,July,30,DMart-Nashik-1,Nashik,Personal Care,Wheat,4,371,0.2,1187.2,192.1,UPI
ORD07848,2023-03-24,3,March,12,DMart-Pune-1,Pune,Personal Care,Soap,3,191,0.22,446.94,118.03,UPI
ORD07849,2023-04-26,4,April,17,DMart-Pune-3,Pune,Groceries,Soap,5,154,0.07,716.1,164.83,Card
ORD07850,2023-09-19,9,September,38,DMart-Thane-2,Thane,Household,Chips,2,371,0.16,623.28,162.2,UPI
ORD07851,2023-01-05,1,January,1,DMart-Thane-1,Thane,Personal Care,Water,3,242,0.06,682.44,103.55,Wallet
ORD07852,2023-12-24,12,December,51,DMart-Nagpur-3,Nagpur,Groceries,Sugar,1,310,0.0,310.0,40.4,Cash
ORD07853,2023-01-01,1,January,52,DMart-Nagpur-1,Nagpur,Groceries,Wheat,2,125,0.23,192.5,35.35,Cash
ORD07854,2023-08-27,8,August,34,DMart-Pune-2,Pune,Groceries,Tissue,5,280,0.26,1036.0,187.73,Card
ORD07855,2023-12-22,12,December,51,DMart-Nagpur-1,Nagpur,Personal Care,Sugar,4,93,0.22,290.16,57.23,Card
ORD07856,2023-01-02,1,January,1,DMart-Pune-3,Pune,Household,Milk,3,410,0.29,873.3,220.85,Cash
ORD07857,2023-02-13,2,February,7,DMart-Pune-1,Pune,Dairy,Milk,5,436,0.03,2114.6,364.37,Card
ORD07858,2023-04-14,4,April,15,DMart-Thane-1,Thane,Beverages,Tea,2,319,0.15,542.3,62.15,Wallet
ORD07859,2023-07-22,7,July,29,DMart-Nashik-1,Nashik,Groceries,Water,2,212,0.09,385.84,49.1,UPI
ORD07860,2023-04-19,4,April,16,DMart-Nashik-3,Nashik,Groceries,Detergent,1,76,0.24,57.76,14.45,Cash
ORD07861,2023-03-01,3,March,9,DMart-Nagpur-3,Nagpur,Personal Care,Tea,3,406,0.09,1108.38,198.68,UPI
ORD07862,2023-06-01,6,June,22,DMart-Pune-3,Pune,Personal Care,Tissue,5,155,0.03,751.75,148.45,Cash
ORD07863,2023-08-22,8,August,34,DMart-Mumbai-2,Mumbai,Dairy,Tissue,2,68,0.3,95.2,13.42,Card
ORD07864,2023-12-16,12,December,50,DMart-Nashik-2,Nashik,Beverages,Soap,4,326,0.12,1147.52,154.47,Wallet
ORD07865,2023-05-27,5,May,21,DMart-Pune-2,Pune,Groceries,Sugar,2,449,0.14,772.28,131.05,Cash
ORD07866,2023-07-14,7,July,28,DMart-Thane-2,Thane,Household,Shampoo,4,395,0.22,1232.4,218.01,UPI
ORD07867,2023-04-08,4,April,14,DMart-Mumbai-1,Mumbai,Dairy,Tea,2,351,0.14,603.72,124.27,UPI
ORD07868,2023-09-27,9,September,39,DMart-Pune-3,Pune,Household,Toothpaste,4,500,0.06,1880.0,521.55,Card
ORD07869,2023-12-02,12,December,48,DMart-Nashik-1,Nashik,Groceries,Rice,1,92,0.21,72.68,15.99,Cash
ORD07870,2023-05-15,5,May,20,DMart-Thane-1,Thane,Dairy,Biscuits,2,184,0.28,264.96,74.23,Card
ORD07871,2023-05-02,5,May,18,DMart-Thane-1,Thane,Groceries,Rice,5,416,0.12,1830.4,316.58,Wallet
ORD07872,2023-01-30,1,January,5,DMart-Thane-2,Thane,Household,Chips,3,460,0.08,1269.6,218.58,Cash
ORD07873,2023-05-14,5,May,19,DMart-Thane-2,Thane,Dairy,Chips,1,414,0.0,414.0,52.73,UPI
ORD07874,2023-09-16,9,September,37,DMart-Thane-3,Thane,Personal Care,Tissue,4,20,0.02,78.4,11.71,Wallet
ORD07875,2023-01-12,1,January,2,DMart-Nashik-1,Nashik,Dairy,Toothpaste,2,54,0.3,75.6,21.44,Cash
ORD07876,2023-01-18,1,January,3,DMart-Mumbai-3,Mumbai,Personal Care,Toothpaste,4,297,0.19,962.28,186.98,Cash
ORD07877,2023-01-21,1,January,3,DMart-Mumbai-3,Mumbai,Household,Wheat,5,165,0.13,717.75,116.81,Card
ORD07878,2023-12-13,12,December,50,DMart-Mumbai-3,Mumbai,Personal Care,Chips,5,380,0.12,1672.0,438.99,UPI
ORD07879,2023-11-13,11,November,46,DMart-Nagpur-2,Nagpur,Beverages,Wheat,3,433,0.09,1182.09,308.86,Cash
ORD07880,2023-01-10,1,January,2,DMart-Thane-1,Thane,Personal Care,Biscuits,2,274,0.19,443.88,109.38,UPI
ORD07881,2023-12-24,12,December,51,DMart-Nashik-2,Nashik,Household,Juice,1,447,0.14,384.42,114.51,Wallet
ORD07882,2023-05-09,5,May,19,DMart-Nashik-1,Nashik,Personal Care,Detergent,2,92,0.1,165.6,41.69,UPI
ORD07883,2023-10-15,10,October,41,DMart-Pune-2,Pune,Groceries,Chips,3,256,0.2,614.4,78.49,Wallet
ORD07884,2023-09-05,9,September,36,DMart-Thane-2,Thane,Groceries,Rice,5,176,0.06,827.2,198.14,Wallet
ORD07885,2023-07-20,7,July,29,DMart-Pune-3,Pune,Personal Care,Milk,2,468,0.28,673.92,90.32,UPI
ORD07886,2023-10-07,10,October,40,DMart-Mumbai-3,Mumbai,Personal Care,Bread,3,451,0.06,1271.82,269.24,Wallet
ORD07887,2023-03-24,3,March,12,DMart-Pune-2,Pune,Beverages,Milk,4,49,0.27,143.08,36.75,UPI
ORD07888,2023-08-22,8,August,34,DMart-Pune-2,Pune,Dairy,Soap,2,478,0.27,697.88,70.18,Wallet
ORD07889,2023-05-12,5,May,19,DMart-Nashik-1,Nashik,Personal Care,Juice,1,206,0.07,191.58,39.47,Card
ORD07890,2023-06-01,6,June,22,DMart-Nagpur-2,Nagpur,Household,Sugar,2,181,0.01,358.38,51.04,Cash
ORD07891,2023-01-23,1,January,4,DMart-Pune-3,Pune,Groceries,Oil,3,161,0.06,454.02,65.18,Cash
ORD07892,2023-10-26,10,October,43,DMart-Pune-1,Pune,Groceries,Tissue,5,438,0.18,1795.8,501.02,Card
ORD07893,2023-01-22,1,January,3,DMart-Nagpur-1,Nagpur,Groceries,Juice,5,48,0.29,170.4,33.42,Card
ORD07894,2023-12-08,12,December,49,DMart-Mumbai-3,Mumbai,Personal Care,Detergent,3,211,0.16,531.72,124.49,UPI
ORD07895,2023-06-29,6,June,26,DMart-Pune-3,Pune,Personal Care,Bread,4,245,0.16,823.2,140.22,Card
ORD07896,2023-12-21,12,December,51,DMart-Nagpur-2,Nagpur,Beverages,Juice,2,179,0.18,293.56,39.65,Card
ORD07897,2023-01-12,1,January,2,DMart-Thane-3,Thane,Household,Sugar,2,127,0.25,190.5,32.75,Wallet
ORD07898,2023-08-14,8,August,33,DMart-Nashik-2,Nashik,Household,Toothpaste,2,163,0.27,237.98,32.7,UPI
ORD07899,2023-02-16,2,February,7,DMart-Mumbai-3,Mumbai,Personal Care,Juice,5,49,0.3,171.5,47.72,UPI
ORD07900,2023-09-18,9,September,38,DMart-Pune-2,Pune,Beverages,Oil,5,331,0.14,1423.3,163.88,UPI
ORD07901,2023-01-12,1,January,2,DMart-Mumbai-2,Mumbai,Beverages,Soap,4,253,0.14,870.32,195.44,UPI
ORD07902,2023-05-10,5,May,19,DMart-Pune-1,Pune,Beverages,Wheat,2,321,0.16,539.28,95.26,Wallet
ORD07903,2023-03-17,3,March,11,DMart-Pune-1,Pune,Groceries,Soap,4,490,0.1,1764.0,401.95,UPI
ORD07904,2023-08-28,8,August,35,DMart-Pune-1,Pune,Beverages,Eggs,4,487,0.14,1675.28,385.37,Cash
ORD07905,2023-08-11,8,August,32,DMart-Nashik-1,Nashik,Household,Chips,5,202,0.04,969.6,185.01,Wallet
ORD07906,2023-07-02,7,July,26,DMart-Pune-3,Pune,Personal Care,Toothpaste,5,458,0.18,1877.8,558.71,Wallet
ORD07907,2023-04-23,4,April,16,DMart-Pune-3,Pune,Dairy,Rice,4,384,0.24,1167.36,235.86,Cash
ORD07908,2023-05-18,5,May,20,DMart-Nagpur-1,Nagpur,Dairy,Toothpaste,5,310,0.27,1131.5,273.99,Wallet
ORD07909,2023-07-29,7,July,30,DMart-Nagpur-1,Nagpur,Household,Oil,4,30,0.1,108.0,11.31,Cash
ORD07910,2023-02-20,2,February,8,DMart-Pune-2,Pune,Beverages,Biscuits,1,206,0.01,203.94,40.53,Cash
ORD07911,2023-10-15,10,October,41,DMart-Mumbai-2,Mumbai,Personal Care,Detergent,5,427,0.27,1558.55,274.66,Cash
ORD07912,2023-07-10,7,July,28,DMart-Thane-3,Thane,Household,Tissue,1,331,0.02,324.38,64.1,Wallet
ORD07913,2023-03-06,3,March,10,DMart-Nagpur-1,Nagpur,Groceries,Tea,1,441,0.23,339.57,46.6,UPI
ORD07914,2023-11-25,11,November,47,DMart-Pune-2,Pune,Beverages,Oil,4,408,0.05,1550.4,356.02,UPI
ORD07915,2023-01-31,1,January,5,DMart-Thane-1,Thane,Groceries,Water,1,211,0.24,160.36,19.13,Wallet
ORD07916,2023-08-02,8,August,31,DMart-Nashik-2,Nashik,Beverages,Rice,2,156,0.1,280.8,70.98,Wallet
ORD07917,2023-10-10,10,October,41,DMart-Thane-1,Thane,Groceries,Milk,3,329,0.22,769.86,145.89,Cash
ORD07918,2023-12-21,12,December,51,DMart-Nashik-2,Nashik,Dairy,Milk,4,108,0.22,336.96,40.8,Wallet
ORD07919,2023-05-07,5,May,18,DMart-Mumbai-2,Mumbai,Beverages,Milk,3,251,0.19,609.93,162.46,UPI
ORD07920,2023-05-03,5,May,18,DMart-Nashik-1,Nashik,Dairy,Wheat,3,460,0.16,1159.2,258.08,Cash
ORD07921,2023-06-16,6,June,24,DMart-Mumbai-3,Mumbai,Beverages,Juice,2,429,0.28,617.76,71.86,Cash
ORD07922,2023-01-30,1,January,5,DMart-Thane-3,Thane,Personal Care,Shampoo,1,127,0.25,95.25,10.88,Wallet
ORD07923,2023-08-21,8,August,34,DMart-Nashik-2,Nashik,Groceries,Rice,5,309,0.15,1313.25,271.72,UPI
ORD07924,2023-06-29,6,June,26,DMart-Mumbai-2,Mumbai,Beverages,Rice,3,174,0.11,464.58,104.01,Cash
ORD07925,2023-04-24,4,April,17,DMart-Nashik-3,Nashik,Dairy,Oil,3,203,0.28,438.48,82.72,Wallet
ORD07926,2023-04-09,4,April,14,DMart-Mumbai-1,Mumbai,Groceries,Shampoo,3,140,0.2,336.0,90.49,Card
ORD07927,2023-05-23,5,May,21,DMart-Nagpur-2,Nagpur,Personal Care,Rice,4,479,0.08,1762.72,441.11,Cash
ORD07928,2023-11-29,11,November,48,DMart-Pune-1,Pune,Personal Care,Tissue,2,374,0.2,598.4,130.13,Wallet
ORD07929,2023-10-08,10,October,40,DMart-Nashik-3,Nashik,Dairy,Oil,3,65,0.28,140.4,23.39,UPI
ORD07930,2023-11-12,11,November,45,DMart-Mumbai-3,Mumbai,Household,Toothpaste,1,352,0.24,267.52,51.82,Cash
ORD07931,2023-08-14,8,August,33,DMart-Pune-2,Pune,Beverages,Tissue,3,393,0.21,931.41,277.92,Card
ORD07932,2023-10-02,10,October,40,DMart-Nagpur-2,Nagpur,Groceries,Toothpaste,2,110,0.05,209.0,39.44,Wallet
ORD07933,2023-12-18,12,December,51,DMart-Nagpur-1,Nagpur,Dairy,Rice,5,69,0.01,341.55,63.09,Wallet
ORD07934,2023-03-06,3,March,10,DMart-Thane-3,Thane,Dairy,Chips,5,249,0.06,1170.3,292.84,Card
ORD07935,2023-05-11,5,May,19,DMart-Mumbai-1,Mumbai,Beverages,Shampoo,1,475,0.22,370.5,96.66,Wallet
ORD07936,2023-08-14,8,August,33,DMart-Mumbai-1,Mumbai,Beverages,Coffee,2,348,0.02,682.08,168.14,UPI
ORD07937,2023-01-08,1,January,1,DMart-Thane-3,Thane,Dairy,Juice,3,390,0.09,1064.7,149.04,Wallet
ORD07938,2023-02-22,2,February,8,DMart-Thane-3,Thane,Household,Rice,2,151,0.1,271.8,51.34,Card
ORD07939,2023-05-19,5,May,20,DMart-Pune-2,Pune,Dairy,Bread,2,255,0.1,459.0,65.25,Wallet
ORD07940,2023-03-06,3,March,10,DMart-Nashik-2,Nashik,Household,Toothpaste,5,234,0.19,947.7,277.9,UPI
ORD07941,2023-03-26,3,March,12,DMart-Mumbai-3,Mumbai,Beverages,Bread,2,454,0.1,817.2,86.01,Wallet
ORD07942,2023-08-17,8,August,33,DMart-Nagpur-3,Nagpur,Personal Care,Shampoo,5,347,0.0,1735.0,240.28,Card
ORD07943,2023-09-09,9,September,36,DMart-Nagpur-3,Nagpur,Dairy,Oil,4,495,0.28,1425.6,145.27,Wallet
ORD07944,2023-12-18,12,December,51,DMart-Nashik-2,Nashik,Beverages,Coffee,2,91,0.05,172.9,44.56,UPI
ORD07945,2023-01-24,1,January,4,DMart-Pune-2,Pune,Beverages,Wheat,2,26,0.06,48.88,11.36,UPI
ORD07946,2023-01-25,1,January,4,DMart-Nagpur-3,Nagpur,Dairy,Eggs,5,367,0.15,1559.75,355.81,Card
ORD07947,2023-07-10,7,July,28,DMart-Mumbai-2,Mumbai,Beverages,Eggs,1,447,0.25,335.25,37.17,Card
ORD07948,2023-12-06,12,December,49,DMart-Thane-1,Thane,Dairy,Juice,2,298,0.12,524.48,92.05,Card
ORD07949,2023-11-24,11,November,47,DMart-Thane-1,Thane,Personal Care,Eggs,3,466,0.16,1174.32,205.57,Card
ORD07950,2023-11-12,11,November,45,DMart-Pune-3,Pune,Household,Sugar,4,315,0.17,1045.8,249.89,Cash
ORD07951,2023-04-23,4,April,16,DMart-Thane-3,Thane,Beverages,Toothpaste,3,430,0.23,993.3,163.05,UPI
ORD07952,2023-11-02,11,November,44,DMart-Thane-1,Thane,Personal Care,Water,2,274,0.15,465.8,126.09,Card
ORD07953,2023-03-21,3,March,12,DMart-Thane-2,Thane,Dairy,Tissue,5,65,0.2,260.0,54.27,Wallet
ORD07954,2023-02-25,2,February,8,DMart-Mumbai-3,Mumbai,Personal Care,Water,2,224,0.07,416.64,109.45,Cash
ORD07955,2023-11-05,11,November,44,DMart-Nagpur-3,Nagpur,Groceries,Sugar,3,193,0.23,445.83,54.61,UPI
ORD07956,2023-06-01,6,June,22,DMart-Thane-2,Thane,Personal Care,Tea,3,22,0.21,52.14,15.5,Cash
ORD07957,2023-02-06,2,February,6,DMart-Nagpur-2,Nagpur,Groceries,Shampoo,4,466,0.11,1658.96,379.24,Wallet
ORD07958,2023-06-30,6,June,26,DMart-Nashik-1,Nashik,Dairy,Oil,4,495,0.15,1683.0,398.63,Card
ORD07959,2023-11-02,11,November,44,DMart-Nagpur-3,Nagpur,Personal Care,Rice,2,202,0.11,359.56,43.25,UPI
ORD07960,2023-05-14,5,May,19,DMart-Thane-2,Thane,Personal Care,Biscuits,5,104,0.06,488.8,70.49,Card
ORD07961,2023-08-05,8,August,31,DMart-Nashik-3,Nashik,Groceries,Chips,5,191,0.04,916.8,120.08,UPI
ORD07962,2023-01-27,1,January,4,DMart-Nagpur-2,Nagpur,Personal Care,Toothpaste,1,225,0.1,202.5,43.24,Wallet
ORD07963,2023-07-06,7,July,27,DMart-Thane-2,Thane,Groceries,Juice,3,105,0.18,258.3,73.12,UPI
ORD07964,2023-04-28,4,April,17,DMart-Thane-1,Thane,Beverages,Toothpaste,3,69,0.12,182.16,35.91,Wallet
ORD07965,2023-10-25,10,October,43,DMart-Nashik-2,Nashik,Household,Eggs,2,320,0.11,569.6,133.54,Cash
ORD07966,2023-05-27,5,May,21,DMart-Mumbai-3,Mumbai,Personal Care,Soap,3,129,0.2,309.6,71.34,Cash
ORD07967,2023-09-23,9,September,38,DMart-Thane-2,Thane,Groceries,Soap,1,409,0.22,319.02,56.84,Wallet
ORD07968,2023-08-18,8,August,33,DMart-Nashik-2,Nashik,Beverages,Shampoo,4,418,0.16,1404.48,417.66,Wallet
ORD07969,2023-04-13,4,April,15,DMart-Mumbai-2,Mumbai,Groceries,Milk,1,254,0.17,210.82,24.74,Wallet
ORD07970,2023-11-12,11,November,45,DMart-Mumbai-3,Mumbai,Beverages,Shampoo,1,448,0.21,353.92,74.22,Wallet
ORD07971,2023-11-05,11,November,44,DMart-Mumbai-2,Mumbai,Groceries,Coffee,4,278,0.21,878.48,97.84,Card
ORD07972,2023-04-27,4,April,17,DMart-Mumbai-2,Mumbai,Personal Care,Tissue,1,157,0.11,139.73,34.98,Cash
ORD07973,2023-10-26,10,October,43,DMart-Nashik-2,Nashik,Household,Toothpaste,3,293,0.21,694.41,178.95,Cash
ORD07974,2023-09-04,9,September,36,DMart-Nashik-3,Nashik,Dairy,Toothpaste,1,219,0.09,199.29,25.15,Wallet
ORD07975,2023-06-08,6,June,23,DMart-Nagpur-3,Nagpur,Beverages,Rice,1,203,0.05,192.85,51.48,Card
ORD07976,2023-09-14,9,September,37,DMart-Pune-1,Pune,Personal Care,Eggs,5,35,0.03,169.75,18.65,Card
ORD07977,2023-08-20,8,August,33,DMart-Mumbai-2,Mumbai,Dairy,Shampoo,1,485,0.17,402.55,85.87,Cash
ORD07978,2023-01-16,1,January,3,DMart-Nashik-2,Nashik,Household,Toothpaste,2,495,0.08,910.8,164.31,Cash
ORD07979,2023-03-19,3,March,11,DMart-Thane-2,Thane,Beverages,Tissue,5,152,0.18,623.2,152.82,Wallet
ORD07980,2023-04-02,4,April,13,DMart-Mumbai-1,Mumbai,Dairy,Water,3,71,0.01,210.87,42.68,Wallet
ORD07981,2023-08-12,8,August,32,DMart-Nashik-2,Nashik,Groceries,Tea,2,157,0.23,241.78,52.13,Wallet
ORD07982,2023-11-03,11,November,44,DMart-Nashik-2,Nashik,Dairy,Rice,3,184,0.21,436.08,47.63,Wallet
ORD07983,2023-05-19,5,May,20,DMart-Nashik-2,Nashik,Household,Milk,2,101,0.27,147.46,25.36,Card
ORD07984,2023-09-30,9,September,39,DMart-Thane-3,Thane,Personal Care,Detergent,5,223,0.21,880.85,101.95,Wallet
ORD07985,2023-05-25,5,May,21,DMart-Pune-2,Pune,Beverages,Detergent,2,58,0.02,113.68,14.75,Wallet
ORD07986,2023-01-18,1,January,3,DMart-Thane-3,Thane,Household,Biscuits,2,478,0.24,726.56,145.28,Wallet
ORD07987,2023-03-16,3,March,11,DMart-Thane-3,Thane,Dairy,Tea,3,135,0.04,388.8,69.31,UPI
ORD07988,2023-07-15,7,July,28,DMart-Nagpur-2,Nagpur,Groceries,Sugar,5,145,0.25,543.75,150.55,Cash
ORD07989,2023-12-29,12,December,52,DMart-Nagpur-3,Nagpur,Personal Care,Chips,4,72,0.05,273.6,73.18,Card
ORD07990,2023-09-12,9,September,37,DMart-Nashik-1,Nashik,Beverages,Biscuits,4,277,0.3,775.6,84.49,Cash
ORD07991,2023-10-19,10,October,42,DMart-Thane-1,Thane,Beverages,Juice,1,230,0.08,211.6,37.04,Card
ORD07992,2023-09-21,9,September,38,DMart-Mumbai-2,Mumbai,Household,Soap,3,465,0.12,1227.6,300.14,Wallet
ORD07993,2023-08-05,8,August,31,DMart-Nagpur-2,Nagpur,Beverages,Detergent,4,303,0.14,1042.32,308.44,Card
ORD07994,2023-04-29,4,April,17,DMart-Pune-1,Pune,Beverages,Milk,4,336,0.24,1021.44,170.8,UPI
ORD07995,2023-01-22,1,January,3,DMart-Thane-1,Thane,Personal Care,Soap,1,497,0.27,362.81,80.68,UPI
ORD07996,2023-03-06,3,March,10,DMart-Thane-3,Thane,Groceries,Water,5,146,0.29,518.3,148.08,Wallet
ORD07997,2023-02-27,2,February,9,DMart-Nashik-2,Nashik,Personal Care,Biscuits,3,470,0.04,1353.6,370.19,UPI
ORD07998,2023-07-21,7,July,29,DMart-Nagpur-2,Nagpur,Dairy,Tissue,5,250,0.0,1250.0,293.63,Cash
ORD07999,2023-08-28,8,August,35,DMart-Mumbai-1,Mumbai,Household,Sugar,3,241,0.17,600.09,165.66,Wallet
ORD08000,2023-05-26,5,May,21,DMart-Nagpur-1,Nagpur,Groceries,Water,2,373,0.01,738.54,110.98,Card
ORD08001,2023-06-04,6,June,22,DMart-Nagpur-1,Nagpur,Personal Care,Chips,4,182,0.12,640.64,92.39,UPI
ORD08002,2023-07-20,7,July,29,DMart-Mumbai-3,Mumbai,Household,Eggs,1,361,0.06,339.34,96.13,UPI
ORD08003,2023-04-01,4,April,13,DMart-Mumbai-2,Mumbai,Groceries,Eggs,3,483,0.3,1014.3,254.67,Cash
ORD08004,2023-04-29,4,April,17,DMart-Nashik-3,Nashik,Household,Coffee,5,403,0.17,1672.45,439.88,Cash
ORD08005,2023-06-04,6,June,22,DMart-Nashik-3,Nashik,Personal Care,Tissue,2,308,0.15,523.6,128.08,Cash
ORD08006,2023-03-31,3,March,13,DMart-Nashik-1,Nashik,Dairy,Soap,4,191,0.26,565.36,135.87,UPI
ORD08007,2023-09-11,9,September,37,DMart-Mumbai-3,Mumbai,Beverages,Coffee,1,325,0.02,318.5,43.23,UPI
ORD08008,2023-11-13,11,November,46,DMart-Thane-3,Thane,Groceries,Milk,2,54,0.06,101.52,19.17,Card
ORD08009,2023-06-14,6,June,24,DMart-Pune-3,Pune,Beverages,Coffee,1,385,0.21,304.15,64.01,Cash
ORD08010,2023-08-30,8,August,35,DMart-Pune-1,Pune,Household,Toothpaste,1,346,0.29,245.66,72.16,UPI
ORD08011,2023-10-03,10,October,40,DMart-Pune-2,Pune,Dairy,Milk,4,467,0.18,1531.76,282.62,UPI
ORD08012,2023-10-07,10,October,40,DMart-Mumbai-1,Mumbai,Personal Care,Milk,2,307,0.02,601.72,88.88,Cash
ORD08013,2023-12-17,12,December,50,DMart-Nagpur-1,Nagpur,Dairy,Eggs,2,307,0.26,454.36,66.81,Wallet
ORD08014,2023-04-12,4,April,15,DMart-Nagpur-1,Nagpur,Groceries,Water,1,173,0.09,157.43,31.45,Cash
ORD08015,2023-11-07,11,November,45,DMart-Thane-3,Thane,Beverages,Toothpaste,4,475,0.02,1862.0,523.67,Card
ORD08016,2023-10-02,10,October,40,DMart-Thane-1,Thane,Household,Oil,1,76,0.0,76.0,13.65,Card
ORD08017,2023-12-05,12,December,49,DMart-Thane-3,Thane,Household,Milk,2,114,0.29,161.88,23.83,Wallet
ORD08018,2023-09-16,9,September,37,DMart-Mumbai-1,Mumbai,Household,Chips,2,317,0.2,507.2,116.61,Cash
ORD08019,2023-01-20,1,January,3,DMart-Mumbai-1,Mumbai,Household,Tissue,5,426,0.22,1661.4,191.08,Wallet
ORD08020,2023-03-23,3,March,12,DMart-Nashik-2,Nashik,Dairy,Soap,2,392,0.2,627.2,174.98,Wallet
ORD08021,2023-06-03,6,June,22,DMart-Nashik-1,Nashik,Household,Tea,1,141,0.02,138.18,31.09,Card
ORD08022,2023-05-17,5,May,20,DMart-Pune-2,Pune,Groceries,Oil,5,280,0.06,1316.0,212.41,Card
ORD08023,2023-03-19,3,March,11,DMart-Nashik-1,Nashik,Dairy,Chips,3,268,0.04,771.84,118.36,Card
ORD08024,2023-02-17,2,February,7,DMart-Nagpur-2,Nagpur,Household,Coffee,5,189,0.08,869.4,169.63,Cash
ORD08025,2023-03-21,3,March,12,DMart-Mumbai-2,Mumbai,Household,Eggs,5,86,0.21,339.7,77.46,Cash
ORD08026,2023-11-05,11,November,44,DMart-Mumbai-1,Mumbai,Beverages,Sugar,1,244,0.19,197.64,54.0,Card
ORD08027,2023-11-25,11,November,47,DMart-Nashik-3,Nashik,Household,Soap,5,247,0.22,963.3,252.41,UPI
ORD08028,2023-06-08,6,June,23,DMart-Pune-3,Pune,Groceries,Sugar,2,362,0.27,528.52,84.65,Cash
ORD08029,2023-06-14,6,June,24,DMart-Mumbai-3,Mumbai,Dairy,Water,1,74,0.29,52.54,9.21,Wallet
ORD08030,2023-10-14,10,October,41,DMart-Nashik-1,Nashik,Beverages,Toothpaste,1,478,0.3,334.6,70.14,Wallet
ORD08031,2023-08-10,8,August,32,DMart-Nagpur-1,Nagpur,Household,Tissue,1,232,0.22,180.96,35.07,Wallet
ORD08032,2023-12-26,12,December,52,DMart-Pune-2,Pune,Household,Bread,2,233,0.23,358.82,98.23,UPI
ORD08033,2023-10-28,10,October,43,DMart-Mumbai-2,Mumbai,Beverages,Coffee,5,426,0.2,1704.0,200.43,Card
ORD08034,2023-02-02,2,February,5,DMart-Thane-2,Thane,Groceries,Wheat,2,289,0.11,514.42,146.19,UPI
ORD08035,2023-04-19,4,April,16,DMart-Nagpur-3,Nagpur,Personal Care,Wheat,1,196,0.03,190.12,37.22,UPI
ORD08036,2023-06-16,6,June,24,DMart-Nagpur-3,Nagpur,Beverages,Oil,2,474,0.28,682.56,176.66,Cash
ORD08037,2023-01-22,1,January,3,DMart-Pune-3,Pune,Household,Toothpaste,4,485,0.3,1358.0,142.49,Card
ORD08038,2023-08-03,8,August,31,DMart-Thane-2,Thane,Beverages,Rice,1,451,0.16,378.84,60.66,Card
ORD08039,2023-12-03,12,December,48,DMart-Nashik-1,Nashik,Personal Care,Sugar,1,403,0.29,286.13,43.45,Cash
ORD08040,2023-05-25,5,May,21,DMart-Nagpur-2,Nagpur,Dairy,Coffee,1,449,0.28,323.28,66.19,Wallet
ORD08041,2023-06-19,6,June,25,DMart-Nagpur-3,Nagpur,Personal Care,Milk,2,134,0.05,254.6,69.85,Card
ORD08042,2023-06-01,6,June,22,DMart-Mumbai-1,Mumbai,Dairy,Oil,2,138,0.1,248.4,52.26,UPI
ORD08043,2023-12-16,12,December,50,DMart-Mumbai-1,Mumbai,Groceries,Sugar,4,130,0.23,400.4,78.21,UPI
ORD08044,2023-05-03,5,May,18,DMart-Nashik-2,Nashik,Beverages,Eggs,2,297,0.06,558.36,92.76,Cash
ORD08045,2023-08-12,8,August,32,DMart-Nashik-1,Nashik,Personal Care,Bread,1,178,0.23,137.06,35.95,Card
ORD08046,2023-08-31,8,August,35,DMart-Nagpur-1,Nagpur,Household,Wheat,5,500,0.06,2350.0,313.66,Cash
ORD08047,2023-05-16,5,May,20,DMart-Pune-2,Pune,Personal Care,Oil,3,71,0.07,198.09,33.35,UPI
ORD08048,2023-06-05,6,June,23,DMart-Pune-3,Pune,Household,Oil,2,313,0.26,463.24,74.8,Card
ORD08049,2023-08-20,8,August,33,DMart-Pune-1,Pune,Personal Care,Toothpaste,3,340,0.23,785.4,115.08,Cash
ORD08050,2023-05-20,5,May,20,DMart-Nashik-3,Nashik,Dairy,Rice,1,481,0.21,379.99,88.54,Card
ORD08051,2023-10-08,10,October,40,DMart-Pune-3,Pune,Household,Sugar,3,80,0.21,189.6,38.43,UPI
ORD08052,2023-06-25,6,June,25,DMart-Nashik-2,Nashik,Personal Care,Rice,5,84,0.04,403.2,69.4,Cash
ORD08053,2023-11-02,11,November,44,DMart-Pune-2,Pune,Household,Shampoo,5,52,0.2,208.0,56.26,UPI
ORD08054,2023-08-15,8,August,33,DMart-Nashik-2,Nashik,Dairy,Eggs,1,129,0.05,122.55,32.21,UPI
ORD08055,2023-12-23,12,December,51,DMart-Nagpur-3,Nagpur,Personal Care,Detergent,3,399,0.1,1077.3,194.56,Card
ORD08056,2023-12-03,12,December,48,DMart-Mumbai-1,Mumbai,Dairy,Wheat,2,476,0.0,952.0,216.77,Card
ORD08057,2023-04-08,4,April,14,DMart-Thane-2,Thane,Beverages,Tissue,4,406,0.3,1136.8,299.39,UPI
ORD08058,2023-08-19,8,August,33,DMart-Pune-2,Pune,Groceries,Biscuits,2,128,0.3,179.2,45.8,Wallet
ORD08059,2023-06-16,6,June,24,DMart-Mumbai-2,Mumbai,Household,Sugar,3,116,0.28,250.56,72.07,Card
ORD08060,2023-08-11,8,August,32,DMart-Thane-3,Thane,Dairy,Oil,1,42,0.23,32.34,4.95,Wallet
ORD08061,2023-10-29,10,October,43,DMart-Nagpur-2,Nagpur,Dairy,Detergent,1,160,0.0,160.0,30.39,Cash
ORD08062,2023-12-18,12,December,51,DMart-Thane-3,Thane,Groceries,Juice,1,71,0.17,58.93,14.44,UPI
ORD08063,2023-02-26,2,February,8,DMart-Pune-1,Pune,Dairy,Tea,5,178,0.23,685.3,145.95,UPI
ORD08064,2023-02-18,2,February,7,DMart-Nagpur-2,Nagpur,Beverages,Biscuits,2,133,0.27,194.18,43.37,Card
ORD08065,2023-04-14,4,April,15,DMart-Nashik-2,Nashik,Personal Care,Oil,2,187,0.26,276.76,82.16,Wallet
ORD08066,2023-02-21,2,February,8,DMart-Thane-2,Thane,Dairy,Bread,1,150,0.28,108.0,30.19,Cash
ORD08067,2023-01-17,1,January,3,DMart-Pune-3,Pune,Beverages,Milk,2,313,0.15,532.1,142.51,Cash
ORD08068,2023-09-30,9,September,39,DMart-Nagpur-2,Nagpur,Beverages,Soap,1,39,0.05,37.05,4.78,Card
ORD08069,2023-01-07,1,January,1,DMart-Thane-3,Thane,Household,Detergent,3,271,0.2,650.4,128.55,Card
ORD08070,2023-03-11,3,March,10,DMart-Thane-3,Thane,Beverages,Soap,5,61,0.29,216.55,50.83,UPI
ORD08071,2023-08-11,8,August,32,DMart-Nagpur-3,Nagpur,Dairy,Toothpaste,3,76,0.18,186.96,23.91,Card
ORD08072,2023-02-07,2,February,6,DMart-Nagpur-2,Nagpur,Dairy,Water,3,476,0.28,1028.16,161.52,UPI
ORD08073,2023-09-06,9,September,36,DMart-Nashik-2,Nashik,Household,Juice,2,422,0.19,683.64,160.21,UPI
ORD08074,2023-01-03,1,January,1,DMart-Pune-3,Pune,Beverages,Biscuits,1,444,0.26,328.56,96.93,Wallet
ORD08075,2023-01-03,1,January,1,DMart-Mumbai-1,Mumbai,Beverages,Shampoo,2,464,0.23,714.56,177.18,Card
ORD08076,2023-04-23,4,April,16,DMart-Thane-1,Thane,Household,Shampoo,5,159,0.03,771.15,132.89,UPI
ORD08077,2023-12-20,12,December,51,DMart-Thane-2,Thane,Household,Water,3,260,0.09,709.8,102.28,Wallet
ORD08078,2023-04-16,4,April,15,DMart-Pune-1,Pune,Beverages,Oil,1,342,0.04,328.32,72.84,Cash
ORD08079,2023-01-26,1,January,4,DMart-Mumbai-2,Mumbai,Groceries,Tissue,1,424,0.07,394.32,87.32,Cash
ORD08080,2023-11-26,11,November,47,DMart-Nagpur-2,Nagpur,Groceries,Toothpaste,3,271,0.11,723.57,213.36,Wallet
ORD08081,2023-03-28,3,March,13,DMart-Thane-3,Thane,Personal Care,Sugar,2,484,0.08,890.56,179.17,Card
ORD08082,2023-04-30,4,April,17,DMart-Nashik-1,Nashik,Beverages,Wheat,3,129,0.29,274.77,41.81,Wallet
ORD08083,2023-06-22,6,June,25,DMart-Nagpur-3,Nagpur,Groceries,Biscuits,5,425,0.04,2040.0,569.34,UPI
ORD08084,2023-09-28,9,September,39,DMart-Nagpur-2,Nagpur,Household,Tissue,4,69,0.02,270.48,39.65,Cash
ORD08085,2023-10-25,10,October,43,DMart-Nashik-2,Nashik,Household,Chips,1,294,0.15,249.9,36.27,UPI
ORD08086,2023-09-06,9,September,36,DMart-Mumbai-3,Mumbai,Beverages,Oil,2,214,0.11,380.92,64.24,Card
ORD08087,2023-08-11,8,August,32,DMart-Pune-1,Pune,Personal Care,Detergent,5,129,0.14,554.7,75.13,UPI
ORD08088,2023-04-13,4,April,15,DMart-Mumbai-1,Mumbai,Dairy,Detergent,2,411,0.24,624.72,78.32,Card
ORD08089,2023-11-09,11,November,45,DMart-Pune-2,Pune,Dairy,Shampoo,2,468,0.15,795.6,233.43,Cash
ORD08090,2023-03-23,3,March,12,DMart-Pune-2,Pune,Beverages,Water,5,195,0.1,877.5,196.05,Card
ORD08091,2023-10-14,10,October,41,DMart-Mumbai-2,Mumbai,Dairy,Wheat,2,140,0.03,271.6,28.74,Card
ORD08092,2023-11-28,11,November,48,DMart-Thane-2,Thane,Household,Shampoo,1,393,0.26,290.82,48.03,Cash
ORD08093,2023-05-10,5,May,19,DMart-Thane-2,Thane,Household,Soap,2,287,0.15,487.9,70.79,Card
ORD08094,2023-10-24,10,October,43,DMart-Mumbai-2,Mumbai,Household,Wheat,3,313,0.21,741.81,115.73,Cash
ORD08095,2023-04-14,4,April,15,DMart-Mumbai-2,Mumbai,Beverages,Milk,1,408,0.13,354.96,46.13,Card
ORD08096,2023-07-29,7,July,30,DMart-Nashik-1,Nashik,Dairy,Oil,3,130,0.08,358.8,67.3,UPI
ORD08097,2023-08-30,8,August,35,DMart-Nashik-2,Nashik,Dairy,Wheat,3,461,0.1,1244.7,210.88,Wallet
ORD08098,2023-04-08,4,April,14,DMart-Thane-2,Thane,Household,Toothpaste,3,81,0.03,235.71,63.87,Card
ORD08099,2023-08-26,8,August,34,DMart-Pune-2,Pune,Groceries,Tea,1,305,0.23,234.85,44.63,UPI
ORD08100,2023-03-15,3,March,11,DMart-Nagpur-3,Nagpur,Household,Eggs,4,450,0.13,1566.0,269.55,Card
ORD08101,2023-12-26,12,December,52,DMart-Nashik-2,Nashik,Beverages,Oil,5,74,0.0,370.0,74.92,UPI
ORD08102,2023-08-18,8,August,33,DMart-Pune-3,Pune,Beverages,Shampoo,4,356,0.08,1310.08,228.78,UPI
ORD08103,2023-07-10,7,July,28,DMart-Thane-3,Thane,Personal Care,Rice,2,239,0.07,444.54,86.69,UPI
ORD08104,2023-08-01,8,August,31,DMart-Mumbai-2,Mumbai,Dairy,Toothpaste,2,211,0.15,358.7,43.92,Card
ORD08105,2023-07-21,7,July,29,DMart-Thane-1,Thane,Groceries,Soap,1,275,0.2,220.0,60.01,Card
ORD08106,2023-09-29,9,September,39,DMart-Nagpur-3,Nagpur,Groceries,Eggs,2,151,0.24,229.52,57.43,Wallet
ORD08107,2023-04-22,4,April,16,DMart-Thane-3,Thane,Dairy,Milk,1,53,0.05,50.35,9.1,Card
ORD08108,2023-09-12,9,September,37,DMart-Nagpur-1,Nagpur,Personal Care,Toothpaste,3,155,0.19,376.65,52.74,Wallet
ORD08109,2023-04-27,4,April,17,DMart-Pune-2,Pune,Dairy,Chips,4,70,0.0,280.0,57.14,Cash
ORD08110,2023-03-27,3,March,13,DMart-Pune-1,Pune,Household,Detergent,3,253,0.24,576.84,58.12,UPI
ORD08111,2023-05-17,5,May,20,DMart-Pune-1,Pune,Beverages,Water,5,263,0.29,933.65,130.03,Card
ORD08112,2023-07-19,7,July,29,DMart-Nashik-1,Nashik,Groceries,Bread,3,399,0.09,1089.27,141.51,Wallet
ORD08113,2023-03-10,3,March,10,DMart-Thane-1,Thane,Personal Care,Juice,1,452,0.3,316.4,64.9,UPI
ORD08114,2023-07-29,7,July,30,DMart-Mumbai-2,Mumbai,Groceries,Coffee,2,65,0.13,113.1,12.79,Wallet
ORD08115,2023-07-18,7,July,29,DMart-Thane-2,Thane,Dairy,Tea,2,115,0.03,223.1,53.63,Wallet
ORD08116,2023-11-29,11,November,48,DMart-Pune-2,Pune,Beverages,Tea,3,321,0.25,722.25,81.9,Wallet
ORD08117,2023-09-03,9,September,35,DMart-Pune-1,Pune,Groceries,Bread,3,413,0.1,1115.1,161.82,Wallet
ORD08118,2023-07-18,7,July,29,DMart-Mumbai-3,Mumbai,Household,Tea,4,71,0.04,272.64,52.36,Card
ORD08119,2023-05-06,5,May,18,DMart-Nagpur-2,Nagpur,Groceries,Juice,4,405,0.07,1506.6,162.29,UPI
ORD08120,2023-04-17,4,April,16,DMart-Nashik-1,Nashik,Household,Eggs,1,317,0.15,269.45,53.9,UPI
ORD08121,2023-12-07,12,December,49,DMart-Nagpur-3,Nagpur,Personal Care,Biscuits,5,133,0.05,631.75,72.56,Wallet
ORD08122,2023-10-11,10,October,41,DMart-Thane-1,Thane,Personal Care,Oil,4,92,0.2,294.4,86.41,Wallet
ORD08123,2023-08-13,8,August,32,DMart-Nashik-2,Nashik,Beverages,Soap,1,398,0.29,282.58,30.96,Wallet
ORD08124,2023-04-19,4,April,16,DMart-Mumbai-1,Mumbai,Beverages,Toothpaste,4,419,0.16,1407.84,237.41,Cash
ORD08125,2023-11-14,11,November,46,DMart-Nashik-1,Nashik,Personal Care,Toothpaste,3,335,0.14,864.3,217.39,UPI
ORD08126,2023-10-27,10,October,43,DMart-Nashik-2,Nashik,Personal Care,Soap,1,417,0.12,366.96,99.45,UPI
ORD08127,2023-12-26,12,December,52,DMart-Thane-1,Thane,Household,Wheat,5,247,0.28,889.2,245.26,Wallet
ORD08128,2023-10-04,10,October,40,DMart-Nagpur-2,Nagpur,Dairy,Water,4,351,0.23,1081.08,269.08,Wallet
ORD08129,2023-04-29,4,April,17,DMart-Nagpur-1,Nagpur,Personal Care,Water,3,137,0.04,394.56,76.95,Cash
ORD08130,2023-01-10,1,January,2,DMart-Nagpur-3,Nagpur,Beverages,Tea,1,208,0.08,191.36,19.48,Card
ORD08131,2023-02-28,2,February,9,DMart-Mumbai-2,Mumbai,Household,Eggs,5,138,0.18,565.8,62.34,Wallet
ORD08132,2023-06-12,6,June,24,DMart-Nashik-3,Nashik,Household,Milk,2,350,0.0,700.0,183.48,Wallet
ORD08133,2023-11-02,11,November,44,DMart-Thane-3,Thane,Personal Care,Rice,5,267,0.21,1054.65,211.46,Wallet
ORD08134,2023-03-05,3,March,9,DMart-Nagpur-1,Nagpur,Dairy,Detergent,4,211,0.22,658.32,74.87,Card
ORD08135,2023-01-21,1,January,3,DMart-Nagpur-3,Nagpur,Household,Bread,1,348,0.04,334.08,92.89,Cash
ORD08136,2023-03-16,3,March,11,DMart-Nagpur-1,Nagpur,Dairy,Bread,3,367,0.09,1001.91,268.7,Cash
ORD08137,2023-12-23,12,December,51,DMart-Nagpur-3,Nagpur,Beverages,Juice,4,67,0.22,209.04,55.5,Wallet
ORD08138,2023-07-23,7,July,29,DMart-Nashik-2,Nashik,Dairy,Juice,4,454,0.11,1616.24,476.31,Cash
ORD08139,2023-06-02,6,June,22,DMart-Thane-1,Thane,Household,Eggs,5,435,0.06,2044.5,285.05,UPI
ORD08140,2023-04-12,4,April,15,DMart-Mumbai-3,Mumbai,Beverages,Detergent,5,32,0.18,131.2,31.8,Wallet
ORD08141,2023-11-03,11,November,44,DMart-Nagpur-2,Nagpur,Personal Care,Sugar,3,227,0.18,558.42,118.14,Wallet
ORD08142,2023-06-01,6,June,22,DMart-Pune-2,Pune,Personal Care,Bread,3,127,0.18,312.42,65.79,Cash
ORD08143,2023-12-14,12,December,50,DMart-Mumbai-1,Mumbai,Groceries,Tea,3,389,0.09,1061.97,205.7,UPI
ORD08144,2023-08-10,8,August,32,DMart-Nagpur-1,Nagpur,Personal Care,Shampoo,3,372,0.25,837.0,107.42,Wallet
ORD08145,2023-11-01,11,November,44,DMart-Mumbai-2,Mumbai,Personal Care,Shampoo,5,76,0.19,307.8,82.55,Wallet
ORD08146,2023-07-29,7,July,30,DMart-Thane-3,Thane,Groceries,Tissue,2,270,0.28,388.8,94.47,Cash
ORD08147,2023-01-15,1,January,2,DMart-Thane-2,Thane,Personal Care,Sugar,4,311,0.15,1057.4,190.7,Cash
ORD08148,2023-01-27,1,January,4,DMart-Thane-3,Thane,Dairy,Bread,1,27,0.2,21.6,6.13,Wallet
ORD08149,2023-06-07,6,June,23,DMart-Pune-3,Pune,Dairy,Milk,2,281,0.04,539.52,80.74,UPI
ORD08150,2023-03-14,3,March,11,DMart-Pune-3,Pune,Household,Rice,1,179,0.05,170.05,50.75,Wallet
ORD08151,2023-04-06,4,April,14,DMart-Nashik-2,Nashik,Dairy,Oil,1,399,0.05,379.05,65.28,Cash
ORD08152,2023-10-23,10,October,43,DMart-Pune-3,Pune,Groceries,Shampoo,2,60,0.18,98.4,25.33,Card
ORD08153,2023-06-28,6,June,26,DMart-Nagpur-1,Nagpur,Beverages,Bread,3,375,0.03,1091.25,206.17,Card
ORD08154,2023-08-01,8,August,31,DMart-Pune-3,Pune,Dairy,Tissue,3,235,0.27,514.65,113.43,Cash
ORD08155,2023-11-03,11,November,44,DMart-Nagpur-2,Nagpur,Personal Care,Bread,5,95,0.29,337.25,75.27,Card
ORD08156,2023-12-13,12,December,50,DMart-Pune-2,Pune,Dairy,Coffee,2,50,0.22,78.0,21.83,UPI
ORD08157,2023-01-06,1,January,1,DMart-Nagpur-3,Nagpur,Groceries,Water,2,173,0.25,259.5,35.15,Card
ORD08158,2023-09-28,9,September,39,DMart-Mumbai-1,Mumbai,Personal Care,Toothpaste,5,40,0.21,158.0,34.22,Wallet
ORD08159,2023-11-03,11,November,44,DMart-Nashik-2,Nashik,Groceries,Tissue,5,302,0.04,1449.6,209.62,Wallet
ORD08160,2023-02-06,2,February,6,DMart-Thane-2,Thane,Beverages,Wheat,5,175,0.01,866.25,172.37,Cash
ORD08161,2023-04-25,4,April,17,DMart-Nashik-3,Nashik,Beverages,Juice,5,237,0.3,829.5,184.88,Wallet
ORD08162,2023-12-30,12,December,52,DMart-Mumbai-1,Mumbai,Household,Tissue,5,259,0.1,1165.5,242.17,UPI
ORD08163,2023-11-03,11,November,44,DMart-Thane-1,Thane,Dairy,Oil,4,349,0.25,1047.0,282.12,Cash
ORD08164,2023-06-22,6,June,25,DMart-Thane-3,Thane,Household,Eggs,4,400,0.1,1440.0,165.85,Card
ORD08165,2023-04-19,4,April,16,DMart-Mumbai-1,Mumbai,Dairy,Shampoo,5,448,0.14,1926.4,439.75,UPI
ORD08166,2023-10-19,10,October,42,DMart-Nashik-2,Nashik,Personal Care,Tea,2,123,0.3,172.2,34.92,Cash
ORD08167,2023-05-10,5,May,19,DMart-Nashik-3,Nashik,Beverages,Sugar,2,361,0.05,685.9,158.16,Wallet
ORD08168,2023-12-18,12,December,51,DMart-Mumbai-3,Mumbai,Beverages,Toothpaste,1,83,0.26,61.42,9.39,UPI
ORD08169,2023-03-14,3,March,11,DMart-Nagpur-1,Nagpur,Groceries,Rice,5,477,0.12,2098.8,362.79,UPI
ORD08170,2023-12-23,12,December,51,DMart-Thane-1,Thane,Dairy,Eggs,5,152,0.15,646.0,132.29,UPI
ORD08171,2023-06-02,6,June,22,DMart-Nagpur-1,Nagpur,Groceries,Bread,3,52,0.14,134.16,30.72,Wallet
ORD08172,2023-06-11,6,June,23,DMart-Pune-2,Pune,Dairy,Coffee,3,106,0.02,311.64,75.31,Cash
ORD08173,2023-06-20,6,June,25,DMart-Pune-2,Pune,Groceries,Juice,2,253,0.27,369.38,43.31,UPI
ORD08174,2023-03-18,3,March,11,DMart-Nagpur-2,Nagpur,Household,Oil,5,254,0.3,889.0,116.25,Wallet
ORD08175,2023-02-28,2,February,9,DMart-Pune-1,Pune,Beverages,Tea,2,44,0.1,79.2,18.0,Cash
ORD08176,2023-01-21,1,January,3,DMart-Mumbai-3,Mumbai,Personal Care,Chips,3,286,0.03,832.26,225.68,Wallet
ORD08177,2023-04-18,4,April,16,DMart-Nashik-1,Nashik,Groceries,Shampoo,5,220,0.26,814.0,228.76,Card
ORD08178,2023-05-15,5,May,20,DMart-Thane-3,Thane,Dairy,Oil,2,416,0.12,732.16,101.61,Cash
ORD08179,2023-12-09,12,December,49,DMart-Thane-2,Thane,Beverages,Oil,1,495,0.29,351.45,104.95,UPI
ORD08180,2023-03-09,3,March,10,DMart-Nashik-1,Nashik,Dairy,Detergent,5,42,0.04,201.6,25.99,UPI
ORD08181,2023-04-16,4,April,15,DMart-Pune-1,Pune,Groceries,Tea,3,149,0.25,335.25,80.47,Wallet
ORD08182,2023-01-09,1,January,2,DMart-Mumbai-3,Mumbai,Dairy,Coffee,3,337,0.06,950.34,101.66,Wallet
ORD08183,2023-04-07,4,April,14,DMart-Mumbai-2,Mumbai,Beverages,Shampoo,2,83,0.18,136.12,23.66,Wallet
ORD08184,2023-12-12,12,December,50,DMart-Nagpur-2,Nagpur,Household,Milk,3,394,0.1,1063.8,221.86,UPI
ORD08185,2023-03-03,3,March,9,DMart-Pune-1,Pune,Groceries,Water,2,350,0.15,595.0,120.56,Card
ORD08186,2023-10-01,10,October,39,DMart-Nashik-3,Nashik,Personal Care,Tea,3,418,0.23,965.58,172.26,Cash
ORD08187,2023-03-10,3,March,10,DMart-Pune-3,Pune,Groceries,Detergent,4,498,0.19,1613.52,432.26,Card
ORD08188,2023-03-22,3,March,12,DMart-Mumbai-2,Mumbai,Groceries,Oil,5,38,0.24,144.4,24.0,Wallet
ORD08189,2023-02-26,2,February,8,DMart-Thane-2,Thane,Personal Care,Chips,4,434,0.15,1475.6,359.19,Card
ORD08190,2023-11-11,11,November,45,DMart-Nashik-2,Nashik,Groceries,Tea,3,128,0.02,376.32,46.17,UPI
ORD08191,2023-11-08,11,November,45,DMart-Mumbai-3,Mumbai,Household,Milk,5,370,0.02,1813.0,184.41,UPI
ORD08192,2023-10-10,10,October,41,DMart-Thane-3,Thane,Dairy,Chips,4,149,0.19,482.76,86.93,Card
ORD08193,2023-05-29,5,May,22,DMart-Nagpur-3,Nagpur,Groceries,Biscuits,5,432,0.1,1944.0,320.02,Card
ORD08194,2023-11-04,11,November,44,DMart-Thane-1,Thane,Groceries,Detergent,5,218,0.01,1079.1,173.93,Wallet
ORD08195,2023-09-21,9,September,38,DMart-Thane-2,Thane,Household,Detergent,5,330,0.18,1353.0,213.39,Card
ORD08196,2023-05-24,5,May,21,DMart-Nashik-1,Nashik,Personal Care,Rice,2,39,0.25,58.5,10.39,Cash
ORD08197,2023-10-20,10,October,42,DMart-Mumbai-3,Mumbai,Household,Biscuits,1,177,0.11,157.53,37.16,Cash
ORD08198,2023-10-17,10,October,42,DMart-Nashik-1,Nashik,Household,Detergent,1,336,0.05,319.2,90.32,Wallet
ORD08199,2023-08-27,8,August,34,DMart-Nashik-3,Nashik,Dairy,Coffee,5,46,0.3,161.0,44.95,Cash
ORD08200,2023-06-18,6,June,24,DMart-Nagpur-1,Nagpur,Groceries,Soap,5,103,0.07,478.95,67.7,Wallet
ORD08201,2023-08-18,8,August,33,DMart-Pune-3,Pune,Beverages,Wheat,5,92,0.15,391.0,84.32,UPI
ORD08202,2023-10-04,10,October,40,DMart-Nagpur-2,Nagpur,Groceries,Toothpaste,2,381,0.29,541.02,144.8,Cash
ORD08203,2023-04-25,4,April,17,DMart-Nagpur-3,Nagpur,Beverages,Milk,2,132,0.04,253.44,60.97,Card
ORD08204,2023-11-27,11,November,48,DMart-Pune-2,Pune,Beverages,Rice,1,408,0.13,354.96,47.76,UPI
ORD08205,2023-03-12,3,March,10,DMart-Nashik-1,Nashik,Dairy,Oil,1,363,0.02,355.74,88.54,Card
ORD08206,2023-06-04,6,June,22,DMart-Mumbai-3,Mumbai,Beverages,Shampoo,5,351,0.24,1333.8,226.89,Card
ORD08207,2023-07-28,7,July,30,DMart-Mumbai-2,Mumbai,Groceries,Sugar,1,367,0.12,322.96,86.03,Cash
ORD08208,2023-09-11,9,September,37,DMart-Nashik-2,Nashik,Dairy,Oil,4,475,0.15,1615.0,380.61,Wallet
ORD08209,2023-04-29,4,April,17,DMart-Pune-2,Pune,Household,Rice,3,344,0.3,722.4,86.01,Wallet
ORD08210,2023-01-06,1,January,1,DMart-Mumbai-1,Mumbai,Dairy,Tea,4,463,0.05,1759.4,196.0,UPI
ORD08211,2023-11-22,11,November,47,DMart-Mumbai-2,Mumbai,Beverages,Bread,3,24,0.09,65.52,18.66,UPI
ORD08212,2023-02-08,2,February,6,DMart-Thane-2,Thane,Household,Tea,4,195,0.3,546.0,131.88,UPI
ORD08213,2023-12-02,12,December,48,DMart-Nashik-2,Nashik,Dairy,Toothpaste,1,224,0.08,206.08,34.5,Cash
ORD08214,2023-02-13,2,February,7,DMart-Mumbai-3,Mumbai,Household,Bread,3,28,0.07,78.12,9.11,Wallet
ORD08215,2023-10-02,10,October,40,DMart-Nagpur-1,Nagpur,Personal Care,Juice,4,254,0.11,904.24,159.76,UPI
ORD08216,2023-07-15,7,July,28,DMart-Nagpur-3,Nagpur,Dairy,Soap,2,410,0.01,811.8,173.5,Cash
ORD08217,2023-07-28,7,July,30,DMart-Thane-1,Thane,Beverages,Detergent,1,117,0.28,84.24,18.24,Cash
ORD08218,2023-12-19,12,December,51,DMart-Nagpur-1,Nagpur,Personal Care,Detergent,1,436,0.02,427.28,107.35,Cash
ORD08219,2023-09-21,9,September,38,DMart-Pune-1,Pune,Groceries,Coffee,2,421,0.15,715.7,171.4,UPI
ORD08220,2023-05-17,5,May,20,DMart-Thane-3,Thane,Personal Care,Water,2,295,0.02,578.2,93.07,Wallet
ORD08221,2023-05-24,5,May,21,DMart-Thane-3,Thane,Beverages,Bread,1,415,0.16,348.6,91.31,UPI
ORD08222,2023-05-02,5,May,18,DMart-Thane-1,Thane,Beverages,Milk,2,343,0.19,555.66,101.23,Wallet
ORD08223,2023-11-17,11,November,46,DMart-Pune-1,Pune,Personal Care,Toothpaste,4,367,0.06,1379.92,399.94,Wallet
ORD08224,2023-03-22,3,March,12,DMart-Mumbai-2,Mumbai,Household,Shampoo,2,385,0.19,623.7,83.04,UPI
ORD08225,2023-04-29,4,April,17,DMart-Thane-2,Thane,Beverages,Milk,4,22,0.02,86.24,17.54,Card
ORD08226,2023-07-26,7,July,30,DMart-Nashik-3,Nashik,Beverages,Rice,5,222,0.26,821.4,231.83,Wallet
ORD08227,2023-05-10,5,May,19,DMart-Thane-1,Thane,Groceries,Biscuits,3,493,0.23,1138.83,273.85,Card
ORD08228,2023-12-08,12,December,49,DMart-Nagpur-1,Nagpur,Dairy,Detergent,1,215,0.29,152.65,41.4,Cash
ORD08229,2023-04-13,4,April,15,DMart-Mumbai-3,Mumbai,Dairy,Shampoo,5,341,0.21,1346.95,337.27,Card
ORD08230,2023-10-14,10,October,41,DMart-Nagpur-2,Nagpur,Dairy,Wheat,4,183,0.05,695.4,81.14,Card
ORD08231,2023-09-01,9,September,35,DMart-Pune-2,Pune,Groceries,Juice,3,173,0.01,513.81,81.93,Cash
ORD08232,2023-05-28,5,May,21,DMart-Nashik-2,Nashik,Personal Care,Milk,4,181,0.04,695.04,128.22,Wallet
ORD08233,2023-01-29,1,January,4,DMart-Mumbai-1,Mumbai,Personal Care,Shampoo,2,172,0.0,344.0,94.85,Wallet
ORD08234,2023-03-24,3,March,12,DMart-Thane-3,Thane,Personal Care,Toothpaste,4,480,0.28,1382.4,245.23,Cash
ORD08235,2023-07-02,7,July,26,DMart-Nashik-1,Nashik,Groceries,Eggs,2,450,0.19,729.0,175.42,UPI
ORD08236,2023-08-25,8,August,34,DMart-Nashik-1,Nashik,Personal Care,Toothpaste,4,212,0.25,636.0,155.41,UPI
ORD08237,2023-09-10,9,September,36,DMart-Mumbai-3,Mumbai,Personal Care,Coffee,2,486,0.09,884.52,225.0,Card
ORD08238,2023-03-28,3,March,13,DMart-Thane-2,Thane,Household,Coffee,1,179,0.05,170.05,45.8,Wallet
ORD08239,2023-11-24,11,November,47,DMart-Mumbai-2,Mumbai,Groceries,Juice,5,88,0.04,422.4,78.28,UPI
ORD08240,2023-05-24,5,May,21,DMart-Pune-2,Pune,Personal Care,Tissue,5,249,0.18,1020.9,224.66,Cash
ORD08241,2023-10-26,10,October,43,DMart-Nagpur-2,Nagpur,Groceries,Toothpaste,5,228,0.03,1105.8,149.84,Card
ORD08242,2023-07-25,7,July,30,DMart-Nashik-2,Nashik,Groceries,Sugar,1,170,0.17,141.1,26.11,UPI
ORD08243,2023-03-15,3,March,11,DMart-Nagpur-3,Nagpur,Household,Chips,4,499,0.16,1676.64,490.05,Cash
ORD08244,2023-01-16,1,January,3,DMart-Nagpur-1,Nagpur,Dairy,Water,4,161,0.02,631.12,182.04,Card
ORD08245,2023-07-20,7,July,29,DMart-Nashik-3,Nashik,Household,Eggs,4,398,0.28,1146.24,187.28,UPI
ORD08246,2023-01-14,1,January,2,DMart-Mumbai-1,Mumbai,Beverages,Chips,3,76,0.25,171.0,21.5,Wallet
ORD08247,2023-09-14,9,September,37,DMart-Thane-1,Thane,Beverages,Juice,4,257,0.0,1028.0,126.15,Wallet
ORD08248,2023-03-12,3,March,10,DMart-Nagpur-2,Nagpur,Dairy,Rice,2,359,0.06,674.92,118.83,Cash
ORD08249,2023-07-24,7,July,30,DMart-Nagpur-2,Nagpur,Dairy,Biscuits,5,364,0.02,1783.6,252.71,Card
ORD08250,2023-07-18,7,July,29,DMart-Thane-2,Thane,Dairy,Milk,3,187,0.27,409.53,59.45,Cash
ORD08251,2023-03-25,3,March,12,DMart-Nagpur-1,Nagpur,Beverages,Rice,5,204,0.25,765.0,163.08,UPI
ORD08252,2023-12-29,12,December,52,DMart-Pune-2,Pune,Beverages,Tissue,5,449,0.29,1593.95,275.4,Cash
ORD08253,2023-06-23,6,June,25,DMart-Nashik-1,Nashik,Groceries,Wheat,3,162,0.25,364.5,42.84,Cash
ORD08254,2023-07-24,7,July,30,DMart-Thane-1,Thane,Personal Care,Water,3,26,0.17,64.74,13.12,Card
ORD08255,2023-10-19,10,October,42,DMart-Nagpur-3,Nagpur,Beverages,Bread,5,128,0.2,512.0,149.36,Cash
ORD08256,2023-06-22,6,June,25,DMart-Nashik-2,Nashik,Household,Detergent,2,146,0.04,280.32,81.12,Wallet
ORD08257,2023-01-29,1,January,4,DMart-Nagpur-1,Nagpur,Groceries,Bread,4,74,0.17,245.68,61.37,Cash
ORD08258,2023-03-24,3,March,12,DMart-Mumbai-2,Mumbai,Household,Tissue,2,361,0.16,606.48,167.22,Card
ORD08259,2023-11-11,11,November,45,DMart-Thane-2,Thane,Household,Detergent,3,221,0.28,477.36,89.22,Cash
ORD08260,2023-09-04,9,September,36,DMart-Nagpur-3,Nagpur,Groceries,Tissue,3,411,0.08,1134.36,266.74,UPI
ORD08261,2023-07-16,7,July,28,DMart-Nagpur-1,Nagpur,Groceries,Sugar,2,181,0.17,300.46,43.29,Wallet
ORD08262,2023-11-24,11,November,47,DMart-Pune-2,Pune,Beverages,Toothpaste,2,322,0.09,586.04,113.26,UPI
ORD08263,2023-01-27,1,January,4,DMart-Nagpur-2,Nagpur,Beverages,Soap,2,349,0.13,607.26,175.21,Card
ORD08264,2023-06-24,6,June,25,DMart-Nashik-3,Nashik,Personal Care,Water,1,394,0.03,382.18,96.88,Card
ORD08265,2023-07-24,7,July,30,DMart-Nagpur-1,Nagpur,Groceries,Tissue,4,477,0.29,1354.68,136.38,Card
ORD08266,2023-12-10,12,December,49,DMart-Nagpur-1,Nagpur,Beverages,Wheat,5,244,0.15,1037.0,279.85,Cash
ORD08267,2023-02-08,2,February,6,DMart-Nashik-2,Nashik,Household,Coffee,5,100,0.12,440.0,119.08,Card
ORD08268,2023-11-18,11,November,46,DMart-Thane-3,Thane,Dairy,Coffee,4,28,0.09,101.92,28.96,Cash
ORD08269,2023-03-18,3,March,11,DMart-Nagpur-2,Nagpur,Household,Tea,2,274,0.3,383.6,112.14,UPI
ORD08270,2023-01-07,1,January,1,DMart-Nashik-2,Nashik,Household,Oil,5,479,0.13,2083.65,468.8,Card
ORD08271,2023-07-22,7,July,29,DMart-Thane-2,Thane,Dairy,Biscuits,4,74,0.09,269.36,74.06,Wallet
ORD08272,2023-06-10,6,June,23,DMart-Nashik-1,Nashik,Household,Tissue,5,486,0.17,2016.9,309.15,Wallet
ORD08273,2023-10-15,10,October,41,DMart-Thane-2,Thane,Beverages,Toothpaste,2,451,0.22,703.56,148.8,Wallet
ORD08274,2023-09-25,9,September,39,DMart-Thane-1,Thane,Groceries,Shampoo,3,442,0.11,1180.14,228.06,Card
ORD08275,2023-06-27,6,June,26,DMart-Thane-3,Thane,Dairy,Tea,1,303,0.1,272.7,61.81,Wallet
ORD08276,2023-10-23,10,October,43,DMart-Mumbai-2,Mumbai,Dairy,Coffee,1,291,0.11,258.99,74.06,UPI
ORD08277,2023-11-29,11,November,48,DMart-Nagpur-2,Nagpur,Dairy,Rice,2,424,0.27,619.04,81.85,Wallet
ORD08278,2023-04-21,4,April,16,DMart-Nagpur-2,Nagpur,Personal Care,Sugar,5,384,0.09,1747.2,446.79,UPI
ORD08279,2023-10-23,10,October,43,DMart-Pune-3,Pune,Personal Care,Tea,4,287,0.21,906.92,216.64,Wallet
ORD08280,2023-06-01,6,June,22,DMart-Pune-3,Pune,Groceries,Coffee,1,293,0.21,231.47,66.42,UPI
ORD08281,2023-05-17,5,May,20,DMart-Thane-2,Thane,Household,Wheat,1,241,0.2,192.8,41.42,Wallet
ORD08282,2023-11-19,11,November,46,DMart-Pune-1,Pune,Groceries,Biscuits,4,64,0.1,230.4,42.36,Card
ORD08283,2023-05-24,5,May,21,DMart-Mumbai-2,Mumbai,Personal Care,Wheat,2,45,0.03,87.3,9.34,Wallet
ORD08284,2023-04-04,4,April,14,DMart-Nagpur-2,Nagpur,Household,Juice,5,232,0.3,812.0,149.36,UPI
ORD08285,2023-08-21,8,August,34,DMart-Nagpur-1,Nagpur,Dairy,Detergent,2,129,0.25,193.5,50.72,UPI
ORD08286,2023-09-09,9,September,36,DMart-Pune-2,Pune,Groceries,Eggs,4,309,0.25,927.0,188.48,UPI
ORD08287,2023-08-04,8,August,31,DMart-Nagpur-1,Nagpur,Groceries,Detergent,2,406,0.28,584.64,63.86,Wallet
ORD08288,2023-10-12,10,October,41,DMart-Nagpur-1,Nagpur,Dairy,Tea,4,236,0.03,915.68,273.09,Cash
ORD08289,2023-11-23,11,November,47,DMart-Nashik-2,Nashik,Personal Care,Toothpaste,1,432,0.02,423.36,55.69,UPI
ORD08290,2023-12-12,12,December,50,DMart-Pune-2,Pune,Beverages,Shampoo,1,169,0.28,121.68,31.22,Wallet
ORD08291,2023-01-14,1,January,2,DMart-Thane-3,Thane,Groceries,Coffee,1,199,0.0,199.0,37.07,Wallet
ORD08292,2023-06-27,6,June,26,DMart-Pune-3,Pune,Household,Bread,2,189,0.01,374.22,39.78,Card
ORD08293,2023-08-29,8,August,35,DMart-Mumbai-3,Mumbai,Personal Care,Detergent,3,293,0.19,711.99,97.16,UPI
ORD08294,2023-01-27,1,January,4,DMart-Nashik-3,Nashik,Personal Care,Rice,3,494,0.23,1141.14,269.07,Wallet
ORD08295,2023-11-28,11,November,48,DMart-Thane-2,Thane,Beverages,Tea,1,348,0.09,316.68,48.9,Cash
ORD08296,2023-02-12,2,February,6,DMart-Thane-3,Thane,Groceries,Detergent,3,127,0.3,266.7,34.35,Wallet
ORD08297,2023-10-09,10,October,41,DMart-Thane-3,Thane,Dairy,Tea,4,54,0.0,216.0,33.72,Wallet
ORD08298,2023-08-02,8,August,31,DMart-Thane-3,Thane,Personal Care,Detergent,1,348,0.3,243.6,56.61,Cash
ORD08299,2023-09-08,9,September,36,DMart-Mumbai-2,Mumbai,Dairy,Water,1,83,0.3,58.1,10.85,UPI
ORD08300,2023-05-01,5,May,18,DMart-Nashik-3,Nashik,Beverages,Wheat,3,219,0.16,551.88,80.13,Wallet
ORD08301,2023-07-06,7,July,27,DMart-Pune-3,Pune,Groceries,Tissue,1,402,0.13,349.74,81.85,Cash
ORD08302,2023-04-26,4,April,17,DMart-Mumbai-3,Mumbai,Personal Care,Juice,2,379,0.05,720.1,181.68,Cash
ORD08303,2023-10-06,10,October,40,DMart-Nashik-2,Nashik,Groceries,Water,1,370,0.04,355.2,42.66,Cash
ORD08304,2023-12-30,12,December,52,DMart-Pune-1,Pune,Groceries,Biscuits,5,467,0.29,1657.85,292.1,Card
ORD08305,2023-09-06,9,September,36,DMart-Thane-3,Thane,Dairy,Tissue,3,477,0.16,1202.04,251.73,Card
ORD08306,2023-07-23,7,July,29,DMart-Mumbai-1,Mumbai,Household,Rice,3,94,0.22,219.96,41.52,Wallet
ORD08307,2023-10-18,10,October,42,DMart-Thane-2,Thane,Dairy,Toothpaste,3,179,0.09,488.67,126.88,Wallet
ORD08308,2023-07-08,7,July,27,DMart-Thane-1,Thane,Personal Care,Water,4,454,0.02,1779.68,473.8,Wallet
ORD08309,2023-04-06,4,April,14,DMart-Thane-1,Thane,Dairy,Sugar,2,107,0.18,175.48,50.4,Card
ORD08310,2023-01-06,1,January,1,DMart-Pune-1,Pune,Household,Oil,4,267,0.02,1046.64,113.01,UPI
ORD08311,2023-02-22,2,February,8,DMart-Nagpur-3,Nagpur,Beverages,Water,5,455,0.22,1774.5,179.08,Wallet
ORD08312,2023-03-18,3,March,11,DMart-Thane-2,Thane,Personal Care,Water,1,367,0.27,267.91,64.0,Cash
ORD08313,2023-02-28,2,February,9,DMart-Thane-1,Thane,Household,Soap,2,294,0.29,417.48,98.49,Cash
ORD08314,2023-05-19,5,May,20,DMart-Nashik-2,Nashik,Household,Chips,4,64,0.21,202.24,56.41,UPI
ORD08315,2023-11-04,11,November,44,DMart-Mumbai-1,Mumbai,Household,Sugar,1,144,0.08,132.48,16.67,Cash
ORD08316,2023-10-15,10,October,41,DMart-Mumbai-2,Mumbai,Household,Biscuits,3,51,0.05,145.35,28.43,Cash
ORD08317,2023-10-09,10,October,41,DMart-Mumbai-3,Mumbai,Personal Care,Tea,4,199,0.15,676.6,192.52,Card
ORD08318,2023-02-25,2,February,8,DMart-Pune-1,Pune,Household,Bread,3,219,0.23,505.89,52.98,Card
ORD08319,2023-03-05,3,March,9,DMart-Thane-1,Thane,Groceries,Wheat,5,500,0.11,2225.0,580.76,UPI
ORD08320,2023-03-23,3,March,12,DMart-Pune-2,Pune,Beverages,Bread,2,319,0.22,497.64,136.89,Card
ORD08321,2023-01-15,1,January,2,DMart-Thane-2,Thane,Personal Care,Water,1,494,0.27,360.62,60.99,UPI
ORD08322,2023-12-22,12,December,51,DMart-Thane-3,Thane,Dairy,Milk,5,46,0.15,195.5,51.88,Card
ORD08323,2023-10-04,10,October,40,DMart-Mumbai-3,Mumbai,Groceries,Water,2,302,0.23,465.08,133.76,Card
ORD08324,2023-06-22,6,June,25,DMart-Mumbai-2,Mumbai,Beverages,Oil,2,132,0.25,198.0,22.74,Wallet
ORD08325,2023-03-29,3,March,13,DMart-Nagpur-3,Nagpur,Beverages,Shampoo,1,213,0.24,161.88,27.33,UPI
ORD08326,2023-01-29,1,January,4,DMart-Nagpur-2,Nagpur,Groceries,Detergent,4,302,0.03,1171.76,306.49,Cash
ORD08327,2023-09-27,9,September,39,DMart-Thane-3,Thane,Groceries,Coffee,3,122,0.07,340.38,99.48,Card
ORD08328,2023-08-15,8,August,33,DMart-Nashik-3,Nashik,Dairy,Eggs,2,155,0.28,223.2,24.98,Card
ORD08329,2023-08-26,8,August,34,DMart-Thane-1,Thane,Dairy,Wheat,3,240,0.18,590.4,149.54,UPI
ORD08330,2023-06-11,6,June,23,DMart-Nashik-2,Nashik,Groceries,Coffee,2,272,0.25,408.0,113.01,UPI
ORD08331,2023-11-04,11,November,44,DMart-Thane-3,Thane,Beverages,Rice,4,382,0.23,1176.56,253.22,Cash
ORD08332,2023-02-05,2,February,5,DMart-Nagpur-2,Nagpur,Dairy,Tea,1,488,0.2,390.4,116.23,Cash
ORD08333,2023-04-03,4,April,14,DMart-Thane-3,Thane,Groceries,Juice,4,216,0.02,846.72,150.08,Wallet
ORD08334,2023-04-03,4,April,14,DMart-Mumbai-1,Mumbai,Groceries,Coffee,2,97,0.23,149.38,23.68,UPI
ORD08335,2023-08-02,8,August,31,DMart-Pune-1,Pune,Groceries,Bread,5,28,0.06,131.6,13.51,UPI
ORD08336,2023-01-10,1,January,2,DMart-Thane-1,Thane,Beverages,Sugar,2,383,0.2,612.8,76.25,UPI
ORD08337,2023-10-02,10,October,40,DMart-Mumbai-2,Mumbai,Groceries,Shampoo,3,420,0.25,945.0,253.74,Cash
ORD08338,2023-12-28,12,December,52,DMart-Pune-1,Pune,Household,Detergent,2,105,0.01,207.9,40.82,Cash
ORD08339,2023-04-28,4,April,17,DMart-Mumbai-3,Mumbai,Dairy,Tea,5,310,0.16,1302.0,253.08,Wallet
ORD08340,2023-08-25,8,August,34,DMart-Pune-1,Pune,Dairy,Sugar,1,488,0.09,444.08,56.9,Wallet
ORD08341,2023-12-10,12,December,49,DMart-Mumbai-1,Mumbai,Household,Water,1,479,0.23,368.83,80.22,Wallet
ORD08342,2023-12-12,12,December,50,DMart-Nashik-3,Nashik,Household,Tea,3,238,0.05,678.3,165.24,Wallet
ORD08343,2023-01-18,1,January,3,DMart-Nashik-2,Nashik,Household,Tea,3,420,0.04,1209.6,211.22,Cash
ORD08344,2023-04-07,4,April,14,DMart-Mumbai-2,Mumbai,Beverages,Detergent,3,456,0.3,957.6,108.8,Wallet
ORD08345,2023-11-18,11,November,46,DMart-Nashik-1,Nashik,Beverages,Shampoo,3,295,0.25,663.75,159.12,Card
ORD08346,2023-05-10,5,May,19,DMart-Mumbai-1,Mumbai,Dairy,Shampoo,2,363,0.06,682.44,103.76,UPI
ORD08347,2023-07-10,7,July,28,DMart-Nagpur-3,Nagpur,Household,Tissue,3,205,0.29,436.65,49.22,UPI
ORD08348,2023-11-21,11,November,47,DMart-Nagpur-2,Nagpur,Personal Care,Oil,1,69,0.28,49.68,10.17,Card
ORD08349,2023-10-02,10,October,40,DMart-Nashik-1,Nashik,Dairy,Chips,3,61,0.19,148.23,39.58,Wallet
ORD08350,2023-05-28,5,May,21,DMart-Nashik-2,Nashik,Groceries,Water,4,306,0.21,966.96,122.75,Card
ORD08351,2023-05-09,5,May,19,DMart-Nashik-1,Nashik,Personal Care,Coffee,3,275,0.07,767.25,221.88,Cash
ORD08352,2023-08-19,8,August,33,DMart-Nagpur-2,Nagpur,Household,Juice,3,135,0.06,380.7,47.92,Cash
ORD08353,2023-02-27,2,February,9,DMart-Thane-1,Thane,Groceries,Rice,4,426,0.04,1635.84,200.94,Wallet
ORD08354,2023-05-11,5,May,19,DMart-Thane-3,Thane,Personal Care,Toothpaste,2,317,0.02,621.32,114.2,Cash
ORD08355,2023-12-23,12,December,51,DMart-Thane-1,Thane,Groceries,Biscuits,3,218,0.19,529.74,65.14,Cash
ORD08356,2023-09-10,9,September,36,DMart-Thane-3,Thane,Beverages,Wheat,3,482,0.1,1301.4,160.33,Wallet
ORD08357,2023-05-28,5,May,21,DMart-Nagpur-1,Nagpur,Dairy,Bread,1,403,0.12,354.64,84.74,Cash
ORD08358,2023-11-12,11,November,45,DMart-Nashik-2,Nashik,Groceries,Rice,3,265,0.25,596.25,121.35,Card
ORD08359,2023-03-25,3,March,12,DMart-Nagpur-2,Nagpur,Dairy,Chips,4,157,0.26,464.72,131.63,Cash
ORD08360,2023-11-03,11,November,44,DMart-Nashik-3,Nashik,Groceries,Eggs,3,215,0.26,477.3,143.04,UPI
ORD08361,2023-12-19,12,December,51,DMart-Thane-2,Thane,Household,Rice,3,265,0.06,747.3,125.57,UPI
ORD08362,2023-03-24,3,March,12,DMart-Nashik-2,Nashik,Dairy,Shampoo,5,188,0.29,667.4,186.64,Card
ORD08363,2023-02-28,2,February,9,DMart-Nagpur-1,Nagpur,Dairy,Soap,1,135,0.28,97.2,23.63,Card
ORD08364,2023-05-18,5,May,20,DMart-Pune-1,Pune,Dairy,Eggs,2,145,0.08,266.8,48.84,Card
ORD08365,2023-07-02,7,July,26,DMart-Pune-1,Pune,Personal Care,Oil,4,335,0.17,1112.2,226.11,Wallet
ORD08366,2023-08-31,8,August,35,DMart-Thane-1,Thane,Dairy,Coffee,1,409,0.09,372.19,54.34,Wallet
ORD08367,2023-03-03,3,March,9,DMart-Mumbai-2,Mumbai,Household,Detergent,3,300,0.04,864.0,166.82,Wallet
ORD08368,2023-11-16,11,November,46,DMart-Thane-3,Thane,Beverages,Juice,3,233,0.29,496.29,84.89,UPI
ORD08369,2023-11-03,11,November,44,DMart-Pune-2,Pune,Household,Bread,1,153,0.27,111.69,15.71,Wallet
ORD08370,2023-08-10,8,August,32,DMart-Nashik-2,Nashik,Beverages,Water,3,399,0.22,933.66,143.11,Card
ORD08371,2023-01-01,1,January,52,DMart-Mumbai-3,Mumbai,Personal Care,Juice,5,285,0.18,1168.5,286.9,Card
ORD08372,2023-04-21,4,April,16,DMart-Nashik-2,Nashik,Household,Bread,4,116,0.18,380.48,55.72,Cash
ORD08373,2023-02-07,2,February,6,DMart-Thane-1,Thane,Household,Oil,2,270,0.03,523.8,120.56,UPI
ORD08374,2023-01-09,1,January,2,DMart-Nagpur-1,Nagpur,Groceries,Bread,1,375,0.25,281.25,48.03,Card
ORD08375,2023-08-18,8,August,33,DMart-Thane-3,Thane,Dairy,Bread,4,294,0.21,929.04,115.78,Cash
ORD08376,2023-02-09,2,February,6,DMart-Pune-1,Pune,Personal Care,Tissue,5,55,0.03,266.75,73.85,Wallet
ORD08377,2023-12-13,12,December,50,DMart-Nagpur-3,Nagpur,Groceries,Shampoo,4,373,0.18,1223.44,203.73,Cash
ORD08378,2023-07-04,7,July,27,DMart-Nagpur-2,Nagpur,Household,Sugar,3,439,0.01,1303.83,207.65,Wallet
ORD08379,2023-05-04,5,May,18,DMart-Pune-2,Pune,Groceries,Biscuits,1,140,0.16,117.6,30.23,Wallet
ORD08380,2023-05-31,5,May,22,DMart-Pune-3,Pune,Personal Care,Sugar,2,134,0.05,254.6,75.52,Card
ORD08381,2023-07-28,7,July,30,DMart-Thane-2,Thane,Dairy,Soap,4,236,0.26,698.56,188.38,Cash
ORD08382,2023-04-05,4,April,14,DMart-Thane-2,Thane,Beverages,Soap,1,95,0.15,80.75,18.26,UPI
ORD08383,2023-02-24,2,February,8,DMart-Mumbai-1,Mumbai,Household,Oil,5,109,0.18,446.9,50.89,Card
ORD08384,2023-02-07,2,February,6,DMart-Nashik-3,Nashik,Dairy,Rice,1,252,0.19,204.12,21.13,Cash
ORD08385,2023-05-16,5,May,20,DMart-Mumbai-3,Mumbai,Household,Tea,1,234,0.22,182.52,30.4,UPI
ORD08386,2023-04-22,4,April,16,DMart-Thane-3,Thane,Household,Wheat,4,150,0.18,492.0,122.1,Wallet
ORD08387,2023-07-26,7,July,30,DMart-Thane-2,Thane,Household,Detergent,3,192,0.06,541.44,82.42,Wallet
ORD08388,2023-05-21,5,May,20,DMart-Nashik-2,Nashik,Household,Chips,5,99,0.1,445.5,67.6,UPI
ORD08389,2023-09-02,9,September,35,DMart-Mumbai-1,Mumbai,Dairy,Eggs,1,132,0.01,130.68,18.89,Card
ORD08390,2023-08-22,8,August,34,DMart-Pune-1,Pune,Personal Care,Oil,4,361,0.25,1083.0,299.23,Card
ORD08391,2023-11-30,11,November,48,DMart-Thane-2,Thane,Beverages,Bread,1,146,0.03,141.62,39.9,Cash
ORD08392,2023-10-31,10,October,44,DMart-Thane-1,Thane,Groceries,Toothpaste,1,405,0.03,392.85,46.34,Card
ORD08393,2023-03-10,3,March,10,DMart-Thane-3,Thane,Personal Care,Wheat,5,359,0.03,1741.15,360.55,Card
ORD08394,2023-02-20,2,February,8,DMart-Pune-1,Pune,Personal Care,Toothpaste,4,198,0.26,586.08,107.56,Wallet
ORD08395,2023-01-23,1,January,4,DMart-Thane-2,Thane,Groceries,Coffee,3,343,0.24,782.04,186.17,Wallet
ORD08396,2023-04-10,4,April,15,DMart-Pune-1,Pune,Beverages,Tea,3,61,0.07,170.19,29.74,Card
ORD08397,2023-06-29,6,June,26,DMart-Nagpur-3,Nagpur,Personal Care,Shampoo,2,399,0.04,766.08,99.95,Card
ORD08398,2023-08-23,8,August,34,DMart-Nashik-1,Nashik,Personal Care,Water,1,38,0.19,30.78,6.08,Cash
ORD08399,2023-10-22,10,October,42,DMart-Nagpur-3,Nagpur,Dairy,Sugar,1,214,0.19,173.34,25.18,Cash
ORD08400,2023-07-08,7,July,27,DMart-Thane-1,Thane,Beverages,Oil,5,69,0.25,258.75,70.81,Card
ORD08401,2023-01-30,1,January,5,DMart-Nagpur-1,Nagpur,Beverages,Wheat,5,280,0.25,1050.0,189.34,Cash
ORD08402,2023-10-10,10,October,41,DMart-Thane-1,Thane,Personal Care,Shampoo,3,308,0.08,850.08,198.97,Card
ORD08403,2023-07-13,7,July,28,DMart-Nashik-1,Nashik,Personal Care,Tea,3,204,0.13,532.44,150.58,Cash
ORD08404,2023-03-24,3,March,12,DMart-Pune-3,Pune,Beverages,Soap,1,28,0.02,27.44,6.89,UPI
ORD08405,2023-04-02,4,April,13,DMart-Nagpur-1,Nagpur,Beverages,Rice,1,32,0.11,28.48,2.99,UPI
ORD08406,2023-10-31,10,October,44,DMart-Nagpur-2,Nagpur,Dairy,Shampoo,1,31,0.04,29.76,7.41,UPI
ORD08407,2023-04-05,4,April,14,DMart-Mumbai-1,Mumbai,Household,Wheat,2,173,0.08,318.32,42.91,UPI
ORD08408,2023-06-02,6,June,22,DMart-Nagpur-3,Nagpur,Household,Sugar,3,300,0.14,774.0,147.92,Wallet
ORD08409,2023-04-19,4,April,16,DMart-Pune-1,Pune,Groceries,Toothpaste,2,362,0.3,506.8,95.88,Cash
ORD08410,2023-12-26,12,December,52,DMart-Nagpur-1,Nagpur,Dairy,Tea,4,181,0.03,702.28,159.77,Cash
ORD08411,2023-09-14,9,September,37,DMart-Nashik-2,Nashik,Personal Care,Tea,5,150,0.15,637.5,129.29,Card
ORD08412,2023-04-17,4,April,16,DMart-Nashik-1,Nashik,Dairy,Biscuits,5,184,0.1,828.0,226.58,Card
ORD08413,2023-06-15,6,June,24,DMart-Pune-1,Pune,Groceries,Chips,3,181,0.03,526.71,154.79,Wallet
ORD08414,2023-01-28,1,January,4,DMart-Pune-1,Pune,Dairy,Toothpaste,4,300,0.04,1152.0,320.23,Cash
ORD08415,2023-10-04,10,October,40,DMart-Nashik-2,Nashik,Beverages,Detergent,4,305,0.23,939.4,100.06,Card
ORD08416,2023-11-29,11,November,48,DMart-Nashik-3,Nashik,Beverages,Oil,2,173,0.11,307.94,76.77,Cash
ORD08417,2023-10-18,10,October,42,DMart-Thane-3,Thane,Household,Water,2,118,0.24,179.36,35.76,Wallet
ORD08418,2023-10-21,10,October,42,DMart-Nagpur-3,Nagpur,Groceries,Wheat,3,187,0.3,392.7,40.58,Cash
ORD08419,2023-08-08,8,August,32,DMart-Pune-3,Pune,Household,Eggs,5,193,0.09,878.15,146.18,Cash
ORD08420,2023-11-18,11,November,46,DMart-Nagpur-2,Nagpur,Dairy,Chips,5,488,0.12,2147.2,362.44,Cash
ORD08421,2023-05-11,5,May,19,DMart-Nagpur-3,Nagpur,Personal Care,Coffee,5,391,0.28,1407.6,158.08,Card
ORD08422,2023-07-22,7,July,29,DMart-Nashik-2,Nashik,Dairy,Tissue,3,485,0.01,1440.45,246.44,UPI
ORD08423,2023-05-22,5,May,21,DMart-Thane-2,Thane,Groceries,Toothpaste,4,113,0.11,402.28,69.42,Wallet
ORD08424,2023-12-13,12,December,50,DMart-Thane-1,Thane,Groceries,Wheat,3,486,0.05,1385.1,383.77,Card
ORD08425,2023-01-11,1,January,2,DMart-Pune-1,Pune,Dairy,Soap,5,239,0.07,1111.35,195.78,Card
ORD08426,2023-01-19,1,January,3,DMart-Nashik-1,Nashik,Groceries,Milk,1,83,0.08,76.36,12.92,Cash
ORD08427,2023-11-18,11,November,46,DMart-Pune-2,Pune,Personal Care,Toothpaste,4,33,0.11,117.48,16.16,UPI
ORD08428,2023-01-11,1,January,2,DMart-Pune-2,Pune,Personal Care,Juice,4,463,0.29,1314.92,374.69,Cash
ORD08429,2023-08-01,8,August,31,DMart-Pune-1,Pune,Groceries,Water,3,211,0.15,538.05,102.19,Cash
ORD08430,2023-05-14,5,May,19,DMart-Mumbai-3,Mumbai,Beverages,Biscuits,3,346,0.06,975.72,178.8,UPI
ORD08431,2023-04-09,4,April,14,DMart-Thane-2,Thane,Household,Sugar,2,340,0.02,666.4,159.68,Cash
ORD08432,2023-01-24,1,January,4,DMart-Nagpur-2,Nagpur,Groceries,Tissue,1,80,0.06,75.2,15.68,UPI
ORD08433,2023-10-08,10,October,40,DMart-Thane-1,Thane,Groceries,Rice,4,248,0.25,744.0,216.77,Cash
ORD08434,2023-10-20,10,October,42,DMart-Nashik-3,Nashik,Household,Water,4,416,0.29,1181.44,120.71,Wallet
ORD08435,2023-07-17,7,July,29,DMart-Nashik-2,Nashik,Household,Juice,5,358,0.09,1628.9,466.17,UPI
ORD08436,2023-02-15,2,February,7,DMart-Nashik-3,Nashik,Beverages,Juice,5,36,0.17,149.4,21.33,Cash
ORD08437,2023-12-06,12,December,49,DMart-Mumbai-2,Mumbai,Personal Care,Bread,3,91,0.19,221.13,55.11,Card
ORD08438,2023-01-28,1,January,4,DMart-Thane-1,Thane,Beverages,Biscuits,5,122,0.07,567.3,88.43,Card
ORD08439,2023-09-02,9,September,35,DMart-Nashik-2,Nashik,Household,Soap,3,468,0.07,1305.72,285.31,UPI
ORD08440,2023-09-07,9,September,36,DMart-Nashik-3,Nashik,Beverages,Bread,5,389,0.0,1945.0,229.65,Card
ORD08441,2023-04-29,4,April,17,DMart-Mumbai-1,Mumbai,Household,Biscuits,5,164,0.13,713.4,93.14,Cash
ORD08442,2023-04-15,4,April,15,DMart-Thane-3,Thane,Dairy,Bread,2,38,0.0,76.0,9.3,UPI
ORD08443,2023-07-14,7,July,28,DMart-Pune-3,Pune,Personal Care,Tissue,1,50,0.15,42.5,6.2,Card
ORD08444,2023-12-20,12,December,51,DMart-Nagpur-3,Nagpur,Beverages,Biscuits,1,201,0.11,178.89,21.29,Cash
ORD08445,2023-12-27,12,December,52,DMart-Nashik-1,Nashik,Personal Care,Tea,1,499,0.09,454.09,59.87,Wallet
ORD08446,2023-03-12,3,March,10,DMart-Thane-3,Thane,Beverages,Toothpaste,4,136,0.15,462.4,90.4,Cash
ORD08447,2023-05-12,5,May,19,DMart-Nashik-3,Nashik,Groceries,Sugar,5,28,0.01,138.6,15.34,UPI
ORD08448,2023-11-26,11,November,47,DMart-Thane-2,Thane,Beverages,Water,1,336,0.06,315.84,90.14,Wallet
ORD08449,2023-05-13,5,May,19,DMart-Mumbai-3,Mumbai,Household,Detergent,4,203,0.08,747.04,95.57,Wallet
ORD08450,2023-06-23,6,June,25,DMart-Mumbai-2,Mumbai,Groceries,Eggs,4,246,0.24,747.84,162.16,Cash
ORD08451,2023-07-05,7,July,27,DMart-Pune-1,Pune,Personal Care,Soap,3,109,0.13,284.49,48.03,UPI
ORD08452,2023-09-12,9,September,37,DMart-Mumbai-2,Mumbai,Beverages,Eggs,3,118,0.17,293.82,61.9,Cash
ORD08453,2023-01-13,1,January,2,DMart-Nashik-1,Nashik,Groceries,Rice,3,106,0.05,302.1,31.55,Cash
ORD08454,2023-03-09,3,March,10,DMart-Nashik-3,Nashik,Personal Care,Tea,1,212,0.12,186.56,54.53,UPI
ORD08455,2023-07-11,7,July,28,DMart-Mumbai-2,Mumbai,Personal Care,Biscuits,4,298,0.09,1084.72,173.19,UPI
ORD08456,2023-09-15,9,September,37,DMart-Thane-3,Thane,Household,Toothpaste,2,166,0.02,325.36,64.04,UPI
ORD08457,2023-09-06,9,September,36,DMart-Thane-3,Thane,Dairy,Shampoo,5,59,0.08,271.4,30.12,Card
ORD08458,2023-08-31,8,August,35,DMart-Mumbai-2,Mumbai,Household,Tissue,1,454,0.06,426.76,79.59,Wallet
ORD08459,2023-02-05,2,February,5,DMart-Thane-2,Thane,Household,Juice,5,170,0.21,671.5,181.19,Cash
ORD08460,2023-11-21,11,November,47,DMart-Nashik-1,Nashik,Personal Care,Milk,2,466,0.22,726.96,149.92,UPI
ORD08461,2023-08-20,8,August,33,DMart-Pune-3,Pune,Groceries,Toothpaste,3,176,0.2,422.4,119.57,Cash
ORD08462,2023-10-30,10,October,44,DMart-Thane-1,Thane,Dairy,Tea,2,467,0.06,877.96,244.43,Wallet
ORD08463,2023-01-24,1,January,4,DMart-Thane-1,Thane,Household,Soap,3,102,0.26,226.44,30.34,Card
ORD08464,2023-03-21,3,March,12,DMart-Pune-1,Pune,Groceries,Coffee,5,169,0.14,726.7,163.8,Card
ORD08465,2023-06-06,6,June,23,DMart-Nagpur-1,Nagpur,Personal Care,Toothpaste,2,470,0.25,705.0,163.4,Card
ORD08466,2023-09-04,9,September,36,DMart-Mumbai-2,Mumbai,Household,Shampoo,3,241,0.18,592.86,73.66,Cash
ORD08467,2023-01-08,1,January,1,DMart-Nashik-2,Nashik,Beverages,Sugar,2,85,0.23,130.9,15.03,Cash
ORD08468,2023-06-29,6,June,26,DMart-Nashik-1,Nashik,Household,Biscuits,1,292,0.05,277.4,38.58,Wallet
ORD08469,2023-07-16,7,July,28,DMart-Pune-1,Pune,Household,Wheat,5,356,0.05,1691.0,247.63,Card
ORD08470,2023-02-21,2,February,8,DMart-Mumbai-3,Mumbai,Dairy,Sugar,5,356,0.1,1602.0,387.78,Card
ORD08471,2023-05-16,5,May,20,DMart-Nagpur-1,Nagpur,Beverages,Toothpaste,1,250,0.06,235.0,27.26,Cash
ORD08472,2023-01-29,1,January,4,DMart-Nashik-2,Nashik,Dairy,Sugar,2,445,0.08,818.8,158.82,Wallet
ORD08473,2023-04-07,4,April,14,DMart-Pune-1,Pune,Household,Wheat,3,70,0.02,205.8,32.0,Wallet
ORD08474,2023-07-03,7,July,27,DMart-Nashik-2,Nashik,Beverages,Tea,3,382,0.21,905.34,140.13,Card
ORD08475,2023-11-29,11,November,48,DMart-Mumbai-1,Mumbai,Personal Care,Oil,2,408,0.24,620.16,141.56,Cash
ORD08476,2023-07-28,7,July,30,DMart-Nagpur-2,Nagpur,Beverages,Chips,5,450,0.14,1935.0,345.24,Cash
ORD08477,2023-07-10,7,July,28,DMart-Nashik-3,Nashik,Personal Care,Sugar,3,220,0.1,594.0,134.96,Cash
ORD08478,2023-08-13,8,August,32,DMart-Pune-1,Pune,Household,Milk,3,218,0.04,627.84,72.4,Wallet
ORD08479,2023-01-28,1,January,4,DMart-Nashik-3,Nashik,Personal Care,Oil,1,464,0.09,422.24,121.46,UPI
ORD08480,2023-03-30,3,March,13,DMart-Mumbai-2,Mumbai,Household,Milk,3,427,0.1,1152.9,161.51,Wallet
ORD08481,2023-12-28,12,December,52,DMart-Nashik-2,Nashik,Groceries,Chips,3,216,0.25,486.0,76.85,Cash
ORD08482,2023-10-08,10,October,40,DMart-Thane-3,Thane,Beverages,Rice,1,157,0.0,157.0,32.0,UPI
ORD08483,2023-09-23,9,September,38,DMart-Nashik-3,Nashik,Household,Rice,2,159,0.0,318.0,81.48,Wallet
ORD08484,2023-11-12,11,November,45,DMart-Thane-2,Thane,Groceries,Water,5,376,0.18,1541.6,165.66,Wallet
ORD08485,2023-10-30,10,October,44,DMart-Mumbai-2,Mumbai,Household,Tissue,3,238,0.23,549.78,118.33,UPI
ORD08486,2023-02-21,2,February,8,DMart-Thane-2,Thane,Household,Oil,4,472,0.0,1888.0,557.52,Wallet
ORD08487,2023-09-23,9,September,38,DMart-Thane-2,Thane,Beverages,Sugar,3,249,0.22,582.66,126.38,Cash
ORD08488,2023-08-05,8,August,31,DMart-Thane-2,Thane,Groceries,Coffee,3,236,0.13,615.96,119.76,Wallet
ORD08489,2023-08-09,8,August,32,DMart-Nagpur-3,Nagpur,Household,Coffee,3,293,0.03,852.63,210.0,UPI
ORD08490,2023-01-12,1,January,2,DMart-Pune-3,Pune,Household,Eggs,3,496,0.04,1428.48,329.91,Wallet
ORD08491,2023-11-10,11,November,45,DMart-Nashik-3,Nashik,Groceries,Toothpaste,3,53,0.3,111.3,31.61,Cash
ORD08492,2023-12-08,12,December,49,DMart-Pune-3,Pune,Groceries,Biscuits,5,224,0.25,840.0,182.31,Cash
ORD08493,2023-02-24,2,February,8,DMart-Nashik-1,Nashik,Household,Tissue,1,348,0.02,341.04,60.06,Wallet
ORD08494,2023-10-01,10,October,39,DMart-Pune-3,Pune,Dairy,Coffee,5,159,0.01,787.05,166.78,Cash
ORD08495,2023-12-24,12,December,51,DMart-Pune-3,Pune,Household,Shampoo,4,478,0.27,1395.76,254.4,Wallet
ORD08496,2023-12-04,12,December,49,DMart-Pune-1,Pune,Personal Care,Oil,3,312,0.09,851.76,89.31,Cash
ORD08497,2023-04-13,4,April,15,DMart-Thane-2,Thane,Dairy,Toothpaste,4,371,0.17,1231.72,171.55,Wallet
ORD08498,2023-10-28,10,October,43,DMart-Thane-2,Thane,Personal Care,Biscuits,2,68,0.26,100.64,28.12,Card
ORD08499,2023-08-26,8,August,34,DMart-Pune-3,Pune,Groceries,Rice,4,74,0.17,245.68,72.67,Cash
ORD08500,2023-11-17,11,November,46,DMart-Mumbai-1,Mumbai,Dairy,Milk,3,394,0.28,851.04,192.36,UPI
ORD08501,2023-04-24,4,April,17,DMart-Pune-1,Pune,Personal Care,Detergent,5,433,0.19,1753.65,412.77,Cash
ORD08502,2023-04-14,4,April,15,DMart-Nashik-2,Nashik,Groceries,Tissue,3,481,0.23,1111.11,214.54,Cash
ORD08503,2023-05-21,5,May,20,DMart-Mumbai-3,Mumbai,Household,Rice,2,222,0.23,341.88,96.66,UPI
ORD08504,2023-03-19,3,March,11,DMart-Mumbai-3,Mumbai,Household,Biscuits,3,421,0.06,1187.22,223.72,Cash
ORD08505,2023-01-03,1,January,1,DMart-Nagpur-2,Nagpur,Beverages,Tissue,2,122,0.22,190.32,35.97,UPI
ORD08506,2023-01-21,1,January,3,DMart-Thane-2,Thane,Personal Care,Juice,3,257,0.08,709.32,195.85,Cash
ORD08507,2023-07-06,7,July,27,DMart-Pune-1,Pune,Dairy,Coffee,2,28,0.14,48.16,7.93,Wallet
ORD08508,2023-05-11,5,May,19,DMart-Nagpur-1,Nagpur,Groceries,Biscuits,5,279,0.06,1311.3,132.17,UPI
ORD08509,2023-10-16,10,October,42,DMart-Pune-2,Pune,Household,Shampoo,4,82,0.29,232.88,64.6,Wallet
ORD08510,2023-09-07,9,September,36,DMart-Nashik-1,Nashik,Household,Milk,2,172,0.14,295.84,72.19,Cash
ORD08511,2023-10-27,10,October,43,DMart-Nagpur-3,Nagpur,Personal Care,Sugar,2,484,0.14,832.48,198.76,Cash
ORD08512,2023-01-19,1,January,3,DMart-Nagpur-3,Nagpur,Personal Care,Shampoo,1,94,0.05,89.3,21.3,UPI
ORD08513,2023-04-20,4,April,16,DMart-Nashik-3,Nashik,Household,Tea,4,490,0.0,1960.0,496.69,Wallet
ORD08514,2023-09-01,9,September,35,DMart-Thane-2,Thane,Groceries,Wheat,2,181,0.28,260.64,64.86,UPI
ORD08515,2023-05-17,5,May,20,DMart-Thane-1,Thane,Dairy,Toothpaste,1,64,0.29,45.44,13.22,UPI
ORD08516,2023-03-15,3,March,11,DMart-Nashik-2,Nashik,Groceries,Oil,2,478,0.12,841.28,163.5,Card
ORD08517,2023-01-19,1,January,3,DMart-Thane-3,Thane,Household,Wheat,3,114,0.26,253.08,64.58,Card
ORD08518,2023-03-17,3,March,11,DMart-Thane-3,Thane,Groceries,Coffee,5,426,0.16,1789.2,255.94,Cash
ORD08519,2023-10-07,10,October,40,DMart-Nagpur-2,Nagpur,Dairy,Wheat,3,417,0.06,1175.94,124.49,Cash
ORD08520,2023-06-04,6,June,22,DMart-Pune-3,Pune,Household,Tissue,2,348,0.28,501.12,54.31,Card
ORD08521,2023-06-26,6,June,26,DMart-Nashik-3,Nashik,Household,Rice,4,87,0.2,278.4,47.78,Wallet
ORD08522,2023-09-23,9,September,38,DMart-Nagpur-3,Nagpur,Household,Biscuits,5,69,0.3,241.5,47.97,Card
ORD08523,2023-08-02,8,August,31,DMart-Nashik-1,Nashik,Beverages,Tea,2,299,0.05,568.1,78.39,Wallet
ORD08524,2023-05-11,5,May,19,DMart-Nagpur-2,Nagpur,Beverages,Bread,3,24,0.13,62.64,9.76,Cash
ORD08525,2023-12-23,12,December,51,DMart-Nagpur-3,Nagpur,Beverages,Coffee,4,91,0.11,323.96,85.2,Card
ORD08526,2023-01-28,1,January,4,DMart-Pune-3,Pune,Personal Care,Juice,1,426,0.29,302.46,39.33,Cash
ORD08527,2023-02-12,2,February,6,DMart-Nashik-1,Nashik,Personal Care,Sugar,1,362,0.25,271.5,32.61,Card
ORD08528,2023-12-27,12,December,52,DMart-Nagpur-2,Nagpur,Household,Oil,1,73,0.22,56.94,10.36,Wallet
ORD08529,2023-04-02,4,April,13,DMart-Thane-3,Thane,Groceries,Oil,4,319,0.19,1033.56,237.58,UPI
ORD08530,2023-07-29,7,July,30,DMart-Thane-3,Thane,Groceries,Bread,5,212,0.08,975.2,188.99,Cash
ORD08531,2023-03-22,3,March,12,DMart-Nashik-1,Nashik,Personal Care,Wheat,1,119,0.25,89.25,14.49,Cash
ORD08532,2023-10-30,10,October,44,DMart-Thane-3,Thane,Beverages,Milk,2,151,0.05,286.9,62.26,Card
ORD08533,2023-01-03,1,January,1,DMart-Mumbai-3,Mumbai,Personal Care,Biscuits,5,459,0.22,1790.1,318.84,Wallet
ORD08534,2023-03-05,3,March,9,DMart-Nagpur-2,Nagpur,Dairy,Coffee,3,412,0.25,927.0,277.94,UPI
ORD08535,2023-09-09,9,September,36,DMart-Nagpur-1,Nagpur,Groceries,Eggs,5,288,0.18,1180.8,233.99,Cash
ORD08536,2023-06-08,6,June,23,DMart-Nashik-3,Nashik,Personal Care,Shampoo,1,92,0.06,86.48,16.31,Card
ORD08537,2023-07-01,7,July,26,DMart-Thane-2,Thane,Groceries,Coffee,5,315,0.02,1543.5,360.25,Wallet
ORD08538,2023-04-13,4,April,15,DMart-Mumbai-2,Mumbai,Dairy,Toothpaste,1,456,0.08,419.52,54.08,Cash
ORD08539,2023-05-23,5,May,21,DMart-Pune-1,Pune,Personal Care,Rice,5,355,0.24,1349.0,155.84,Wallet
ORD08540,2023-12-06,12,December,49,DMart-Nagpur-2,Nagpur,Beverages,Water,2,325,0.26,481.0,105.15,Cash
ORD08541,2023-04-09,4,April,14,DMart-Mumbai-2,Mumbai,Dairy,Detergent,5,454,0.09,2065.7,278.02,UPI
ORD08542,2023-05-16,5,May,20,DMart-Pune-2,Pune,Beverages,Milk,1,270,0.13,234.9,54.85,UPI
ORD08543,2023-03-07,3,March,10,DMart-Mumbai-2,Mumbai,Beverages,Milk,4,375,0.25,1125.0,295.66,Wallet
ORD08544,2023-05-29,5,May,22,DMart-Thane-1,Thane,Groceries,Wheat,5,163,0.28,586.8,170.3,Card
ORD08545,2023-03-25,3,March,12,DMart-Nashik-2,Nashik,Groceries,Shampoo,2,156,0.2,249.6,38.98,Card
ORD08546,2023-08-08,8,August,32,DMart-Mumbai-2,Mumbai,Personal Care,Toothpaste,4,489,0.06,1838.64,405.79,Cash
ORD08547,2023-02-16,2,February,7,DMart-Nagpur-2,Nagpur,Groceries,Milk,2,217,0.07,403.62,68.93,Card
ORD08548,2023-11-22,11,November,47,DMart-Nagpur-1,Nagpur,Household,Coffee,5,159,0.14,683.7,111.5,Wallet
ORD08549,2023-07-02,7,July,26,DMart-Nashik-3,Nashik,Beverages,Juice,4,213,0.15,724.2,127.04,Wallet
ORD08550,2023-05-11,5,May,19,DMart-Thane-1,Thane,Dairy,Sugar,5,174,0.03,843.9,150.72,Card
ORD08551,2023-01-07,1,January,1,DMart-Thane-3,Thane,Dairy,Eggs,2,174,0.05,330.6,40.37,Card
ORD08552,2023-06-30,6,June,26,DMart-Thane-3,Thane,Dairy,Eggs,3,466,0.23,1076.46,322.51,UPI
ORD08553,2023-03-03,3,March,9,DMart-Nagpur-3,Nagpur,Personal Care,Toothpaste,1,68,0.0,68.0,10.66,UPI
ORD08554,2023-06-11,6,June,23,DMart-Nagpur-3,Nagpur,Groceries,Wheat,5,191,0.03,926.35,234.25,UPI
ORD08555,2023-08-05,8,August,31,DMart-Pune-3,Pune,Groceries,Biscuits,3,410,0.12,1082.4,234.07,Cash
ORD08556,2023-10-02,10,October,40,DMart-Thane-1,Thane,Personal Care,Soap,3,231,0.06,651.42,145.85,Cash
ORD08557,2023-01-19,1,January,3,DMart-Mumbai-1,Mumbai,Personal Care,Chips,2,295,0.24,448.4,67.76,Cash
ORD08558,2023-09-12,9,September,37,DMart-Nashik-3,Nashik,Groceries,Biscuits,5,481,0.1,2164.5,241.95,UPI
ORD08559,2023-06-15,6,June,24,DMart-Pune-2,Pune,Beverages,Shampoo,2,77,0.29,109.34,20.33,Cash
ORD08560,2023-03-06,3,March,10,DMart-Thane-2,Thane,Dairy,Toothpaste,2,392,0.22,611.52,161.2,Card
ORD08561,2023-10-27,10,October,43,DMart-Thane-3,Thane,Groceries,Chips,1,117,0.04,112.32,29.03,Cash
ORD08562,2023-07-04,7,July,27,DMart-Thane-3,Thane,Household,Chips,5,202,0.19,818.1,220.09,Card
ORD08563,2023-10-20,10,October,42,DMart-Nagpur-1,Nagpur,Beverages,Bread,5,55,0.22,214.5,40.3,Wallet
ORD08564,2023-06-23,6,June,25,DMart-Mumbai-2,Mumbai,Dairy,Chips,1,214,0.03,207.58,43.42,Wallet
ORD08565,2023-01-01,1,January,52,DMart-Thane-3,Thane,Dairy,Eggs,1,300,0.21,237.0,35.5,Card
ORD08566,2023-04-13,4,April,15,DMart-Nashik-2,Nashik,Dairy,Tissue,1,223,0.28,160.56,25.27,Cash
ORD08567,2023-08-29,8,August,35,DMart-Nashik-2,Nashik,Groceries,Milk,4,355,0.1,1278.0,146.52,Cash
ORD08568,2023-02-02,2,February,5,DMart-Mumbai-3,Mumbai,Beverages,Oil,4,479,0.17,1590.28,317.63,Wallet
ORD08569,2023-03-01,3,March,9,DMart-Pune-3,Pune,Personal Care,Oil,4,140,0.0,560.0,75.38,UPI
ORD08570,2023-10-07,10,October,40,DMart-Thane-1,Thane,Beverages,Shampoo,2,41,0.11,72.98,12.05,Wallet
ORD08571,2023-08-25,8,August,34,DMart-Nashik-1,Nashik,Groceries,Soap,1,121,0.04,116.16,14.34,Cash
ORD08572,2023-04-05,4,April,14,DMart-Mumbai-3,Mumbai,Dairy,Toothpaste,4,150,0.12,528.0,126.42,Cash
ORD08573,2023-04-14,4,April,15,DMart-Nashik-2,Nashik,Dairy,Water,3,60,0.07,167.4,36.58,Card
ORD08574,2023-01-08,1,January,1,DMart-Thane-3,Thane,Groceries,Water,3,59,0.13,153.99,37.81,UPI
ORD08575,2023-01-05,1,January,1,DMart-Nashik-3,Nashik,Household,Chips,5,160,0.17,664.0,103.77,Wallet
ORD08576,2023-07-10,7,July,28,DMart-Nagpur-2,Nagpur,Household,Soap,4,122,0.29,346.48,38.92,Card
ORD08577,2023-09-22,9,September,38,DMart-Thane-3,Thane,Dairy,Oil,2,455,0.11,809.9,119.15,UPI
ORD08578,2023-08-08,8,August,32,DMart-Mumbai-1,Mumbai,Groceries,Shampoo,4,465,0.11,1655.4,202.31,Cash
ORD08579,2023-08-18,8,August,33,DMart-Pune-3,Pune,Personal Care,Biscuits,5,208,0.04,998.4,166.95,Card
ORD08580,2023-09-19,9,September,38,DMart-Nashik-3,Nashik,Household,Soap,5,238,0.23,916.3,269.5,Wallet
ORD08581,2023-02-15,2,February,7,DMart-Thane-1,Thane,Dairy,Milk,3,476,0.24,1085.28,221.65,Cash
ORD08582,2023-06-23,6,June,25,DMart-Thane-1,Thane,Personal Care,Rice,2,435,0.01,861.3,207.13,Cash
ORD08583,2023-09-04,9,September,36,DMart-Nashik-1,Nashik,Household,Milk,5,148,0.1,666.0,118.06,UPI
ORD08584,2023-07-18,7,July,29,DMart-Pune-1,Pune,Personal Care,Juice,2,246,0.03,477.24,134.84,Wallet
ORD08585,2023-04-02,4,April,13,DMart-Pune-3,Pune,Personal Care,Detergent,2,146,0.17,242.36,52.22,Card
ORD08586,2023-09-08,9,September,36,DMart-Pune-1,Pune,Groceries,Rice,1,362,0.05,343.9,40.13,Card
ORD08587,2023-11-08,11,November,45,DMart-Nagpur-2,Nagpur,Household,Eggs,5,136,0.08,625.6,82.73,UPI
ORD08588,2023-09-20,9,September,38,DMart-Nashik-3,Nashik,Household,Milk,5,474,0.03,2298.9,583.21,Wallet
ORD08589,2023-07-08,7,July,27,DMart-Nagpur-2,Nagpur,Groceries,Water,1,170,0.05,161.5,34.08,Card
ORD08590,2023-06-06,6,June,23,DMart-Mumbai-2,Mumbai,Personal Care,Tea,1,488,0.12,429.44,67.04,UPI
ORD08591,2023-05-03,5,May,18,DMart-Nashik-1,Nashik,Personal Care,Chips,2,287,0.19,464.94,125.22,UPI
ORD08592,2023-05-18,5,May,20,DMart-Nagpur-3,Nagpur,Dairy,Toothpaste,3,138,0.24,314.64,34.26,Card
ORD08593,2023-04-21,4,April,16,DMart-Nashik-3,Nashik,Household,Soap,2,429,0.21,677.82,180.14,Wallet
ORD08594,2023-01-14,1,January,2,DMart-Mumbai-3,Mumbai,Dairy,Water,4,466,0.06,1752.16,365.43,UPI
ORD08595,2023-11-14,11,November,46,DMart-Thane-3,Thane,Household,Oil,5,90,0.09,409.5,79.46,Wallet
ORD08596,2023-05-23,5,May,21,DMart-Thane-3,Thane,Beverages,Biscuits,3,431,0.13,1124.91,273.72,Cash
ORD08597,2023-04-09,4,April,14,DMart-Pune-3,Pune,Household,Oil,5,230,0.28,828.0,219.5,UPI
ORD08598,2023-09-01,9,September,35,DMart-Pune-2,Pune,Household,Toothpaste,2,78,0.19,126.36,28.83,Card
ORD08599,2023-05-26,5,May,21,DMart-Thane-3,Thane,Dairy,Detergent,4,255,0.03,989.4,210.93,Card
ORD08600,2023-11-06,11,November,45,DMart-Thane-3,Thane,Groceries,Sugar,5,339,0.08,1559.4,190.45,UPI
ORD08601,2023-07-24,7,July,30,DMart-Mumbai-2,Mumbai,Beverages,Toothpaste,4,367,0.15,1247.8,164.91,Cash
ORD08602,2023-10-05,10,October,40,DMart-Mumbai-2,Mumbai,Beverages,Detergent,3,461,0.01,1369.17,337.88,Card
ORD08603,2023-08-17,8,August,33,DMart-Nashik-1,Nashik,Household,Rice,2,110,0.02,215.6,51.05,Wallet
ORD08604,2023-02-26,2,February,8,DMart-Thane-2,Thane,Dairy,Coffee,5,200,0.27,730.0,152.72,Card
ORD08605,2023-12-19,12,December,51,DMart-Nashik-2,Nashik,Dairy,Shampoo,1,246,0.2,196.8,51.43,Cash
ORD08606,2023-05-16,5,May,20,DMart-Nashik-2,Nashik,Beverages,Biscuits,1,333,0.05,316.35,90.24,Card
ORD08607,2023-03-01,3,March,9,DMart-Nashik-3,Nashik,Groceries,Bread,4,345,0.28,993.6,160.13,Card
ORD08608,2023-08-16,8,August,33,DMart-Nashik-2,Nashik,Personal Care,Biscuits,2,404,0.12,711.04,119.72,UPI
ORD08609,2023-08-29,8,August,35,DMart-Nashik-2,Nashik,Beverages,Rice,1,254,0.22,198.12,26.31,Wallet
ORD08610,2023-03-05,3,March,9,DMart-Mumbai-2,Mumbai,Beverages,Bread,4,31,0.25,93.0,18.78,UPI
ORD08611,2023-01-04,1,January,1,DMart-Nashik-1,Nashik,Beverages,Soap,1,283,0.24,215.08,31.84,Wallet
ORD08612,2023-11-14,11,November,46,DMart-Pune-2,Pune,Groceries,Chips,4,338,0.2,1081.6,147.54,Card
ORD08613,2023-03-18,3,March,11,DMart-Mumbai-3,Mumbai,Groceries,Shampoo,3,207,0.16,521.64,111.26,UPI
ORD08614,2023-07-05,7,July,27,DMart-Pune-3,Pune,Household,Sugar,5,361,0.16,1516.2,395.18,Card
ORD08615,2023-03-22,3,March,12,DMart-Mumbai-1,Mumbai,Household,Bread,5,99,0.14,425.7,83.66,UPI
ORD08616,2023-07-06,7,July,27,DMart-Pune-3,Pune,Beverages,Tissue,5,201,0.25,753.75,123.56,Card
ORD08617,2023-03-11,3,March,10,DMart-Thane-3,Thane,Groceries,Bread,3,184,0.23,425.04,125.58,Wallet
ORD08618,2023-04-02,4,April,13,DMart-Thane-2,Thane,Dairy,Oil,5,327,0.21,1291.65,307.12,Wallet
ORD08619,2023-08-18,8,August,33,DMart-Pune-1,Pune,Dairy,Soap,3,353,0.21,836.61,228.43,Wallet
ORD08620,2023-01-15,1,January,2,DMart-Mumbai-2,Mumbai,Dairy,Juice,2,94,0.01,186.12,18.74,Wallet
ORD08621,2023-02-13,2,February,7,DMart-Mumbai-3,Mumbai,Beverages,Biscuits,4,468,0.25,1404.0,261.19,Card
ORD08622,2023-11-29,11,November,48,DMart-Pune-3,Pune,Personal Care,Oil,4,457,0.04,1754.88,200.26,Wallet
ORD08623,2023-11-22,11,November,47,DMart-Nagpur-2,Nagpur,Beverages,Coffee,5,427,0.23,1643.95,288.16,Card
ORD08624,2023-09-09,9,September,36,DMart-Pune-1,Pune,Dairy,Wheat,1,349,0.06,328.06,59.96,Wallet
ORD08625,2023-12-08,12,December,49,DMart-Thane-2,Thane,Dairy,Wheat,5,217,0.14,933.1,247.8,Wallet
ORD08626,2023-06-20,6,June,25,DMart-Nashik-1,Nashik,Beverages,Detergent,1,484,0.1,435.6,63.28,Cash
ORD08627,2023-09-30,9,September,39,DMart-Nagpur-3,Nagpur,Personal Care,Tissue,5,189,0.1,850.5,116.09,Wallet
ORD08628,2023-07-19,7,July,29,DMart-Mumbai-1,Mumbai,Personal Care,Oil,4,100,0.08,368.0,102.06,Cash
ORD08629,2023-05-06,5,May,18,DMart-Nashik-1,Nashik,Groceries,Toothpaste,3,20,0.27,43.8,9.29,UPI
ORD08630,2023-09-28,9,September,39,DMart-Mumbai-2,Mumbai,Groceries,Tea,2,450,0.11,801.0,94.32,Card
ORD08631,2023-12-10,12,December,49,DMart-Mumbai-1,Mumbai,Beverages,Tea,1,193,0.27,140.89,41.25,Wallet
ORD08632,2023-01-26,1,January,4,DMart-Thane-3,Thane,Beverages,Juice,3,358,0.01,1063.26,276.84,Wallet
ORD08633,2023-12-04,12,December,49,DMart-Nagpur-1,Nagpur,Dairy,Sugar,3,368,0.07,1026.72,266.91,Cash
ORD08634,2023-02-19,2,February,7,DMart-Pune-2,Pune,Beverages,Chips,3,340,0.05,969.0,258.62,Cash
ORD08635,2023-03-12,3,March,10,DMart-Nagpur-3,Nagpur,Household,Tea,2,433,0.01,857.34,105.2,Cash
ORD08636,2023-02-28,2,February,9,DMart-Thane-1,Thane,Groceries,Soap,5,477,0.2,1908.0,532.07,Card
ORD08637,2023-04-08,4,April,14,DMart-Thane-2,Thane,Groceries,Oil,4,413,0.2,1321.6,296.17,Cash
ORD08638,2023-06-30,6,June,26,DMart-Nashik-1,Nashik,Dairy,Milk,2,473,0.08,870.32,144.02,Cash
ORD08639,2023-10-09,10,October,41,DMart-Thane-3,Thane,Groceries,Juice,4,371,0.25,1113.0,127.99,UPI
ORD08640,2023-09-07,9,September,36,DMart-Nagpur-3,Nagpur,Personal Care,Water,4,433,0.0,1732.0,400.88,Cash
ORD08641,2023-07-16,7,July,28,DMart-Thane-3,Thane,Personal Care,Rice,3,47,0.22,109.98,30.27,Wallet
ORD08642,2023-05-29,5,May,22,DMart-Nagpur-3,Nagpur,Beverages,Rice,1,68,0.17,56.44,8.23,Card
ORD08643,2023-01-12,1,January,2,DMart-Mumbai-1,Mumbai,Beverages,Oil,3,391,0.01,1161.27,221.65,Card
ORD08644,2023-04-14,4,April,15,DMart-Nagpur-2,Nagpur,Household,Detergent,2,474,0.1,853.2,123.73,UPI
ORD08645,2023-03-16,3,March,11,DMart-Mumbai-3,Mumbai,Personal Care,Toothpaste,3,75,0.28,162.0,37.89,UPI
ORD08646,2023-05-29,5,May,22,DMart-Nagpur-3,Nagpur,Groceries,Sugar,3,147,0.02,432.18,68.59,Cash
ORD08647,2023-03-12,3,March,10,DMart-Pune-3,Pune,Household,Juice,2,309,0.27,451.14,119.28,UPI
ORD08648,2023-06-17,6,June,24,DMart-Thane-3,Thane,Personal Care,Bread,5,142,0.06,667.4,180.14,Wallet
ORD08649,2023-09-14,9,September,37,DMart-Nashik-3,Nashik,Beverages,Tissue,1,228,0.22,177.84,50.72,Card
ORD08650,2023-06-16,6,June,24,DMart-Thane-1,Thane,Household,Water,3,342,0.14,882.36,97.35,UPI
ORD08651,2023-02-11,2,February,6,DMart-Mumbai-2,Mumbai,Personal Care,Biscuits,5,310,0.13,1348.5,223.96,UPI
ORD08652,2023-11-20,11,November,47,DMart-Nashik-1,Nashik,Household,Soap,3,402,0.27,880.38,133.25,Card
ORD08653,2023-11-12,11,November,45,DMart-Nashik-2,Nashik,Groceries,Eggs,5,257,0.09,1169.35,193.85,Card
ORD08654,2023-05-09,5,May,19,DMart-Nashik-3,Nashik,Dairy,Wheat,2,434,0.01,859.32,168.48,Wallet
ORD08655,2023-02-28,2,February,9,DMart-Thane-2,Thane,Personal Care,Toothpaste,3,441,0.29,939.33,223.08,UPI
ORD08656,2023-10-12,10,October,41,DMart-Nagpur-2,Nagpur,Groceries,Juice,1,449,0.02,440.02,88.68,Wallet
ORD08657,2023-11-12,11,November,45,DMart-Nagpur-3,Nagpur,Groceries,Sugar,1,281,0.25,210.75,59.01,Cash
ORD08658,2023-12-22,12,December,51,DMart-Pune-2,Pune,Personal Care,Soap,1,290,0.03,281.3,34.36,Wallet
ORD08659,2023-01-02,1,January,1,DMart-Nashik-3,Nashik,Beverages,Detergent,3,161,0.08,444.36,72.51,UPI
ORD08660,2023-12-11,12,December,50,DMart-Nashik-2,Nashik,Beverages,Milk,4,227,0.04,871.68,102.75,Cash
ORD08661,2023-10-16,10,October,42,DMart-Pune-3,Pune,Groceries,Chips,1,471,0.0,471.0,100.63,UPI
ORD08662,2023-07-25,7,July,30,DMart-Pune-3,Pune,Household,Biscuits,2,347,0.02,680.12,123.32,Cash
ORD08663,2023-06-03,6,June,22,DMart-Nagpur-3,Nagpur,Dairy,Juice,1,368,0.27,268.64,26.87,Wallet
ORD08664,2023-11-25,11,November,47,DMart-Nashik-3,Nashik,Beverages,Juice,1,401,0.09,364.91,54.0,Wallet
ORD08665,2023-03-26,3,March,12,DMart-Nagpur-1,Nagpur,Dairy,Bread,3,279,0.1,753.3,217.27,UPI
ORD08666,2023-02-10,2,February,6,DMart-Mumbai-2,Mumbai,Household,Shampoo,3,138,0.09,376.74,78.08,Cash
ORD08667,2023-09-10,9,September,36,DMart-Thane-3,Thane,Dairy,Eggs,4,257,0.27,750.44,213.79,Cash
ORD08668,2023-10-30,10,October,44,DMart-Mumbai-2,Mumbai,Dairy,Wheat,4,249,0.14,856.56,127.98,Cash
ORD08669,2023-03-29,3,March,13,DMart-Nashik-3,Nashik,Dairy,Chips,4,420,0.21,1327.2,217.24,UPI
ORD08670,2023-04-17,4,April,16,DMart-Thane-2,Thane,Household,Chips,1,180,0.22,140.4,41.91,Cash
ORD08671,2023-11-17,11,November,46,DMart-Pune-2,Pune,Household,Toothpaste,1,160,0.21,126.4,13.15,Wallet
ORD08672,2023-08-31,8,August,35,DMart-Nashik-2,Nashik,Dairy,Milk,4,320,0.24,972.8,218.45,Cash
ORD08673,2023-02-23,2,February,8,DMart-Nashik-1,Nashik,Household,Detergent,1,93,0.24,70.68,20.24,Cash
ORD08674,2023-08-13,8,August,32,DMart-Pune-3,Pune,Groceries,Water,5,185,0.29,656.75,113.42,Wallet
ORD08675,2023-01-24,1,January,4,DMart-Nagpur-2,Nagpur,Dairy,Shampoo,2,208,0.22,324.48,60.87,Wallet
ORD08676,2023-10-31,10,October,44,DMart-Nashik-3,Nashik,Personal Care,Juice,2,386,0.04,741.12,198.63,Card
ORD08677,2023-10-28,10,October,43,DMart-Nagpur-3,Nagpur,Personal Care,Water,4,35,0.25,105.0,10.66,Wallet
ORD08678,2023-04-20,4,April,16,DMart-Mumbai-2,Mumbai,Dairy,Coffee,5,127,0.0,635.0,109.32,UPI
ORD08679,2023-03-01,3,March,9,DMart-Nagpur-1,Nagpur,Personal Care,Water,5,112,0.12,492.8,115.52,UPI
ORD08680,2023-09-02,9,September,35,DMart-Thane-2,Thane,Beverages,Soap,5,106,0.18,434.6,119.01,Card
ORD08681,2023-03-29,3,March,13,DMart-Mumbai-1,Mumbai,Household,Water,3,186,0.09,507.78,90.8,Wallet
ORD08682,2023-09-17,9,September,37,DMart-Nashik-2,Nashik,Household,Detergent,5,189,0.19,765.45,169.69,UPI
ORD08683,2023-03-16,3,March,11,DMart-Nashik-3,Nashik,Household,Sugar,2,59,0.06,110.92,27.37,Card
ORD08684,2023-06-02,6,June,22,DMart-Pune-2,Pune,Groceries,Milk,5,264,0.1,1188.0,355.36,Card
ORD08685,2023-08-02,8,August,31,DMart-Mumbai-3,Mumbai,Beverages,Shampoo,1,403,0.09,366.73,59.57,Card
ORD08686,2023-01-13,1,January,2,DMart-Mumbai-2,Mumbai,Beverages,Toothpaste,1,480,0.12,422.4,120.95,Wallet
ORD08687,2023-12-04,12,December,49,DMart-Mumbai-1,Mumbai,Beverages,Water,1,451,0.15,383.35,42.55,UPI
ORD08688,2023-04-23,4,April,16,DMart-Pune-2,Pune,Household,Tea,3,28,0.26,62.16,17.19,UPI
ORD08689,2023-03-01,3,March,9,DMart-Thane-2,Thane,Groceries,Milk,4,237,0.0,948.0,165.88,Cash
ORD08690,2023-12-22,12,December,51,DMart-Mumbai-3,Mumbai,Beverages,Tissue,5,234,0.29,830.7,84.14,Cash
ORD08691,2023-11-18,11,November,46,DMart-Nashik-1,Nashik,Groceries,Coffee,5,276,0.16,1159.2,118.63,UPI
ORD08692,2023-05-22,5,May,21,DMart-Nashik-1,Nashik,Groceries,Milk,3,264,0.07,736.56,76.28,Wallet
ORD08693,2023-08-25,8,August,34,DMart-Nashik-3,Nashik,Dairy,Milk,5,214,0.13,930.9,237.35,Wallet
ORD08694,2023-08-16,8,August,33,DMart-Thane-3,Thane,Beverages,Soap,3,337,0.28,727.92,198.11,Wallet
ORD08695,2023-02-01,2,February,5,DMart-Nashik-1,Nashik,Beverages,Sugar,1,385,0.01,381.15,78.46,Card
ORD08696,2023-05-19,5,May,20,DMart-Nashik-3,Nashik,Beverages,Sugar,4,373,0.11,1327.88,150.72,Wallet
ORD08697,2023-10-27,10,October,43,DMart-Nashik-2,Nashik,Groceries,Bread,4,93,0.02,364.56,88.92,Card
ORD08698,2023-03-14,3,March,11,DMart-Mumbai-1,Mumbai,Groceries,Water,1,267,0.16,224.28,41.22,Wallet
ORD08699,2023-09-16,9,September,37,DMart-Pune-2,Pune,Personal Care,Soap,1,91,0.02,89.18,22.68,Card
ORD08700,2023-05-13,5,May,19,DMart-Nagpur-3,Nagpur,Groceries,Tea,2,146,0.04,280.32,65.37,Cash
ORD08701,2023-12-25,12,December,52,DMart-Mumbai-1,Mumbai,Dairy,Juice,5,149,0.28,536.4,63.3,Cash
ORD08702,2023-06-05,6,June,23,DMart-Nagpur-1,Nagpur,Personal Care,Soap,2,469,0.11,834.82,190.65,Cash
ORD08703,2023-12-09,12,December,49,DMart-Mumbai-1,Mumbai,Dairy,Chips,5,402,0.27,1467.3,345.06,Card
ORD08704,2023-10-12,10,October,41,DMart-Mumbai-1,Mumbai,Household,Sugar,4,275,0.05,1045.0,296.4,Card
ORD08705,2023-08-08,8,August,32,DMart-Thane-2,Thane,Groceries,Water,1,34,0.01,33.66,6.29,Cash
ORD08706,2023-10-21,10,October,42,DMart-Nagpur-3,Nagpur,Household,Biscuits,1,458,0.25,343.5,60.16,UPI
ORD08707,2023-03-18,3,March,11,DMart-Nashik-1,Nashik,Personal Care,Tissue,2,186,0.13,323.64,96.5,Cash
ORD08708,2023-06-03,6,June,22,DMart-Nagpur-2,Nagpur,Groceries,Biscuits,1,363,0.17,301.29,34.45,Card
ORD08709,2023-01-30,1,January,5,DMart-Mumbai-3,Mumbai,Personal Care,Soap,2,174,0.12,306.24,70.2,Card
ORD08710,2023-02-03,2,February,5,DMart-Nashik-3,Nashik,Dairy,Toothpaste,4,408,0.28,1175.04,140.42,Cash
ORD08711,2023-03-08,3,March,10,DMart-Nashik-1,Nashik,Groceries,Toothpaste,2,187,0.02,366.52,48.06,UPI
ORD08712,2023-04-19,4,April,16,DMart-Mumbai-1,Mumbai,Personal Care,Tissue,1,125,0.01,123.75,29.28,UPI
ORD08713,2023-11-29,11,November,48,DMart-Thane-3,Thane,Household,Bread,4,321,0.19,1040.04,266.75,Card
ORD08714,2023-08-25,8,August,34,DMart-Thane-3,Thane,Personal Care,Soap,4,400,0.11,1424.0,266.48,Card
ORD08715,2023-11-26,11,November,47,DMart-Mumbai-3,Mumbai,Groceries,Oil,5,301,0.27,1098.65,177.55,Cash
ORD08716,2023-09-03,9,September,35,DMart-Nagpur-2,Nagpur,Beverages,Milk,3,331,0.23,764.61,77.41,Wallet
ORD08717,2023-05-15,5,May,20,DMart-Thane-1,Thane,Groceries,Toothpaste,2,118,0.3,165.2,17.29,Card
ORD08718,2023-06-13,6,June,24,DMart-Pune-2,Pune,Dairy,Biscuits,2,385,0.26,569.8,99.66,Card
ORD08719,2023-03-06,3,March,10,DMart-Pune-1,Pune,Household,Bread,1,194,0.08,178.48,21.1,Wallet
ORD08720,2023-04-14,4,April,15,DMart-Nashik-2,Nashik,Beverages,Milk,3,471,0.16,1186.92,302.47,Cash
ORD08721,2023-05-01,5,May,18,DMart-Mumbai-2,Mumbai,Dairy,Eggs,2,494,0.0,988.0,167.52,UPI
ORD08722,2023-02-25,2,February,8,DMart-Pune-1,Pune,Groceries,Sugar,2,363,0.15,617.1,78.95,Wallet
ORD08723,2023-08-29,8,August,35,DMart-Nashik-2,Nashik,Household,Wheat,1,112,0.3,78.4,11.15,Card
ORD08724,2023-11-20,11,November,47,DMart-Thane-1,Thane,Dairy,Bread,1,59,0.02,57.82,6.98,Cash
ORD08725,2023-10-21,10,October,42,DMart-Thane-1,Thane,Dairy,Tissue,1,359,0.16,301.56,59.23,UPI
ORD08726,2023-04-23,4,April,16,DMart-Thane-2,Thane,Groceries,Eggs,1,327,0.06,307.38,62.48,Cash
ORD08727,2023-11-19,11,November,46,DMart-Nashik-1,Nashik,Personal Care,Tissue,1,440,0.05,418.0,43.29,UPI
ORD08728,2023-10-15,10,October,41,DMart-Pune-1,Pune,Household,Juice,1,345,0.17,286.35,35.46,UPI
ORD08729,2023-06-12,6,June,24,DMart-Pune-3,Pune,Personal Care,Detergent,5,111,0.07,516.15,142.78,Cash
ORD08730,2023-07-05,7,July,27,DMart-Nashik-2,Nashik,Household,Tissue,4,416,0.15,1414.4,327.86,Wallet
ORD08731,2023-09-14,9,September,37,DMart-Mumbai-3,Mumbai,Personal Care,Wheat,5,228,0.15,969.0,207.15,Card
ORD08732,2023-05-26,5,May,21,DMart-Pune-3,Pune,Beverages,Juice,2,159,0.29,225.78,31.59,Wallet
ORD08733,2023-05-20,5,May,20,DMart-Nagpur-2,Nagpur,Beverages,Detergent,5,34,0.05,161.5,38.32,Cash
ORD08734,2023-03-16,3,March,11,DMart-Nashik-1,Nashik,Personal Care,Wheat,3,484,0.08,1335.84,396.4,UPI
ORD08735,2023-11-24,11,November,47,DMart-Nagpur-2,Nagpur,Household,Shampoo,5,318,0.01,1574.1,185.94,Wallet
ORD08736,2023-10-04,10,October,40,DMart-Thane-1,Thane,Dairy,Tissue,4,442,0.06,1661.92,381.39,Cash
ORD08737,2023-06-21,6,June,25,DMart-Nagpur-3,Nagpur,Beverages,Water,5,411,0.12,1808.4,331.51,Cash
ORD08738,2023-05-20,5,May,20,DMart-Nashik-3,Nashik,Dairy,Wheat,3,447,0.17,1113.03,300.59,Card
ORD08739,2023-05-22,5,May,21,DMart-Nashik-2,Nashik,Dairy,Chips,4,235,0.18,770.8,203.01,UPI
ORD08740,2023-11-30,11,November,48,DMart-Nagpur-2,Nagpur,Personal Care,Bread,2,117,0.08,215.28,36.36,Cash
ORD08741,2023-09-17,9,September,37,DMart-Nashik-3,Nashik,Groceries,Sugar,4,491,0.11,1747.96,517.56,Wallet
ORD08742,2023-07-28,7,July,30,DMart-Thane-2,Thane,Beverages,Sugar,4,176,0.12,619.52,108.19,Card
ORD08743,2023-10-27,10,October,43,DMart-Pune-3,Pune,Household,Wheat,5,375,0.25,1406.25,401.03,Wallet
ORD08744,2023-03-04,3,March,9,DMart-Nashik-2,Nashik,Personal Care,Wheat,4,42,0.03,162.96,19.42,Cash
ORD08745,2023-04-01,4,April,13,DMart-Thane-1,Thane,Dairy,Bread,3,443,0.28,956.88,256.23,Wallet
ORD08746,2023-01-06,1,January,1,DMart-Mumbai-3,Mumbai,Beverages,Water,3,286,0.27,626.34,106.72,Card
ORD08747,2023-01-12,1,January,2,DMart-Pune-2,Pune,Beverages,Toothpaste,4,129,0.0,516.0,134.36,Card
ORD08748,2023-10-01,10,October,39,DMart-Nagpur-2,Nagpur,Groceries,Water,1,292,0.15,248.2,38.93,Card
ORD08749,2023-08-14,8,August,33,DMart-Nagpur-1,Nagpur,Household,Water,4,86,0.2,275.2,39.28,Cash
ORD08750,2023-11-22,11,November,47,DMart-Pune-1,Pune,Household,Wheat,4,317,0.3,887.6,255.78,Cash
ORD08751,2023-04-24,4,April,17,DMart-Nagpur-1,Nagpur,Beverages,Juice,1,335,0.14,288.1,55.8,Wallet
ORD08752,2023-05-09,5,May,19,DMart-Nagpur-2,Nagpur,Dairy,Eggs,1,172,0.18,141.04,34.04,Cash
ORD08753,2023-06-14,6,June,24,DMart-Thane-2,Thane,Beverages,Chips,1,424,0.03,411.28,98.29,UPI
ORD08754,2023-04-16,4,April,15,DMart-Nashik-1,Nashik,Beverages,Eggs,2,462,0.23,711.48,83.85,Wallet
ORD08755,2023-03-10,3,March,10,DMart-Nagpur-3,Nagpur,Beverages,Coffee,4,338,0.22,1054.56,152.71,Card
ORD08756,2023-05-01,5,May,18,DMart-Nashik-2,Nashik,Groceries,Shampoo,2,410,0.12,721.6,201.23,Cash
ORD08757,2023-03-04,3,March,9,DMart-Nagpur-1,Nagpur,Household,Chips,3,452,0.3,949.2,260.11,UPI
ORD08758,2023-03-28,3,March,13,DMart-Nagpur-3,Nagpur,Groceries,Eggs,4,43,0.22,134.16,39.09,Card
ORD08759,2023-08-29,8,August,35,DMart-Mumbai-1,Mumbai,Household,Coffee,5,372,0.09,1692.6,311.03,Card
ORD08760,2023-05-29,5,May,22,DMart-Nagpur-1,Nagpur,Groceries,Milk,1,403,0.02,394.94,80.45,UPI
ORD08761,2023-08-29,8,August,35,DMart-Nagpur-3,Nagpur,Personal Care,Bread,3,136,0.01,403.92,46.82,Cash
ORD08762,2023-05-25,5,May,21,DMart-Mumbai-2,Mumbai,Personal Care,Tea,3,390,0.03,1134.9,238.27,UPI
ORD08763,2023-08-26,8,August,34,DMart-Mumbai-2,Mumbai,Beverages,Sugar,1,481,0.24,365.56,50.71,Card
ORD08764,2023-09-27,9,September,39,DMart-Pune-1,Pune,Household,Bread,2,306,0.14,526.32,96.31,Card
ORD08765,2023-04-18,4,April,16,DMart-Nagpur-3,Nagpur,Personal Care,Shampoo,3,139,0.14,358.62,88.49,Wallet
ORD08766,2023-11-23,11,November,47,DMart-Nashik-2,Nashik,Dairy,Tissue,3,182,0.15,464.1,136.0,Wallet
ORD08767,2023-05-27,5,May,21,DMart-Nashik-1,Nashik,Personal Care,Chips,3,76,0.26,168.72,40.24,Wallet
ORD08768,2023-04-05,4,April,14,DMart-Mumbai-2,Mumbai,Beverages,Tea,4,365,0.19,1182.6,336.66,Cash
ORD08769,2023-08-15,8,August,33,DMart-Mumbai-2,Mumbai,Dairy,Sugar,2,146,0.13,254.04,47.92,UPI
ORD08770,2023-02-25,2,February,8,DMart-Pune-1,Pune,Beverages,Chips,2,158,0.26,233.84,33.65,Wallet
ORD08771,2023-08-20,8,August,33,DMart-Pune-3,Pune,Beverages,Rice,1,367,0.08,337.64,89.95,Wallet
ORD08772,2023-02-12,2,February,6,DMart-Thane-1,Thane,Personal Care,Eggs,2,158,0.04,303.36,45.11,Cash
ORD08773,2023-07-24,7,July,30,DMart-Nashik-1,Nashik,Dairy,Soap,5,475,0.14,2042.5,388.79,Card
ORD08774,2023-05-14,5,May,19,DMart-Nashik-1,Nashik,Beverages,Detergent,1,39,0.09,35.49,4.61,Cash
ORD08775,2023-12-17,12,December,50,DMart-Nagpur-1,Nagpur,Household,Coffee,5,376,0.16,1579.2,263.35,Cash
ORD08776,2023-02-05,2,February,5,DMart-Pune-1,Pune,Personal Care,Water,4,487,0.21,1538.92,290.0,UPI
ORD08777,2023-09-10,9,September,36,DMart-Nashik-2,Nashik,Dairy,Tissue,1,218,0.27,159.14,40.68,Wallet
ORD08778,2023-10-25,10,October,43,DMart-Nashik-3,Nashik,Household,Detergent,5,41,0.15,174.25,43.07,UPI
ORD08779,2023-01-09,1,January,2,DMart-Pune-1,Pune,Household,Coffee,2,281,0.3,393.4,116.09,Cash
ORD08780,2023-01-07,1,January,1,DMart-Thane-3,Thane,Dairy,Oil,2,226,0.08,415.84,42.04,UPI
ORD08781,2023-02-11,2,February,6,DMart-Nagpur-2,Nagpur,Dairy,Chips,4,386,0.08,1420.48,362.33,Card
ORD08782,2023-05-10,5,May,19,DMart-Mumbai-3,Mumbai,Personal Care,Chips,2,373,0.23,574.42,140.58,UPI
ORD08783,2023-11-26,11,November,47,DMart-Thane-3,Thane,Groceries,Chips,3,207,0.2,496.8,87.63,Card
ORD08784,2023-09-14,9,September,37,DMart-Nagpur-2,Nagpur,Groceries,Tissue,3,405,0.18,996.3,165.63,Card
ORD08785,2023-04-03,4,April,14,DMart-Pune-1,Pune,Groceries,Rice,5,85,0.18,348.5,86.12,Card
ORD08786,2023-04-24,4,April,17,DMart-Pune-1,Pune,Groceries,Tea,2,171,0.27,249.66,60.31,Cash
ORD08787,2023-03-04,3,March,9,DMart-Mumbai-3,Mumbai,Personal Care,Soap,2,463,0.21,731.54,113.03,Card
ORD08788,2023-01-17,1,January,3,DMart-Nagpur-3,Nagpur,Household,Water,4,414,0.1,1490.4,295.6,Card
ORD08789,2023-04-30,4,April,17,DMart-Mumbai-1,Mumbai,Beverages,Tea,1,450,0.05,427.5,122.72,Wallet
ORD08790,2023-03-12,3,March,10,DMart-Nashik-3,Nashik,Beverages,Sugar,5,427,0.21,1686.65,351.99,Cash
ORD08791,2023-06-18,6,June,24,DMart-Thane-2,Thane,Groceries,Water,2,110,0.04,211.2,32.49,Cash
ORD08792,2023-04-29,4,April,17,DMart-Nashik-3,Nashik,Groceries,Bread,2,141,0.14,242.52,50.18,Cash
ORD08793,2023-01-31,1,January,5,DMart-Pune-2,Pune,Household,Water,1,178,0.19,144.18,34.24,UPI
ORD08794,2023-10-21,10,October,42,DMart-Nagpur-2,Nagpur,Household,Soap,3,455,0.1,1228.5,212.83,UPI
ORD08795,2023-03-31,3,March,13,DMart-Nashik-1,Nashik,Groceries,Rice,5,372,0.04,1785.6,413.57,Card
ORD08796,2023-05-17,5,May,20,DMart-Nagpur-3,Nagpur,Dairy,Oil,4,40,0.26,118.4,14.23,Card
ORD08797,2023-06-12,6,June,24,DMart-Pune-2,Pune,Groceries,Coffee,1,163,0.18,133.66,18.4,Cash
ORD08798,2023-07-15,7,July,28,DMart-Nagpur-3,Nagpur,Groceries,Shampoo,1,211,0.3,147.7,41.02,UPI
ORD08799,2023-04-04,4,April,14,DMart-Mumbai-3,Mumbai,Beverages,Bread,2,77,0.21,121.66,29.49,Card
ORD08800,2023-02-01,2,February,5,DMart-Thane-3,Thane,Groceries,Sugar,2,85,0.05,161.5,22.44,UPI
ORD08801,2023-03-03,3,March,9,DMart-Pune-3,Pune,Household,Eggs,2,315,0.29,447.3,108.85,Cash
ORD08802,2023-05-25,5,May,21,DMart-Mumbai-2,Mumbai,Personal Care,Bread,3,139,0.01,412.83,55.49,Card
ORD08803,2023-11-13,11,November,46,DMart-Mumbai-2,Mumbai,Personal Care,Sugar,1,454,0.01,449.46,107.01,Card
ORD08804,2023-04-25,4,April,17,DMart-Thane-2,Thane,Groceries,Milk,3,20,0.19,48.6,9.52,Card
ORD08805,2023-12-06,12,December,49,DMart-Pune-1,Pune,Household,Bread,3,65,0.29,138.45,31.93,Card
ORD08806,2023-03-03,3,March,9,DMart-Nashik-1,Nashik,Groceries,Toothpaste,5,339,0.14,1457.7,420.95,Cash
ORD08807,2023-09-06,9,September,36,DMart-Thane-3,Thane,Dairy,Juice,1,31,0.19,25.11,6.6,Cash
ORD08808,2023-02-25,2,February,8,DMart-Nagpur-1,Nagpur,Beverages,Biscuits,2,430,0.23,662.2,81.31,Wallet
ORD08809,2023-01-27,1,January,4,DMart-Pune-2,Pune,Beverages,Sugar,1,76,0.3,53.2,15.16,UPI
ORD08810,2023-01-15,1,January,2,DMart-Thane-2,Thane,Beverages,Juice,3,360,0.12,950.4,276.05,Cash
ORD08811,2023-11-19,11,November,46,DMart-Nagpur-2,Nagpur,Household,Rice,2,300,0.2,480.0,64.94,UPI
ORD08812,2023-08-10,8,August,32,DMart-Mumbai-3,Mumbai,Dairy,Biscuits,5,351,0.06,1649.7,366.2,Card
ORD08813,2023-11-23,11,November,47,DMart-Thane-3,Thane,Groceries,Milk,3,400,0.12,1056.0,179.68,Wallet
ORD08814,2023-11-13,11,November,46,DMart-Nagpur-2,Nagpur,Personal Care,Oil,1,247,0.28,177.84,52.66,Card
ORD08815,2023-05-19,5,May,20,DMart-Nagpur-2,Nagpur,Groceries,Rice,1,136,0.11,121.04,35.76,UPI
ORD08816,2023-06-14,6,June,24,DMart-Thane-1,Thane,Dairy,Eggs,2,352,0.09,640.64,163.02,Wallet
ORD08817,2023-01-23,1,January,4,DMart-Nagpur-3,Nagpur,Dairy,Tea,4,28,0.17,92.96,17.2,Wallet
ORD08818,2023-10-10,10,October,41,DMart-Mumbai-1,Mumbai,Groceries,Juice,2,314,0.3,439.6,125.86,UPI
ORD08819,2023-12-22,12,December,51,DMart-Mumbai-1,Mumbai,Household,Milk,3,379,0.09,1034.67,112.8,UPI
ORD08820,2023-07-26,7,July,30,DMart-Thane-2,Thane,Personal Care,Sugar,4,462,0.25,1386.0,410.52,Card
ORD08821,2023-06-13,6,June,24,DMart-Mumbai-3,Mumbai,Groceries,Wheat,4,183,0.23,563.64,129.92,Card
ORD08822,2023-10-04,10,October,40,DMart-Mumbai-1,Mumbai,Household,Shampoo,5,78,0.24,296.4,30.7,Card
ORD08823,2023-06-20,6,June,25,DMart-Nashik-3,Nashik,Dairy,Tissue,4,381,0.17,1264.92,142.93,Wallet
ORD08824,2023-01-19,1,January,3,DMart-Mumbai-2,Mumbai,Personal Care,Chips,5,174,0.24,661.2,127.09,Wallet
ORD08825,2023-03-16,3,March,11,DMart-Nashik-2,Nashik,Dairy,Oil,5,224,0.16,940.8,112.0,UPI
ORD08826,2023-04-25,4,April,17,DMart-Pune-1,Pune,Beverages,Shampoo,2,135,0.17,224.1,35.76,Cash
ORD08827,2023-11-10,11,November,45,DMart-Pune-1,Pune,Personal Care,Milk,4,327,0.16,1098.72,221.92,UPI
ORD08828,2023-03-02,3,March,9,DMart-Mumbai-3,Mumbai,Dairy,Wheat,1,485,0.16,407.4,68.51,Cash
ORD08829,2023-11-26,11,November,47,DMart-Pune-1,Pune,Personal Care,Biscuits,3,152,0.19,369.36,75.62,Card
ORD08830,2023-05-11,5,May,19,DMart-Thane-1,Thane,Beverages,Wheat,3,295,0.13,769.95,131.89,Card
ORD08831,2023-02-10,2,February,6,DMart-Pune-3,Pune,Beverages,Coffee,2,377,0.24,573.04,126.72,Cash
ORD08832,2023-05-09,5,May,19,DMart-Mumbai-3,Mumbai,Beverages,Toothpaste,5,463,0.23,1782.55,494.76,Cash
ORD08833,2023-10-31,10,October,44,DMart-Mumbai-2,Mumbai,Beverages,Biscuits,3,183,0.08,505.08,145.53,UPI
ORD08834,2023-09-27,9,September,39,DMart-Thane-3,Thane,Groceries,Eggs,1,447,0.25,335.25,63.88,Card
ORD08835,2023-10-26,10,October,43,DMart-Pune-1,Pune,Beverages,Toothpaste,2,485,0.05,921.5,246.9,UPI
ORD08836,2023-11-16,11,November,46,DMart-Nagpur-2,Nagpur,Household,Chips,4,475,0.27,1387.0,220.78,Wallet
ORD08837,2023-04-23,4,April,16,DMart-Mumbai-1,Mumbai,Beverages,Rice,3,334,0.26,741.48,170.05,Card
ORD08838,2023-08-15,8,August,33,DMart-Pune-1,Pune,Personal Care,Tissue,3,383,0.02,1126.02,311.14,UPI
ORD08839,2023-09-17,9,September,37,DMart-Nashik-1,Nashik,Groceries,Sugar,3,389,0.23,898.59,240.2,UPI
ORD08840,2023-06-28,6,June,26,DMart-Thane-1,Thane,Dairy,Oil,1,73,0.27,53.29,15.03,Card
ORD08841,2023-07-15,7,July,28,DMart-Nagpur-1,Nagpur,Dairy,Bread,1,73,0.13,63.51,18.78,Card
ORD08842,2023-07-08,7,July,27,DMart-Mumbai-1,Mumbai,Dairy,Water,4,476,0.27,1389.92,200.87,Card
ORD08843,2023-12-14,12,December,50,DMart-Mumbai-2,Mumbai,Dairy,Eggs,5,183,0.27,667.95,183.33,Card
ORD08844,2023-07-22,7,July,29,DMart-Pune-3,Pune,Groceries,Toothpaste,3,254,0.26,563.88,167.3,Wallet
ORD08845,2023-10-18,10,October,42,DMart-Pune-1,Pune,Groceries,Toothpaste,4,155,0.23,477.4,134.55,Card
ORD08846,2023-11-13,11,November,46,DMart-Pune-3,Pune,Household,Milk,5,119,0.12,523.6,137.39,Wallet
ORD08847,2023-08-23,8,August,34,DMart-Nashik-3,Nashik,Groceries,Shampoo,4,356,0.03,1381.28,361.16,Wallet
ORD08848,2023-07-06,7,July,27,DMart-Pune-2,Pune,Personal Care,Juice,3,404,0.28,872.64,168.08,Cash
ORD08849,2023-07-23,7,July,29,DMart-Mumbai-2,Mumbai,Dairy,Eggs,3,216,0.1,583.2,117.66,Wallet
ORD08850,2023-03-01,3,March,9,DMart-Thane-1,Thane,Groceries,Sugar,5,236,0.26,873.2,158.71,Wallet
ORD08851,2023-11-03,11,November,44,DMart-Thane-2,Thane,Household,Soap,2,473,0.08,870.32,242.22,Wallet
ORD08852,2023-03-21,3,March,12,DMart-Mumbai-3,Mumbai,Beverages,Soap,2,165,0.13,287.1,63.2,Card
ORD08853,2023-02-12,2,February,6,DMart-Thane-1,Thane,Personal Care,Biscuits,5,115,0.06,540.5,162.07,Card
ORD08854,2023-08-16,8,August,33,DMart-Thane-3,Thane,Beverages,Tea,4,55,0.23,169.4,24.25,UPI
ORD08855,2023-08-01,8,August,31,DMart-Nagpur-1,Nagpur,Groceries,Wheat,4,47,0.3,131.6,27.31,Wallet
ORD08856,2023-07-16,7,July,28,DMart-Mumbai-1,Mumbai,Beverages,Wheat,3,129,0.23,297.99,89.28,UPI
ORD08857,2023-06-18,6,June,24,DMart-Thane-3,Thane,Groceries,Tissue,3,239,0.29,509.07,82.4,Cash
ORD08858,2023-11-18,11,November,46,DMart-Nashik-1,Nashik,Groceries,Water,3,281,0.12,741.84,118.92,Wallet
ORD08859,2023-07-12,7,July,28,DMart-Nagpur-1,Nagpur,Household,Rice,3,362,0.27,792.78,150.92,Card
ORD08860,2023-08-08,8,August,32,DMart-Thane-2,Thane,Dairy,Rice,4,456,0.28,1313.28,362.22,UPI
ORD08861,2023-05-25,5,May,21,DMart-Nagpur-2,Nagpur,Household,Milk,4,419,0.12,1474.88,200.17,Cash
ORD08862,2023-11-15,11,November,46,DMart-Pune-3,Pune,Groceries,Milk,2,253,0.13,440.22,78.12,Wallet
ORD08863,2023-08-03,8,August,31,DMart-Nashik-1,Nashik,Dairy,Tea,1,330,0.12,290.4,82.06,Cash
ORD08864,2023-09-08,9,September,36,DMart-Nashik-1,Nashik,Personal Care,Bread,4,368,0.24,1118.72,148.36,UPI
ORD08865,2023-07-31,7,July,31,DMart-Thane-3,Thane,Personal Care,Biscuits,1,231,0.3,161.7,24.54,Wallet
ORD08866,2023-07-30,7,July,30,DMart-Nashik-3,Nashik,Personal Care,Biscuits,1,341,0.13,296.67,44.81,UPI
ORD08867,2023-03-22,3,March,12,DMart-Nashik-2,Nashik,Groceries,Water,2,385,0.26,569.8,79.29,Card
ORD08868,2023-06-23,6,June,25,DMart-Nagpur-2,Nagpur,Dairy,Tea,3,156,0.19,379.08,112.59,Wallet
ORD08869,2023-05-19,5,May,20,DMart-Thane-2,Thane,Dairy,Tissue,1,236,0.09,214.76,55.83,Cash
ORD08870,2023-01-14,1,January,2,DMart-Pune-1,Pune,Personal Care,Chips,1,282,0.3,197.4,41.93,Cash
ORD08871,2023-09-09,9,September,36,DMart-Nagpur-1,Nagpur,Dairy,Rice,2,343,0.23,528.22,65.06,Wallet
ORD08872,2023-09-05,9,September,36,DMart-Thane-2,Thane,Beverages,Rice,2,118,0.2,188.8,55.95,Cash
ORD08873,2023-09-30,9,September,39,DMart-Nagpur-1,Nagpur,Groceries,Chips,5,326,0.06,1532.2,319.64,Cash
ORD08874,2023-07-23,7,July,29,DMart-Pune-3,Pune,Dairy,Water,5,177,0.17,734.55,213.05,Wallet
ORD08875,2023-10-20,10,October,42,DMart-Nashik-2,Nashik,Groceries,Sugar,2,41,0.0,82.0,23.68,Wallet
ORD08876,2023-07-03,7,July,27,DMart-Mumbai-1,Mumbai,Personal Care,Detergent,5,129,0.22,503.1,116.31,Card
ORD08877,2023-01-29,1,January,4,DMart-Thane-2,Thane,Beverages,Toothpaste,4,70,0.02,274.4,49.17,Cash
ORD08878,2023-04-14,4,April,15,DMart-Pune-1,Pune,Personal Care,Rice,3,122,0.09,333.06,68.36,Wallet
ORD08879,2023-02-15,2,February,7,DMart-Nagpur-3,Nagpur,Beverages,Rice,5,421,0.25,1578.75,164.15,Cash
ORD08880,2023-06-11,6,June,23,DMart-Nagpur-2,Nagpur,Beverages,Coffee,5,465,0.16,1953.0,472.28,Card
ORD08881,2023-09-29,9,September,39,DMart-Nagpur-3,Nagpur,Groceries,Shampoo,3,106,0.24,241.68,52.68,Wallet
ORD08882,2023-02-04,2,February,5,DMart-Thane-1,Thane,Household,Eggs,5,327,0.24,1242.6,159.62,UPI
ORD08883,2023-06-23,6,June,25,DMart-Nagpur-3,Nagpur,Beverages,Toothpaste,3,371,0.1,1001.7,257.93,Cash
ORD08884,2023-06-25,6,June,25,DMart-Thane-3,Thane,Dairy,Tea,1,353,0.3,247.1,30.88,Card
ORD08885,2023-03-09,3,March,10,DMart-Thane-2,Thane,Groceries,Water,3,412,0.22,964.08,164.39,Wallet
ORD08886,2023-11-24,11,November,47,DMart-Nagpur-1,Nagpur,Dairy,Detergent,3,444,0.11,1185.48,292.43,Wallet
ORD08887,2023-04-27,4,April,17,DMart-Nashik-3,Nashik,Dairy,Juice,3,44,0.03,128.04,16.34,Cash
ORD08888,2023-07-30,7,July,30,DMart-Mumbai-2,Mumbai,Personal Care,Eggs,5,336,0.13,1461.6,212.98,Wallet
ORD08889,2023-05-05,5,May,18,DMart-Nagpur-3,Nagpur,Dairy,Eggs,5,466,0.26,1724.2,293.83,UPI
ORD08890,2023-07-21,7,July,29,DMart-Thane-2,Thane,Personal Care,Chips,1,40,0.25,30.0,3.69,Cash
ORD08891,2023-12-28,12,December,52,DMart-Thane-1,Thane,Beverages,Soap,1,124,0.27,90.52,16.81,UPI
ORD08892,2023-04-13,4,April,15,DMart-Nashik-2,Nashik,Personal Care,Chips,1,114,0.27,83.22,12.29,UPI
ORD08893,2023-05-03,5,May,18,DMart-Pune-3,Pune,Personal Care,Biscuits,2,65,0.0,130.0,36.13,Wallet
ORD08894,2023-06-08,6,June,23,DMart-Nagpur-3,Nagpur,Groceries,Milk,5,132,0.13,574.2,57.72,UPI
ORD08895,2023-09-29,9,September,39,DMart-Pune-2,Pune,Dairy,Tea,5,423,0.14,1818.9,193.98,Card
ORD08896,2023-07-25,7,July,30,DMart-Nashik-2,Nashik,Beverages,Toothpaste,2,470,0.28,676.8,83.81,Cash
ORD08897,2023-08-29,8,August,35,DMart-Nashik-1,Nashik,Household,Water,1,379,0.15,322.15,34.13,Wallet
ORD08898,2023-01-21,1,January,3,DMart-Thane-2,Thane,Household,Tissue,4,243,0.09,884.52,135.13,Card
ORD08899,2023-10-28,10,October,43,DMart-Thane-3,Thane,Beverages,Soap,4,206,0.29,585.04,66.81,Cash
ORD08900,2023-07-05,7,July,27,DMart-Mumbai-2,Mumbai,Dairy,Juice,4,145,0.0,580.0,105.3,Cash
ORD08901,2023-12-23,12,December,51,DMart-Pune-1,Pune,Dairy,Sugar,2,370,0.06,695.6,79.23,Cash
ORD08902,2023-04-27,4,April,17,DMart-Pune-1,Pune,Personal Care,Water,4,101,0.16,339.36,53.15,Cash
ORD08903,2023-10-05,10,October,40,DMart-Pune-1,Pune,Personal Care,Sugar,1,324,0.06,304.56,51.33,Card
ORD08904,2023-03-07,3,March,10,DMart-Thane-3,Thane,Personal Care,Wheat,5,94,0.23,361.9,80.36,Cash
ORD08905,2023-05-21,5,May,20,DMart-Nashik-3,Nashik,Beverages,Milk,5,477,0.1,2146.5,563.98,Cash
ORD08906,2023-11-18,11,November,46,DMart-Mumbai-3,Mumbai,Personal Care,Sugar,5,289,0.23,1112.65,160.84,Cash
ORD08907,2023-02-03,2,February,5,DMart-Nagpur-3,Nagpur,Dairy,Toothpaste,4,344,0.15,1169.6,245.71,Wallet
ORD08908,2023-04-30,4,April,17,DMart-Nagpur-2,Nagpur,Beverages,Eggs,4,217,0.29,616.28,175.7,Wallet
ORD08909,2023-07-24,7,July,30,DMart-Thane-3,Thane,Dairy,Detergent,2,335,0.01,663.3,198.01,Wallet
ORD08910,2023-04-17,4,April,16,DMart-Nagpur-2,Nagpur,Groceries,Coffee,5,142,0.3,497.0,94.73,Card
ORD08911,2023-08-10,8,August,32,DMart-Nashik-2,Nashik,Dairy,Shampoo,3,279,0.0,837.0,171.55,UPI
ORD08912,2023-07-10,7,July,28,DMart-Pune-3,Pune,Groceries,Tea,3,164,0.28,354.24,87.49,Card
ORD08913,2023-05-10,5,May,19,DMart-Nagpur-2,Nagpur,Household,Bread,3,145,0.2,348.0,70.43,Card
ORD08914,2023-03-30,3,March,13,DMart-Mumbai-1,Mumbai,Groceries,Oil,3,317,0.07,884.43,240.1,Card
ORD08915,2023-05-25,5,May,21,DMart-Nagpur-3,Nagpur,Household,Tea,3,352,0.23,813.12,164.4,UPI
ORD08916,2023-01-04,1,January,1,DMart-Nagpur-3,Nagpur,Household,Oil,4,409,0.26,1210.64,133.06,Cash
ORD08917,2023-08-28,8,August,35,DMart-Thane-1,Thane,Dairy,Biscuits,2,313,0.21,494.54,119.0,Card
ORD08918,2023-07-12,7,July,28,DMart-Nashik-1,Nashik,Personal Care,Tea,1,421,0.3,294.7,31.17,Card
ORD08919,2023-04-03,4,April,14,DMart-Nagpur-1,Nagpur,Groceries,Coffee,5,322,0.07,1497.3,330.09,Card
ORD08920,2023-05-30,5,May,22,DMart-Nashik-1,Nashik,Household,Detergent,3,475,0.2,1140.0,158.93,UPI
ORD08921,2023-09-21,9,September,38,DMart-Nashik-1,Nashik,Beverages,Rice,4,131,0.07,487.32,73.27,Cash
ORD08922,2023-12-19,12,December,51,DMart-Nashik-1,Nashik,Personal Care,Water,1,277,0.08,254.84,65.27,Wallet
ORD08923,2023-11-30,11,November,48,DMart-Mumbai-3,Mumbai,Groceries,Tissue,3,196,0.08,540.96,91.75,UPI
ORD08924,2023-07-09,7,July,27,DMart-Mumbai-1,Mumbai,Dairy,Detergent,5,154,0.03,746.9,117.56,Wallet
ORD08925,2023-05-13,5,May,19,DMart-Pune-1,Pune,Household,Chips,1,108,0.2,86.4,17.4,Cash
ORD08926,2023-12-31,12,December,52,DMart-Nagpur-1,Nagpur,Beverages,Wheat,4,286,0.12,1006.72,254.93,Card
ORD08927,2023-07-14,7,July,28,DMart-Pune-3,Pune,Household,Sugar,3,497,0.27,1088.43,126.86,Wallet
ORD08928,2023-02-02,2,February,5,DMart-Nagpur-2,Nagpur,Groceries,Shampoo,4,358,0.28,1031.04,216.86,Card
ORD08929,2023-12-10,12,December,49,DMart-Mumbai-3,Mumbai,Groceries,Oil,4,187,0.13,650.76,90.33,Wallet
ORD08930,2023-04-02,4,April,13,DMart-Pune-3,Pune,Personal Care,Shampoo,1,131,0.05,124.45,35.81,Wallet
ORD08931,2023-10-05,10,October,40,DMart-Nagpur-1,Nagpur,Beverages,Juice,2,453,0.1,815.4,159.91,Wallet
ORD08932,2023-07-20,7,July,29,DMart-Nashik-2,Nashik,Dairy,Tea,1,238,0.07,221.34,62.9,Cash
ORD08933,2023-02-26,2,February,8,DMart-Nashik-3,Nashik,Beverages,Bread,5,184,0.13,800.4,93.17,Card
ORD08934,2023-09-05,9,September,36,DMart-Nagpur-3,Nagpur,Beverages,Detergent,3,480,0.22,1123.2,271.92,Card
ORD08935,2023-02-03,2,February,5,DMart-Mumbai-3,Mumbai,Household,Juice,2,124,0.15,210.8,52.36,Cash
ORD08936,2023-09-19,9,September,38,DMart-Nagpur-1,Nagpur,Dairy,Milk,1,268,0.0,268.0,46.83,Cash
ORD08937,2023-03-26,3,March,12,DMart-Nagpur-2,Nagpur,Dairy,Eggs,5,373,0.16,1566.6,163.03,UPI
ORD08938,2023-03-19,3,March,11,DMart-Nashik-1,Nashik,Dairy,Coffee,3,85,0.06,239.7,57.47,Wallet
ORD08939,2023-06-11,6,June,23,DMart-Nagpur-1,Nagpur,Groceries,Tissue,4,72,0.04,276.48,46.67,Wallet
ORD08940,2023-02-03,2,February,5,DMart-Nagpur-2,Nagpur,Beverages,Detergent,1,56,0.08,51.52,12.05,Wallet
ORD08941,2023-08-27,8,August,34,DMart-Pune-1,Pune,Personal Care,Oil,1,123,0.22,95.94,15.66,Cash
ORD08942,2023-11-01,11,November,44,DMart-Nashik-3,Nashik,Dairy,Water,4,353,0.16,1186.08,296.76,Cash
ORD08943,2023-02-17,2,February,7,DMart-Thane-2,Thane,Household,Detergent,5,53,0.05,251.75,53.3,Card
ORD08944,2023-12-31,12,December,52,DMart-Nashik-2,Nashik,Groceries,Shampoo,2,448,0.13,779.52,177.91,Cash
ORD08945,2023-12-09,12,December,49,DMart-Thane-3,Thane,Dairy,Detergent,5,190,0.28,684.0,168.65,Wallet
ORD08946,2023-05-25,5,May,21,DMart-Nashik-3,Nashik,Beverages,Eggs,3,350,0.01,1039.5,280.93,Card
ORD08947,2023-10-08,10,October,40,DMart-Pune-3,Pune,Dairy,Toothpaste,1,453,0.09,412.23,91.6,Card
ORD08948,2023-11-12,11,November,45,DMart-Pune-3,Pune,Household,Bread,4,273,0.29,775.32,150.04,Wallet
ORD08949,2023-08-20,8,August,33,DMart-Nagpur-3,Nagpur,Dairy,Chips,5,404,0.13,1757.4,319.49,Cash
ORD08950,2023-06-09,6,June,23,DMart-Pune-2,Pune,Dairy,Chips,5,406,0.26,1502.2,189.31,Cash
ORD08951,2023-04-13,4,April,15,DMart-Nagpur-1,Nagpur,Personal Care,Eggs,2,124,0.25,186.0,25.04,Card
ORD08952,2023-01-27,1,January,4,DMart-Thane-1,Thane,Groceries,Detergent,3,327,0.09,892.71,140.43,Cash
ORD08953,2023-03-16,3,March,11,DMart-Pune-3,Pune,Household,Rice,2,171,0.25,256.5,49.64,Cash
ORD08954,2023-10-20,10,October,42,DMart-Nashik-2,Nashik,Groceries,Milk,4,181,0.21,571.96,115.17,Card
ORD08955,2023-12-27,12,December,52,DMart-Mumbai-2,Mumbai,Household,Shampoo,2,443,0.18,726.52,209.98,UPI
ORD08956,2023-01-07,1,January,1,DMart-Mumbai-2,Mumbai,Dairy,Chips,5,365,0.14,1569.5,165.54,Cash
ORD08957,2023-07-12,7,July,28,DMart-Mumbai-2,Mumbai,Beverages,Bread,3,238,0.04,685.44,192.51,UPI
ORD08958,2023-03-19,3,March,11,DMart-Nagpur-1,Nagpur,Personal Care,Biscuits,3,98,0.09,267.54,38.47,UPI
ORD08959,2023-11-09,11,November,45,DMart-Pune-3,Pune,Groceries,Milk,4,237,0.29,673.08,114.47,Wallet
ORD08960,2023-11-26,11,November,47,DMart-Nagpur-2,Nagpur,Personal Care,Juice,2,47,0.14,80.84,23.79,Cash
ORD08961,2023-02-04,2,February,5,DMart-Nagpur-2,Nagpur,Household,Wheat,3,483,0.22,1130.22,311.78,Card
ORD08962,2023-04-30,4,April,17,DMart-Nagpur-2,Nagpur,Household,Detergent,2,391,0.1,703.8,179.5,Card
ORD08963,2023-12-19,12,December,51,DMart-Mumbai-2,Mumbai,Personal Care,Eggs,1,67,0.15,56.95,13.06,Card
ORD08964,2023-12-23,12,December,51,DMart-Nashik-2,Nashik,Household,Water,1,74,0.22,57.72,14.08,Cash
ORD08965,2023-09-14,9,September,37,DMart-Nashik-1,Nashik,Personal Care,Tissue,3,430,0.29,915.9,237.55,Cash
ORD08966,2023-07-04,7,July,27,DMart-Nagpur-1,Nagpur,Household,Tissue,1,423,0.16,355.32,80.34,UPI
ORD08967,2023-05-01,5,May,18,DMart-Nagpur-2,Nagpur,Personal Care,Eggs,3,285,0.01,846.45,169.88,Cash
ORD08968,2023-10-22,10,October,42,DMart-Nashik-2,Nashik,Personal Care,Biscuits,3,60,0.27,131.4,23.71,UPI
ORD08969,2023-02-24,2,February,8,DMart-Thane-3,Thane,Groceries,Rice,1,444,0.08,408.48,114.68,Cash
ORD08970,2023-10-20,10,October,42,DMart-Pune-3,Pune,Groceries,Toothpaste,3,242,0.28,522.72,97.57,Cash
ORD08971,2023-01-29,1,January,4,DMart-Nagpur-1,Nagpur,Personal Care,Eggs,1,491,0.28,353.52,73.67,Cash
ORD08972,2023-06-04,6,June,22,DMart-Nashik-2,Nashik,Dairy,Juice,1,321,0.01,317.79,40.79,Wallet
ORD08973,2023-11-21,11,November,47,DMart-Pune-1,Pune,Dairy,Toothpaste,4,131,0.25,393.0,115.13,Wallet
ORD08974,2023-11-29,11,November,48,DMart-Nashik-3,Nashik,Dairy,Juice,2,481,0.03,933.14,228.38,Card
ORD08975,2023-08-30,8,August,35,DMart-Pune-3,Pune,Groceries,Rice,4,94,0.21,297.04,30.77,Wallet
ORD08976,2023-12-28,12,December,52,DMart-Nashik-3,Nashik,Household,Bread,4,85,0.12,299.2,65.11,UPI
ORD08977,2023-07-18,7,July,29,DMart-Mumbai-2,Mumbai,Groceries,Milk,2,68,0.09,123.76,15.88,Card
ORD08978,2023-09-18,9,September,38,DMart-Nagpur-3,Nagpur,Personal Care,Coffee,1,137,0.04,131.52,31.69,Wallet
ORD08979,2023-03-09,3,March,10,DMart-Thane-1,Thane,Groceries,Detergent,5,61,0.0,305.0,42.83,Wallet
ORD08980,2023-12-19,12,December,51,DMart-Pune-1,Pune,Household,Detergent,2,188,0.11,334.64,72.94,Card
ORD08981,2023-09-16,9,September,37,DMart-Pune-2,Pune,Personal Care,Bread,4,147,0.29,417.48,115.78,Wallet
ORD08982,2023-09-26,9,September,39,DMart-Thane-1,Thane,Household,Detergent,2,481,0.09,875.42,145.54,Cash
ORD08983,2023-11-08,11,November,45,DMart-Thane-1,Thane,Personal Care,Detergent,1,293,0.23,225.61,32.33,Cash
ORD08984,2023-09-09,9,September,36,DMart-Thane-2,Thane,Dairy,Milk,2,410,0.17,680.6,138.68,UPI
ORD08985,2023-11-13,11,November,46,DMart-Nashik-3,Nashik,Personal Care,Bread,3,183,0.02,538.02,137.36,Wallet
ORD08986,2023-01-26,1,January,4,DMart-Pune-3,Pune,Beverages,Biscuits,3,166,0.0,498.0,129.19,Card
ORD08987,2023-09-06,9,September,36,DMart-Nashik-3,Nashik,Beverages,Chips,2,118,0.09,214.76,63.58,UPI
ORD08988,2023-08-04,8,August,31,DMart-Thane-1,Thane,Personal Care,Wheat,2,37,0.23,56.98,13.0,Cash
ORD08989,2023-05-23,5,May,21,DMart-Nashik-2,Nashik,Groceries,Oil,4,373,0.27,1089.16,130.28,Wallet
ORD08990,2023-09-21,9,September,38,DMart-Nagpur-1,Nagpur,Personal Care,Juice,3,404,0.23,933.24,131.35,Cash
ORD08991,2023-01-01,1,January,52,DMart-Pune-2,Pune,Beverages,Shampoo,3,404,0.1,1090.8,217.75,UPI
ORD08992,2023-09-12,9,September,37,DMart-Nashik-3,Nashik,Dairy,Biscuits,2,258,0.14,443.76,62.8,Wallet
ORD08993,2023-12-19,12,December,51,DMart-Thane-1,Thane,Dairy,Biscuits,2,250,0.08,460.0,74.73,Wallet
ORD08994,2023-03-03,3,March,9,DMart-Pune-2,Pune,Dairy,Bread,5,213,0.1,958.5,275.22,UPI
ORD08995,2023-08-02,8,August,31,DMart-Pune-3,Pune,Groceries,Bread,5,50,0.03,242.5,61.91,Card
ORD08996,2023-05-01,5,May,18,DMart-Nagpur-3,Nagpur,Groceries,Toothpaste,5,88,0.15,374.0,105.56,Card
ORD08997,2023-05-01,5,May,18,DMart-Pune-2,Pune,Household,Detergent,1,261,0.3,182.7,34.18,Cash
ORD08998,2023-02-09,2,February,6,DMart-Nagpur-2,Nagpur,Personal Care,Eggs,5,157,0.18,643.7,114.84,UPI
ORD08999,2023-08-08,8,August,32,DMart-Mumbai-2,Mumbai,Personal Care,Soap,5,214,0.04,1027.2,156.73,Cash
ORD09000,2023-06-19,6,June,25,DMart-Nashik-1,Nashik,Groceries,Soap,1,299,0.09,272.09,63.52,Wallet
ORD09001,2023-11-08,11,November,45,DMart-Thane-3,Thane,Groceries,Toothpaste,1,187,0.25,140.25,34.77,Card
ORD09002,2023-02-22,2,February,8,DMart-Mumbai-1,Mumbai,Household,Chips,5,159,0.0,795.0,144.55,UPI
ORD09003,2023-06-19,6,June,25,DMart-Mumbai-1,Mumbai,Dairy,Juice,1,256,0.28,184.32,32.63,Card
ORD09004,2023-01-21,1,January,3,DMart-Nashik-3,Nashik,Household,Wheat,4,70,0.25,210.0,25.41,Card
ORD09005,2023-05-06,5,May,18,DMart-Thane-3,Thane,Dairy,Tea,1,304,0.14,261.44,51.4,Card
ORD09006,2023-01-04,1,January,1,DMart-Nagpur-2,Nagpur,Household,Tissue,5,305,0.09,1387.75,270.18,Card
ORD09007,2023-12-03,12,December,48,DMart-Pune-2,Pune,Groceries,Eggs,1,421,0.11,374.69,92.74,Card
ORD09008,2023-02-02,2,February,5,DMart-Nagpur-3,Nagpur,Beverages,Juice,2,129,0.22,201.24,45.92,UPI
ORD09009,2023-09-24,9,September,38,DMart-Thane-1,Thane,Dairy,Tissue,4,217,0.3,607.6,60.95,Wallet
ORD09010,2023-05-10,5,May,19,DMart-Nashik-1,Nashik,Household,Oil,4,300,0.17,996.0,255.98,Wallet
ORD09011,2023-06-30,6,June,26,DMart-Mumbai-3,Mumbai,Groceries,Coffee,5,320,0.17,1328.0,254.93,UPI
ORD09012,2023-01-27,1,January,4,DMart-Nagpur-3,Nagpur,Beverages,Tea,3,375,0.26,832.5,162.07,Wallet
ORD09013,2023-11-29,11,November,48,DMart-Nashik-1,Nashik,Personal Care,Oil,5,182,0.08,837.2,100.51,UPI
ORD09014,2023-01-04,1,January,1,DMart-Pune-2,Pune,Household,Wheat,2,124,0.05,235.6,24.58,Wallet
ORD09015,2023-04-02,4,April,13,DMart-Nagpur-3,Nagpur,Personal Care,Rice,4,353,0.15,1200.2,161.3,UPI
ORD09016,2023-08-02,8,August,31,DMart-Nashik-2,Nashik,Household,Sugar,3,341,0.22,797.94,92.94,Cash
ORD09017,2023-04-03,4,April,14,DMart-Nagpur-3,Nagpur,Dairy,Detergent,4,325,0.06,1222.0,298.62,Cash
ORD09018,2023-04-01,4,April,13,DMart-Mumbai-3,Mumbai,Beverages,Juice,5,407,0.27,1485.55,343.02,Cash
ORD09019,2023-04-29,4,April,17,DMart-Pune-3,Pune,Beverages,Sugar,2,74,0.05,140.6,34.96,Cash
ORD09020,2023-12-25,12,December,52,DMart-Mumbai-3,Mumbai,Personal Care,Tea,5,109,0.3,381.5,87.39,Card
ORD09021,2023-08-28,8,August,35,DMart-Mumbai-3,Mumbai,Dairy,Detergent,2,237,0.13,412.38,85.05,UPI
ORD09022,2023-01-09,1,January,2,DMart-Mumbai-1,Mumbai,Dairy,Chips,3,96,0.04,276.48,51.18,Cash
ORD09023,2023-11-22,11,November,47,DMart-Nashik-3,Nashik,Household,Sugar,1,347,0.28,249.84,34.23,UPI
ORD09024,2023-01-09,1,January,2,DMart-Nagpur-3,Nagpur,Dairy,Coffee,5,288,0.3,1008.0,267.08,Cash
ORD09025,2023-02-09,2,February,6,DMart-Thane-3,Thane,Dairy,Milk,2,64,0.08,117.76,26.51,Wallet
ORD09026,2023-06-29,6,June,26,DMart-Thane-2,Thane,Groceries,Milk,1,50,0.01,49.5,9.34,Card
ORD09027,2023-06-20,6,June,25,DMart-Thane-1,Thane,Groceries,Bread,3,391,0.22,914.94,100.87,Cash
ORD09028,2023-02-04,2,February,5,DMart-Pune-3,Pune,Groceries,Tea,5,184,0.0,920.0,185.96,Cash
ORD09029,2023-02-12,2,February,6,DMart-Mumbai-3,Mumbai,Beverages,Sugar,3,31,0.03,90.21,12.01,Card
ORD09030,2023-01-31,1,January,5,DMart-Nashik-3,Nashik,Groceries,Sugar,5,105,0.14,451.5,115.35,Card
ORD09031,2023-01-31,1,January,5,DMart-Thane-1,Thane,Dairy,Detergent,4,222,0.25,666.0,72.13,Cash
ORD09032,2023-10-29,10,October,43,DMart-Mumbai-2,Mumbai,Dairy,Coffee,1,305,0.14,262.3,58.57,Card
ORD09033,2023-11-06,11,November,45,DMart-Pune-2,Pune,Personal Care,Soap,1,486,0.19,393.66,46.71,Card
ORD09034,2023-02-26,2,February,8,DMart-Nashik-1,Nashik,Groceries,Toothpaste,4,150,0.22,468.0,97.16,Cash
ORD09035,2023-09-11,9,September,37,DMart-Pune-1,Pune,Personal Care,Chips,1,52,0.18,42.64,7.24,Card
ORD09036,2023-10-04,10,October,40,DMart-Nagpur-2,Nagpur,Beverages,Soap,5,496,0.02,2430.4,639.95,Card
ORD09037,2023-04-27,4,April,17,DMart-Thane-3,Thane,Dairy,Juice,4,174,0.19,563.76,166.93,Cash
ORD09038,2023-07-01,7,July,26,DMart-Thane-3,Thane,Dairy,Bread,2,369,0.3,516.6,127.29,Card
ORD09039,2023-09-01,9,September,35,DMart-Nagpur-2,Nagpur,Groceries,Chips,5,432,0.27,1576.8,179.76,UPI
ORD09040,2023-07-02,7,July,26,DMart-Nashik-2,Nashik,Dairy,Juice,4,490,0.29,1391.6,373.28,Cash
ORD09041,2023-11-19,11,November,46,DMart-Nagpur-3,Nagpur,Household,Biscuits,5,189,0.17,784.35,89.9,Card
ORD09042,2023-06-29,6,June,26,DMart-Nagpur-2,Nagpur,Personal Care,Tea,4,63,0.0,252.0,47.5,Card
ORD09043,2023-08-30,8,August,35,DMart-Mumbai-1,Mumbai,Personal Care,Juice,2,485,0.29,688.7,132.49,Wallet
ORD09044,2023-02-22,2,February,8,DMart-Pune-1,Pune,Beverages,Wheat,1,108,0.07,100.44,10.47,Card
ORD09045,2023-04-30,4,April,17,DMart-Pune-3,Pune,Personal Care,Tissue,2,290,0.27,423.4,84.73,Wallet
ORD09046,2023-10-02,10,October,40,DMart-Nashik-2,Nashik,Groceries,Rice,4,389,0.29,1104.76,301.13,Wallet
ORD09047,2023-03-01,3,March,9,DMart-Pune-1,Pune,Household,Juice,1,20,0.26,14.8,3.02,Card
ORD09048,2023-08-27,8,August,34,DMart-Mumbai-2,Mumbai,Beverages,Chips,4,51,0.09,185.64,54.39,Card
ORD09049,2023-06-03,6,June,22,DMart-Thane-3,Thane,Dairy,Toothpaste,5,410,0.08,1886.0,294.48,UPI
ORD09050,2023-07-24,7,July,30,DMart-Mumbai-2,Mumbai,Dairy,Water,2,232,0.19,375.84,104.77,Cash
ORD09051,2023-04-27,4,April,17,DMart-Thane-1,Thane,Dairy,Tissue,3,116,0.29,247.08,59.33,Card
ORD09052,2023-02-10,2,February,6,DMart-Nashik-2,Nashik,Beverages,Chips,2,481,0.18,788.84,195.77,UPI
ORD09053,2023-08-25,8,August,34,DMart-Nagpur-3,Nagpur,Personal Care,Tea,4,367,0.02,1438.64,198.59,Wallet
ORD09054,2023-03-02,3,March,9,DMart-Pune-1,Pune,Groceries,Water,1,49,0.06,46.06,5.57,Wallet
ORD09055,2023-09-14,9,September,37,DMart-Nashik-1,Nashik,Groceries,Tea,5,430,0.15,1827.5,423.41,Wallet
ORD09056,2023-12-07,12,December,49,DMart-Thane-1,Thane,Household,Detergent,5,104,0.27,379.6,56.29,Cash
ORD09057,2023-08-19,8,August,33,DMart-Nashik-2,Nashik,Dairy,Coffee,3,439,0.17,1093.11,174.64,Cash
ORD09058,2023-11-07,11,November,45,DMart-Nashik-1,Nashik,Personal Care,Rice,3,115,0.0,345.0,74.91,Card
ORD09059,2023-07-29,7,July,30,DMart-Mumbai-1,Mumbai,Personal Care,Water,3,21,0.28,45.36,12.83,Wallet
ORD09060,2023-09-22,9,September,38,DMart-Mumbai-3,Mumbai,Dairy,Rice,3,437,0.23,1009.47,175.57,Wallet
ORD09061,2023-04-12,4,April,15,DMart-Pune-2,Pune,Household,Tea,1,154,0.14,132.44,30.7,Cash
ORD09062,2023-10-25,10,October,43,DMart-Nashik-1,Nashik,Dairy,Rice,1,157,0.13,136.59,40.1,Cash
ORD09063,2023-09-11,9,September,37,DMart-Nashik-1,Nashik,Dairy,Tea,4,117,0.18,383.76,86.97,UPI
ORD09064,2023-01-17,1,January,3,DMart-Nashik-1,Nashik,Beverages,Rice,2,481,0.25,721.5,193.44,Cash
ORD09065,2023-03-01,3,March,9,DMart-Mumbai-1,Mumbai,Beverages,Bread,5,83,0.13,361.05,56.48,Card
ORD09066,2023-09-28,9,September,39,DMart-Nashik-1,Nashik,Beverages,Biscuits,2,43,0.06,80.84,9.42,Wallet
ORD09067,2023-05-31,5,May,22,DMart-Mumbai-1,Mumbai,Personal Care,Shampoo,3,81,0.29,172.53,30.31,UPI
ORD09068,2023-08-31,8,August,35,DMart-Nagpur-3,Nagpur,Beverages,Oil,1,397,0.0,397.0,78.15,UPI
ORD09069,2023-09-19,9,September,38,DMart-Mumbai-3,Mumbai,Personal Care,Milk,2,295,0.26,436.6,48.48,Cash
ORD09070,2023-03-15,3,March,11,DMart-Mumbai-3,Mumbai,Beverages,Oil,2,433,0.12,762.08,218.94,Cash
ORD09071,2023-09-05,9,September,36,DMart-Pune-3,Pune,Personal Care,Juice,3,313,0.22,732.42,191.99,Wallet
ORD09072,2023-02-23,2,February,8,DMart-Mumbai-3,Mumbai,Personal Care,Detergent,5,473,0.25,1773.75,528.13,Card
ORD09073,2023-01-09,1,January,2,DMart-Pune-3,Pune,Personal Care,Rice,5,454,0.14,1952.2,290.76,Wallet
ORD09074,2023-11-26,11,November,47,DMart-Pune-1,Pune,Household,Shampoo,2,376,0.27,548.96,152.48,Cash
ORD09075,2023-11-20,11,November,47,DMart-Thane-2,Thane,Groceries,Biscuits,1,76,0.28,54.72,15.59,Cash
ORD09076,2023-09-10,9,September,36,DMart-Mumbai-2,Mumbai,Dairy,Detergent,2,60,0.1,108.0,29.07,Cash
ORD09077,2023-10-30,10,October,44,DMart-Pune-3,Pune,Personal Care,Eggs,1,237,0.15,201.45,59.83,Cash
ORD09078,2023-09-27,9,September,39,DMart-Mumbai-1,Mumbai,Dairy,Detergent,4,431,0.26,1275.76,223.95,Wallet
ORD09079,2023-02-04,2,February,5,DMart-Nashik-3,Nashik,Groceries,Tea,3,87,0.1,234.9,55.86,Wallet
ORD09080,2023-06-26,6,June,26,DMart-Thane-2,Thane,Beverages,Tissue,2,313,0.19,507.06,62.54,Wallet
ORD09081,2023-10-02,10,October,40,DMart-Pune-1,Pune,Personal Care,Bread,1,156,0.25,117.0,24.5,Card
ORD09082,2023-12-05,12,December,49,DMart-Nagpur-3,Nagpur,Beverages,Shampoo,3,126,0.01,374.22,51.13,Card
ORD09083,2023-12-19,12,December,51,DMart-Nagpur-2,Nagpur,Household,Chips,1,324,0.01,320.76,64.87,Cash
ORD09084,2023-09-08,9,September,36,DMart-Mumbai-1,Mumbai,Personal Care,Chips,2,213,0.1,383.4,75.9,UPI
ORD09085,2023-09-17,9,September,37,DMart-Mumbai-1,Mumbai,Household,Sugar,5,237,0.06,1113.9,147.37,Wallet
ORD09086,2023-04-15,4,April,15,DMart-Mumbai-2,Mumbai,Personal Care,Tissue,3,188,0.07,524.52,99.13,Cash
ORD09087,2023-03-09,3,March,10,DMart-Thane-2,Thane,Household,Water,2,319,0.16,535.92,118.89,UPI
ORD09088,2023-03-10,3,March,10,DMart-Thane-1,Thane,Household,Shampoo,4,491,0.13,1708.68,201.65,UPI
ORD09089,2023-06-08,6,June,23,DMart-Mumbai-2,Mumbai,Personal Care,Tissue,4,262,0.01,1037.52,123.81,Cash
ORD09090,2023-11-16,11,November,46,DMart-Nashik-3,Nashik,Personal Care,Tissue,3,87,0.11,232.29,32.4,Cash
ORD09091,2023-06-10,6,June,23,DMart-Mumbai-3,Mumbai,Groceries,Coffee,2,299,0.24,454.48,80.94,UPI
ORD09092,2023-08-22,8,August,34,DMart-Nashik-2,Nashik,Groceries,Oil,5,226,0.08,1039.6,189.04,Wallet
ORD09093,2023-07-02,7,July,26,DMart-Thane-2,Thane,Beverages,Juice,3,297,0.01,882.09,138.22,Cash
ORD09094,2023-11-27,11,November,48,DMart-Nagpur-2,Nagpur,Dairy,Wheat,4,442,0.08,1626.56,352.35,UPI
ORD09095,2023-08-06,8,August,31,DMart-Mumbai-2,Mumbai,Beverages,Toothpaste,4,232,0.02,909.44,119.97,UPI
ORD09096,2023-06-03,6,June,22,DMart-Nagpur-2,Nagpur,Personal Care,Tissue,3,241,0.02,708.54,116.41,UPI
ORD09097,2023-03-04,3,March,9,DMart-Nagpur-1,Nagpur,Groceries,Soap,5,376,0.02,1842.4,275.46,UPI
ORD09098,2023-10-30,10,October,44,DMart-Nagpur-1,Nagpur,Dairy,Wheat,5,423,0.05,2009.25,432.7,Wallet
ORD09099,2023-04-01,4,April,13,DMart-Mumbai-2,Mumbai,Groceries,Bread,1,273,0.24,207.48,58.98,UPI
ORD09100,2023-07-07,7,July,27,DMart-Nashik-2,Nashik,Dairy,Rice,4,116,0.13,403.68,82.3,Card
ORD09101,2023-11-08,11,November,45,DMart-Nagpur-2,Nagpur,Household,Toothpaste,4,92,0.17,305.44,43.1,Wallet
ORD09102,2023-05-23,5,May,21,DMart-Nagpur-2,Nagpur,Personal Care,Toothpaste,2,116,0.3,162.4,25.66,Cash
ORD09103,2023-10-21,10,October,42,DMart-Nagpur-3,Nagpur,Beverages,Chips,5,158,0.24,600.4,172.78,Card
ORD09104,2023-09-01,9,September,35,DMart-Nashik-3,Nashik,Personal Care,Bread,4,371,0.01,1469.16,223.47,UPI
ORD09105,2023-10-06,10,October,40,DMart-Thane-1,Thane,Personal Care,Sugar,1,275,0.15,233.75,27.59,Card
ORD09106,2023-05-20,5,May,20,DMart-Pune-1,Pune,Dairy,Toothpaste,5,350,0.06,1645.0,356.16,UPI
ORD09107,2023-05-20,5,May,20,DMart-Thane-2,Thane,Groceries,Coffee,1,482,0.09,438.62,58.56,Card
ORD09108,2023-06-14,6,June,24,DMart-Pune-1,Pune,Personal Care,Shampoo,2,79,0.01,156.42,16.78,Cash
ORD09109,2023-07-16,7,July,28,DMart-Mumbai-3,Mumbai,Groceries,Tissue,1,294,0.12,258.72,66.85,Card
ORD09110,2023-03-14,3,March,11,DMart-Nagpur-1,Nagpur,Household,Soap,5,344,0.15,1462.0,332.91,Wallet
ORD09111,2023-06-13,6,June,24,DMart-Thane-1,Thane,Dairy,Eggs,5,339,0.18,1389.9,288.1,Cash
ORD09112,2023-10-10,10,October,41,DMart-Nagpur-3,Nagpur,Beverages,Coffee,5,330,0.01,1633.5,281.8,Card
ORD09113,2023-03-01,3,March,9,DMart-Thane-2,Thane,Household,Toothpaste,3,113,0.13,294.93,78.21,Cash
ORD09114,2023-02-04,2,February,5,DMart-Nagpur-2,Nagpur,Household,Detergent,2,22,0.23,33.88,5.21,Cash
ORD09115,2023-12-26,12,December,52,DMart-Nashik-1,Nashik,Personal Care,Rice,4,74,0.19,239.76,34.27,Card
ORD09116,2023-09-09,9,September,36,DMart-Pune-1,Pune,Household,Soap,1,57,0.24,43.32,10.32,Wallet
ORD09117,2023-01-03,1,January,1,DMart-Mumbai-3,Mumbai,Dairy,Tea,5,56,0.11,249.2,26.75,UPI
ORD09118,2023-07-21,7,July,29,DMart-Nagpur-1,Nagpur,Personal Care,Sugar,3,147,0.01,436.59,73.67,Card
ORD09119,2023-11-10,11,November,45,DMart-Pune-3,Pune,Beverages,Detergent,1,334,0.24,253.84,31.06,UPI
ORD09120,2023-06-08,6,June,23,DMart-Pune-2,Pune,Groceries,Wheat,4,56,0.11,199.36,34.38,UPI
ORD09121,2023-06-16,6,June,24,DMart-Nagpur-2,Nagpur,Household,Tea,3,78,0.02,229.32,29.87,Wallet
ORD09122,2023-01-13,1,January,2,DMart-Nagpur-2,Nagpur,Beverages,Sugar,2,142,0.3,198.8,54.81,UPI
ORD09123,2023-12-05,12,December,49,DMart-Nashik-3,Nashik,Dairy,Tissue,5,450,0.05,2137.5,467.77,UPI
ORD09124,2023-05-04,5,May,18,DMart-Nagpur-2,Nagpur,Groceries,Detergent,1,395,0.2,316.0,66.57,Card
ORD09125,2023-12-01,12,December,48,DMart-Mumbai-3,Mumbai,Groceries,Wheat,4,420,0.08,1545.6,223.63,Wallet
ORD09126,2023-03-26,3,March,12,DMart-Nagpur-2,Nagpur,Beverages,Tissue,2,128,0.3,179.2,25.94,Wallet
ORD09127,2023-01-22,1,January,3,DMart-Pune-2,Pune,Beverages,Eggs,4,213,0.3,596.4,76.17,Card
ORD09128,2023-03-16,3,March,11,DMart-Pune-2,Pune,Personal Care,Toothpaste,2,108,0.05,205.2,57.57,Wallet
ORD09129,2023-03-18,3,March,11,DMart-Pune-1,Pune,Dairy,Detergent,2,348,0.07,647.28,104.17,UPI
ORD09130,2023-11-20,11,November,47,DMart-Thane-2,Thane,Groceries,Water,2,415,0.05,788.5,100.32,Wallet
ORD09131,2023-06-19,6,June,25,DMart-Thane-2,Thane,Groceries,Water,3,275,0.16,693.0,98.98,Card
ORD09132,2023-12-10,12,December,49,DMart-Nagpur-3,Nagpur,Personal Care,Sugar,1,132,0.19,106.92,28.07,Cash
ORD09133,2023-09-21,9,September,38,DMart-Nashik-2,Nashik,Household,Sugar,2,383,0.09,697.06,171.7,UPI
ORD09134,2023-05-24,5,May,21,DMart-Thane-1,Thane,Dairy,Oil,4,326,0.07,1212.72,207.67,Wallet
ORD09135,2023-07-09,7,July,27,DMart-Nashik-1,Nashik,Dairy,Bread,5,282,0.07,1311.3,170.19,UPI
ORD09136,2023-10-29,10,October,43,DMart-Nashik-2,Nashik,Beverages,Coffee,5,336,0.01,1663.2,438.3,UPI
ORD09137,2023-11-09,11,November,45,DMart-Mumbai-2,Mumbai,Personal Care,Soap,4,246,0.17,816.72,141.74,Card
ORD09138,2023-06-28,6,June,26,DMart-Thane-3,Thane,Beverages,Chips,5,414,0.09,1883.7,295.41,Card
ORD09139,2023-03-14,3,March,11,DMart-Mumbai-3,Mumbai,Dairy,Tea,2,270,0.13,469.8,99.8,UPI
ORD09140,2023-04-15,4,April,15,DMart-Pune-3,Pune,Household,Shampoo,2,129,0.15,219.3,51.47,Wallet
ORD09141,2023-11-23,11,November,47,DMart-Thane-1,Thane,Personal Care,Soap,3,297,0.02,873.18,127.81,UPI
ORD09142,2023-02-09,2,February,6,DMart-Nashik-3,Nashik,Personal Care,Oil,2,188,0.03,364.72,47.06,Wallet
ORD09143,2023-05-10,5,May,19,DMart-Pune-3,Pune,Personal Care,Biscuits,5,375,0.12,1650.0,311.79,Wallet
ORD09144,2023-01-18,1,January,3,DMart-Thane-2,Thane,Personal Care,Biscuits,4,74,0.02,290.08,49.99,Cash
ORD09145,2023-11-30,11,November,48,DMart-Pune-1,Pune,Dairy,Tissue,2,485,0.25,727.5,204.13,Card
ORD09146,2023-07-22,7,July,29,DMart-Nashik-1,Nashik,Beverages,Bread,1,192,0.03,186.24,26.29,Card
ORD09147,2023-02-27,2,February,9,DMart-Pune-1,Pune,Dairy,Wheat,3,393,0.02,1155.42,133.58,Wallet
ORD09148,2023-04-09,4,April,14,DMart-Nagpur-2,Nagpur,Groceries,Milk,2,498,0.04,956.16,101.75,UPI
ORD09149,2023-10-04,10,October,40,DMart-Nashik-1,Nashik,Dairy,Bread,4,342,0.24,1039.68,305.64,Wallet
ORD09150,2023-10-03,10,October,40,DMart-Nashik-1,Nashik,Household,Water,4,376,0.13,1308.48,191.13,Wallet
ORD09151,2023-01-09,1,January,2,DMart-Nashik-3,Nashik,Beverages,Juice,5,298,0.13,1296.3,337.66,Wallet
ORD09152,2023-06-10,6,June,23,DMart-Nashik-1,Nashik,Household,Juice,5,70,0.05,332.5,74.81,Card
ORD09153,2023-10-21,10,October,42,DMart-Pune-2,Pune,Groceries,Sugar,2,29,0.19,46.98,13.49,UPI
ORD09154,2023-09-27,9,September,39,DMart-Nagpur-2,Nagpur,Beverages,Eggs,5,27,0.07,125.55,16.23,Card
ORD09155,2023-04-08,4,April,14,DMart-Nagpur-3,Nagpur,Household,Milk,4,388,0.19,1257.12,198.6,Wallet
ORD09156,2023-04-08,4,April,14,DMart-Nashik-1,Nashik,Groceries,Milk,1,376,0.27,274.48,40.76,Cash
ORD09157,2023-07-22,7,July,29,DMart-Nagpur-1,Nagpur,Dairy,Chips,2,123,0.07,228.78,50.36,Cash
ORD09158,2023-02-20,2,February,8,DMart-Mumbai-2,Mumbai,Personal Care,Tissue,3,214,0.28,462.24,109.33,Cash
ORD09159,2023-06-23,6,June,25,DMart-Pune-3,Pune,Personal Care,Sugar,3,170,0.29,362.1,66.11,UPI
ORD09160,2023-04-09,4,April,14,DMart-Nagpur-1,Nagpur,Beverages,Juice,5,494,0.15,2099.5,445.7,Cash
ORD09161,2023-01-27,1,January,4,DMart-Mumbai-3,Mumbai,Groceries,Detergent,3,21,0.14,54.18,5.45,UPI
ORD09162,2023-08-02,8,August,31,DMart-Nagpur-3,Nagpur,Groceries,Wheat,5,443,0.16,1860.6,473.42,Card
ORD09163,2023-12-04,12,December,49,DMart-Thane-1,Thane,Household,Eggs,2,61,0.22,95.16,28.27,Wallet
ORD09164,2023-05-06,5,May,18,DMart-Thane-2,Thane,Groceries,Oil,2,206,0.17,341.96,69.61,UPI
ORD09165,2023-02-21,2,February,8,DMart-Thane-3,Thane,Household,Bread,1,380,0.09,345.8,94.98,Card
ORD09166,2023-03-24,3,March,12,DMart-Nashik-1,Nashik,Dairy,Detergent,4,141,0.03,547.08,101.91,Cash
ORD09167,2023-01-11,1,January,2,DMart-Pune-1,Pune,Dairy,Coffee,5,402,0.19,1628.1,368.33,UPI
ORD09168,2023-02-05,2,February,5,DMart-Mumbai-2,Mumbai,Groceries,Milk,1,40,0.3,28.0,4.83,Cash
ORD09169,2023-08-01,8,August,31,DMart-Thane-2,Thane,Household,Wheat,5,270,0.09,1228.5,261.27,Cash
ORD09170,2023-05-25,5,May,21,DMart-Nagpur-2,Nagpur,Groceries,Milk,4,317,0.21,1001.72,271.58,Wallet
ORD09171,2023-08-07,8,August,32,DMart-Pune-3,Pune,Groceries,Soap,1,36,0.19,29.16,8.49,UPI
ORD09172,2023-02-09,2,February,6,DMart-Nashik-1,Nashik,Dairy,Shampoo,2,88,0.12,154.88,25.62,UPI
ORD09173,2023-03-26,3,March,12,DMart-Thane-2,Thane,Groceries,Coffee,4,152,0.24,462.08,110.36,Card
ORD09174,2023-01-07,1,January,1,DMart-Mumbai-3,Mumbai,Personal Care,Coffee,2,435,0.06,817.8,119.1,Wallet
ORD09175,2023-07-10,7,July,28,DMart-Nashik-3,Nashik,Household,Wheat,3,359,0.29,764.67,123.67,Card
ORD09176,2023-09-21,9,September,38,DMart-Nashik-2,Nashik,Groceries,Soap,3,273,0.23,630.63,136.35,UPI
ORD09177,2023-08-01,8,August,31,DMart-Nagpur-2,Nagpur,Groceries,Rice,1,223,0.13,194.01,47.14,Wallet
ORD09178,2023-04-25,4,April,17,DMart-Nashik-3,Nashik,Personal Care,Rice,4,122,0.05,463.6,60.45,Card
ORD09179,2023-09-04,9,September,36,DMart-Thane-1,Thane,Household,Biscuits,5,153,0.07,711.45,128.47,Cash
ORD09180,2023-08-16,8,August,33,DMart-Nagpur-3,Nagpur,Groceries,Wheat,2,441,0.25,661.5,134.06,Cash
ORD09181,2023-01-04,1,January,1,DMart-Mumbai-3,Mumbai,Household,Milk,4,184,0.17,610.88,124.57,UPI
ORD09182,2023-04-29,4,April,17,DMart-Nashik-2,Nashik,Household,Chips,2,239,0.06,449.32,69.52,UPI
ORD09183,2023-12-03,12,December,48,DMart-Mumbai-3,Mumbai,Dairy,Milk,3,442,0.29,941.46,237.54,Wallet
ORD09184,2023-06-04,6,June,22,DMart-Nashik-1,Nashik,Groceries,Sugar,3,82,0.2,196.8,30.49,UPI
ORD09185,2023-04-09,4,April,14,DMart-Nagpur-2,Nagpur,Beverages,Rice,4,215,0.25,645.0,108.03,Wallet
ORD09186,2023-08-04,8,August,31,DMart-Nagpur-2,Nagpur,Personal Care,Rice,2,75,0.11,133.5,39.61,Card
ORD09187,2023-05-02,5,May,18,DMart-Thane-1,Thane,Dairy,Toothpaste,1,83,0.17,68.89,11.18,UPI
ORD09188,2023-12-24,12,December,51,DMart-Pune-2,Pune,Dairy,Rice,1,380,0.13,330.6,73.04,Wallet
ORD09189,2023-08-10,8,August,32,DMart-Thane-2,Thane,Groceries,Detergent,2,412,0.26,609.76,162.26,Wallet
ORD09190,2023-05-30,5,May,22,DMart-Nagpur-1,Nagpur,Beverages,Tissue,1,76,0.14,65.36,17.35,Wallet
ORD09191,2023-02-28,2,February,9,DMart-Nagpur-3,Nagpur,Beverages,Milk,4,271,0.29,769.64,175.81,Card
ORD09192,2023-12-20,12,December,51,DMart-Mumbai-3,Mumbai,Personal Care,Tea,3,237,0.25,533.25,98.95,Wallet
ORD09193,2023-07-08,7,July,27,DMart-Nagpur-2,Nagpur,Dairy,Wheat,2,301,0.15,511.7,137.31,Card
ORD09194,2023-07-30,7,July,30,DMart-Pune-3,Pune,Household,Shampoo,3,113,0.22,264.42,41.83,Wallet
ORD09195,2023-07-14,7,July,28,DMart-Mumbai-3,Mumbai,Beverages,Soap,4,170,0.21,537.2,113.72,Cash
ORD09196,2023-01-25,1,January,4,DMart-Nashik-3,Nashik,Dairy,Oil,4,271,0.16,910.56,136.07,UPI
ORD09197,2023-12-12,12,December,50,DMart-Mumbai-3,Mumbai,Groceries,Detergent,4,140,0.04,537.6,126.37,Cash
ORD09198,2023-05-28,5,May,21,DMart-Nagpur-2,Nagpur,Beverages,Juice,3,136,0.05,387.6,43.92,Cash
ORD09199,2023-06-22,6,June,25,DMart-Pune-1,Pune,Dairy,Coffee,4,213,0.14,732.72,157.14,Cash
ORD09200,2023-01-25,1,January,4,DMart-Mumbai-1,Mumbai,Groceries,Milk,1,118,0.08,108.56,15.0,Wallet
ORD09201,2023-08-26,8,August,34,DMart-Nashik-2,Nashik,Groceries,Rice,1,346,0.04,332.16,93.74,Card
ORD09202,2023-04-10,4,April,15,DMart-Thane-1,Thane,Dairy,Bread,5,277,0.09,1260.35,141.75,Card
ORD09203,2023-07-09,7,July,27,DMart-Mumbai-2,Mumbai,Groceries,Chips,4,495,0.26,1465.2,193.8,Cash
ORD09204,2023-01-27,1,January,4,DMart-Pune-2,Pune,Dairy,Water,5,56,0.17,232.4,40.26,Cash
ORD09205,2023-08-10,8,August,32,DMart-Nagpur-1,Nagpur,Personal Care,Water,4,476,0.08,1751.68,422.52,UPI
ORD09206,2023-11-22,11,November,47,DMart-Mumbai-3,Mumbai,Personal Care,Wheat,1,185,0.12,162.8,27.61,Wallet
ORD09207,2023-06-13,6,June,24,DMart-Mumbai-3,Mumbai,Personal Care,Shampoo,2,450,0.15,765.0,82.2,Cash
ORD09208,2023-06-05,6,June,23,DMart-Nashik-1,Nashik,Beverages,Oil,2,93,0.17,154.38,29.33,Wallet
ORD09209,2023-01-31,1,January,5,DMart-Pune-3,Pune,Groceries,Rice,5,310,0.1,1395.0,215.13,Cash
ORD09210,2023-07-28,7,July,30,DMart-Pune-1,Pune,Beverages,Eggs,4,340,0.12,1196.8,177.17,Cash
ORD09211,2023-04-06,4,April,14,DMart-Pune-1,Pune,Beverages,Eggs,3,445,0.3,934.5,214.06,UPI
ORD09212,2023-08-09,8,August,32,DMart-Nagpur-1,Nagpur,Personal Care,Wheat,1,99,0.06,93.06,18.49,Cash
ORD09213,2023-03-08,3,March,10,DMart-Nashik-3,Nashik,Personal Care,Wheat,4,36,0.07,133.92,25.98,Wallet
ORD09214,2023-08-03,8,August,31,DMart-Thane-2,Thane,Groceries,Tissue,1,143,0.13,124.41,33.2,Wallet
ORD09215,2023-08-11,8,August,32,DMart-Nagpur-1,Nagpur,Personal Care,Rice,5,385,0.0,1925.0,295.9,Wallet
ORD09216,2023-01-12,1,January,2,DMart-Mumbai-2,Mumbai,Beverages,Wheat,5,191,0.24,725.8,106.91,Card
ORD09217,2023-10-21,10,October,42,DMart-Thane-2,Thane,Beverages,Eggs,5,157,0.22,612.3,135.64,Wallet
ORD09218,2023-02-13,2,February,7,DMart-Thane-1,Thane,Household,Biscuits,2,42,0.25,63.0,13.35,UPI
ORD09219,2023-08-02,8,August,31,DMart-Nashik-3,Nashik,Dairy,Bread,3,186,0.29,396.18,66.02,Card
ORD09220,2023-02-24,2,February,8,DMart-Thane-1,Thane,Beverages,Shampoo,1,344,0.16,288.96,65.51,Cash
ORD09221,2023-08-11,8,August,32,DMart-Thane-1,Thane,Groceries,Water,4,138,0.07,513.36,78.61,Cash
ORD09222,2023-12-30,12,December,52,DMart-Pune-1,Pune,Groceries,Water,4,486,0.18,1594.08,228.98,UPI
ORD09223,2023-05-08,5,May,19,DMart-Nagpur-3,Nagpur,Dairy,Water,3,169,0.25,380.25,98.58,Cash
ORD09224,2023-05-18,5,May,20,DMart-Nashik-2,Nashik,Dairy,Soap,4,111,0.08,408.48,63.51,Card
ORD09225,2023-09-19,9,September,38,DMart-Mumbai-2,Mumbai,Personal Care,Oil,5,174,0.08,800.4,146.6,Card
ORD09226,2023-03-22,3,March,12,DMart-Thane-1,Thane,Personal Care,Detergent,1,302,0.1,271.8,80.26,Cash
ORD09227,2023-07-05,7,July,27,DMart-Nashik-2,Nashik,Personal Care,Juice,1,174,0.2,139.2,27.47,Card
ORD09228,2023-10-20,10,October,42,DMart-Mumbai-1,Mumbai,Personal Care,Oil,5,354,0.22,1380.6,146.12,Cash
ORD09229,2023-03-13,3,March,11,DMart-Thane-3,Thane,Personal Care,Biscuits,1,458,0.12,403.04,42.77,UPI
ORD09230,2023-03-17,3,March,11,DMart-Mumbai-1,Mumbai,Household,Shampoo,4,319,0.02,1250.48,203.1,Wallet
ORD09231,2023-09-07,9,September,36,DMart-Nashik-1,Nashik,Household,Biscuits,3,220,0.01,653.4,193.37,Cash
ORD09232,2023-12-12,12,December,50,DMart-Nagpur-2,Nagpur,Dairy,Rice,1,451,0.21,356.29,76.19,Wallet
ORD09233,2023-12-22,12,December,51,DMart-Thane-3,Thane,Beverages,Juice,4,427,0.0,1708.0,393.33,Wallet
ORD09234,2023-12-06,12,December,49,DMart-Pune-2,Pune,Groceries,Rice,3,226,0.12,596.64,67.94,Wallet
ORD09235,2023-07-30,7,July,30,DMart-Nashik-2,Nashik,Beverages,Milk,5,231,0.11,1027.95,116.0,Card
ORD09236,2023-02-04,2,February,5,DMart-Mumbai-2,Mumbai,Dairy,Juice,1,276,0.05,262.2,46.25,Card
ORD09237,2023-04-02,4,April,13,DMart-Thane-1,Thane,Household,Milk,3,491,0.15,1252.05,197.07,Wallet
ORD09238,2023-09-24,9,September,38,DMart-Thane-1,Thane,Groceries,Biscuits,4,127,0.3,355.6,73.08,Card
ORD09239,2023-10-04,10,October,40,DMart-Thane-2,Thane,Beverages,Rice,4,156,0.07,580.32,163.44,Cash
ORD09240,2023-01-22,1,January,3,DMart-Mumbai-2,Mumbai,Personal Care,Milk,2,436,0.19,706.32,83.85,Card
ORD09241,2023-03-05,3,March,9,DMart-Pune-3,Pune,Dairy,Oil,2,75,0.19,121.5,13.14,Card
ORD09242,2023-02-04,2,February,5,DMart-Nashik-1,Nashik,Personal Care,Eggs,2,344,0.12,605.44,136.85,UPI
ORD09243,2023-02-16,2,February,7,DMart-Nagpur-3,Nagpur,Beverages,Soap,3,319,0.13,832.59,87.84,Cash
ORD09244,2023-09-19,9,September,38,DMart-Thane-2,Thane,Household,Bread,2,192,0.03,372.48,108.58,UPI
ORD09245,2023-10-06,10,October,40,DMart-Mumbai-2,Mumbai,Dairy,Chips,2,88,0.29,124.96,27.87,Cash
ORD09246,2023-06-09,6,June,23,DMart-Pune-2,Pune,Dairy,Bread,1,60,0.11,53.4,14.66,Wallet
ORD09247,2023-10-25,10,October,43,DMart-Thane-1,Thane,Groceries,Tea,5,151,0.23,581.35,130.93,UPI
ORD09248,2023-02-10,2,February,6,DMart-Thane-1,Thane,Groceries,Bread,1,213,0.1,191.7,50.83,Card
ORD09249,2023-06-08,6,June,23,DMart-Thane-2,Thane,Dairy,Soap,5,483,0.08,2221.8,376.31,Cash
ORD09250,2023-03-08,3,March,10,DMart-Pune-1,Pune,Household,Eggs,5,254,0.29,901.7,182.22,Cash
ORD09251,2023-01-02,1,January,1,DMart-Nagpur-3,Nagpur,Beverages,Tea,1,312,0.08,287.04,83.98,Wallet
ORD09252,2023-08-01,8,August,31,DMart-Thane-1,Thane,Dairy,Shampoo,2,246,0.0,492.0,135.51,UPI
ORD09253,2023-01-27,1,January,4,DMart-Nagpur-1,Nagpur,Household,Oil,4,307,0.01,1215.72,336.07,UPI
ORD09254,2023-03-17,3,March,11,DMart-Nashik-2,Nashik,Beverages,Milk,1,48,0.03,46.56,8.17,Cash
ORD09255,2023-02-14,2,February,7,DMart-Pune-1,Pune,Household,Juice,1,427,0.29,303.17,83.76,UPI
ORD09256,2023-09-23,9,September,38,DMart-Thane-3,Thane,Household,Oil,3,257,0.2,616.8,141.33,Cash
ORD09257,2023-08-21,8,August,34,DMart-Thane-1,Thane,Dairy,Coffee,5,57,0.29,202.35,53.84,Cash
ORD09258,2023-08-09,8,August,32,DMart-Pune-3,Pune,Beverages,Juice,1,349,0.21,275.71,46.0,Card
ORD09259,2023-04-30,4,April,17,DMart-Nagpur-2,Nagpur,Groceries,Shampoo,2,45,0.13,78.3,18.52,Cash
ORD09260,2023-07-30,7,July,30,DMart-Thane-2,Thane,Personal Care,Sugar,4,89,0.14,306.16,50.06,Card
ORD09261,2023-05-13,5,May,19,DMart-Nagpur-3,Nagpur,Groceries,Eggs,4,377,0.03,1462.76,390.93,Wallet
ORD09262,2023-10-30,10,October,44,DMart-Mumbai-3,Mumbai,Groceries,Detergent,3,472,0.24,1076.16,261.4,Cash
ORD09263,2023-09-17,9,September,37,DMart-Nashik-3,Nashik,Household,Biscuits,5,112,0.29,397.6,58.96,Cash
ORD09264,2023-06-01,6,June,22,DMart-Nagpur-1,Nagpur,Household,Shampoo,2,94,0.28,135.36,29.29,Wallet
ORD09265,2023-07-25,7,July,30,DMart-Nagpur-3,Nagpur,Personal Care,Oil,4,440,0.24,1337.6,167.11,Card
ORD09266,2023-08-26,8,August,34,DMart-Mumbai-1,Mumbai,Groceries,Wheat,1,67,0.27,48.91,10.5,Wallet
ORD09267,2023-04-29,4,April,17,DMart-Thane-2,Thane,Household,Tea,4,488,0.12,1717.76,282.27,Wallet
ORD09268,2023-03-01,3,March,9,DMart-Pune-2,Pune,Beverages,Chips,2,267,0.18,437.88,47.54,Cash
ORD09269,2023-12-01,12,December,48,DMart-Nagpur-2,Nagpur,Household,Soap,3,234,0.02,687.96,132.63,UPI
ORD09270,2023-11-29,11,November,48,DMart-Thane-1,Thane,Dairy,Coffee,4,428,0.05,1626.4,274.71,Cash
ORD09271,2023-07-23,7,July,29,DMart-Mumbai-2,Mumbai,Beverages,Eggs,2,333,0.03,646.02,84.81,Card
ORD09272,2023-02-08,2,February,6,DMart-Thane-1,Thane,Groceries,Wheat,5,330,0.19,1336.5,162.59,UPI
ORD09273,2023-05-20,5,May,20,DMart-Mumbai-1,Mumbai,Personal Care,Detergent,2,68,0.21,107.44,12.53,UPI
ORD09274,2023-06-17,6,June,24,DMart-Mumbai-1,Mumbai,Groceries,Detergent,4,252,0.27,735.84,174.8,Cash
ORD09275,2023-03-27,3,March,13,DMart-Pune-1,Pune,Beverages,Wheat,3,387,0.26,859.14,201.42,Wallet
ORD09276,2023-11-08,11,November,45,DMart-Pune-2,Pune,Household,Biscuits,4,487,0.07,1811.64,370.19,Card
ORD09277,2023-05-08,5,May,19,DMart-Thane-1,Thane,Beverages,Chips,4,461,0.17,1530.52,437.26,Wallet
ORD09278,2023-07-16,7,July,28,DMart-Nagpur-2,Nagpur,Dairy,Bread,1,476,0.0,476.0,65.73,UPI
ORD09279,2023-07-20,7,July,29,DMart-Nashik-2,Nashik,Personal Care,Eggs,3,419,0.15,1068.45,306.06,Cash
ORD09280,2023-09-23,9,September,38,DMart-Mumbai-1,Mumbai,Beverages,Sugar,5,52,0.26,192.4,56.78,Wallet
ORD09281,2023-09-11,9,September,37,DMart-Mumbai-2,Mumbai,Dairy,Tissue,4,129,0.16,433.44,59.39,Card
ORD09282,2023-12-21,12,December,51,DMart-Pune-3,Pune,Personal Care,Toothpaste,3,155,0.3,325.5,56.27,UPI
ORD09283,2023-02-04,2,February,5,DMart-Nagpur-3,Nagpur,Groceries,Wheat,2,498,0.13,866.52,236.76,Wallet
ORD09284,2023-06-08,6,June,23,DMart-Nagpur-3,Nagpur,Personal Care,Bread,4,183,0.29,519.72,59.33,Cash
ORD09285,2023-04-01,4,April,13,DMart-Pune-3,Pune,Beverages,Biscuits,5,87,0.03,421.95,99.52,UPI
ORD09286,2023-11-08,11,November,45,DMart-Mumbai-2,Mumbai,Household,Coffee,3,148,0.14,381.84,57.39,Card
ORD09287,2023-10-10,10,October,41,DMart-Mumbai-3,Mumbai,Personal Care,Juice,3,289,0.29,615.57,132.67,Wallet
ORD09288,2023-03-23,3,March,12,DMart-Nashik-2,Nashik,Beverages,Biscuits,2,189,0.27,275.94,56.83,UPI
ORD09289,2023-05-21,5,May,20,DMart-Nashik-3,Nashik,Dairy,Rice,1,116,0.16,97.44,24.06,Cash
ORD09290,2023-03-11,3,March,10,DMart-Thane-3,Thane,Household,Bread,2,164,0.19,265.68,49.95,Card
ORD09291,2023-01-19,1,January,3,DMart-Pune-2,Pune,Groceries,Oil,2,96,0.18,157.44,25.14,UPI
ORD09292,2023-12-11,12,December,50,DMart-Nagpur-2,Nagpur,Groceries,Wheat,5,468,0.09,2129.4,230.17,Wallet
ORD09293,2023-05-14,5,May,19,DMart-Thane-1,Thane,Household,Oil,5,109,0.06,512.3,65.62,Card
ORD09294,2023-02-19,2,February,7,DMart-Thane-3,Thane,Groceries,Oil,4,322,0.28,927.36,222.59,Wallet
ORD09295,2023-01-16,1,January,3,DMart-Thane-1,Thane,Beverages,Bread,1,338,0.02,331.24,82.99,UPI
ORD09296,2023-06-02,6,June,22,DMart-Thane-1,Thane,Household,Tea,4,412,0.14,1417.28,259.14,Wallet
ORD09297,2023-05-20,5,May,20,DMart-Nashik-3,Nashik,Personal Care,Water,2,330,0.29,468.6,47.05,Wallet
ORD09298,2023-03-17,3,March,11,DMart-Thane-1,Thane,Personal Care,Oil,5,451,0.05,2142.25,245.63,UPI
ORD09299,2023-09-05,9,September,36,DMart-Nashik-2,Nashik,Groceries,Rice,5,227,0.2,908.0,136.73,Wallet
ORD09300,2023-05-29,5,May,22,DMart-Nagpur-2,Nagpur,Household,Bread,2,275,0.09,500.5,86.66,Wallet
ORD09301,2023-04-08,4,April,14,DMart-Mumbai-2,Mumbai,Household,Biscuits,4,456,0.06,1714.56,204.76,UPI
ORD09302,2023-07-07,7,July,27,DMart-Pune-2,Pune,Household,Toothpaste,3,112,0.17,278.88,49.23,Card
ORD09303,2023-07-28,7,July,30,DMart-Nagpur-3,Nagpur,Beverages,Toothpaste,1,134,0.06,125.96,16.73,Cash
ORD09304,2023-07-11,7,July,28,DMart-Nashik-3,Nashik,Groceries,Water,4,123,0.16,413.28,56.67,UPI
ORD09305,2023-12-05,12,December,49,DMart-Nagpur-1,Nagpur,Household,Milk,1,383,0.22,298.74,47.31,Cash
ORD09306,2023-09-22,9,September,38,DMart-Mumbai-3,Mumbai,Personal Care,Toothpaste,4,369,0.09,1343.16,143.33,Card
ORD09307,2023-09-28,9,September,39,DMart-Nagpur-2,Nagpur,Groceries,Wheat,4,283,0.19,916.92,205.64,Cash
ORD09308,2023-09-07,9,September,36,DMart-Nashik-3,Nashik,Household,Rice,3,428,0.17,1065.72,123.9,UPI
ORD09309,2023-09-08,9,September,36,DMart-Nagpur-2,Nagpur,Groceries,Tea,3,57,0.23,131.67,37.08,Card
ORD09310,2023-12-26,12,December,52,DMart-Mumbai-2,Mumbai,Personal Care,Rice,2,344,0.3,481.6,121.14,UPI
ORD09311,2023-04-06,4,April,14,DMart-Mumbai-3,Mumbai,Beverages,Wheat,4,49,0.26,145.04,21.75,UPI
ORD09312,2023-04-10,4,April,15,DMart-Thane-3,Thane,Dairy,Water,5,349,0.03,1692.65,386.67,Wallet
ORD09313,2023-10-16,10,October,42,DMart-Pune-1,Pune,Groceries,Sugar,1,424,0.06,398.56,41.96,Wallet
ORD09314,2023-07-18,7,July,29,DMart-Thane-1,Thane,Household,Sugar,4,380,0.14,1307.2,365.44,Wallet
ORD09315,2023-10-29,10,October,43,DMart-Nagpur-1,Nagpur,Household,Juice,5,244,0.02,1195.6,210.61,Wallet
ORD09316,2023-09-08,9,September,36,DMart-Nagpur-1,Nagpur,Beverages,Oil,4,52,0.25,156.0,32.63,Card
ORD09317,2023-10-25,10,October,43,DMart-Nashik-3,Nashik,Groceries,Coffee,4,47,0.06,176.72,50.61,Cash
ORD09318,2023-03-12,3,March,10,DMart-Mumbai-2,Mumbai,Groceries,Tea,2,361,0.02,707.56,185.61,Wallet
ORD09319,2023-11-30,11,November,48,DMart-Pune-1,Pune,Household,Rice,4,451,0.24,1371.04,179.25,Cash
ORD09320,2023-08-08,8,August,32,DMart-Mumbai-3,Mumbai,Dairy,Coffee,3,445,0.3,934.5,199.51,Card
ORD09321,2023-03-15,3,March,11,DMart-Nagpur-2,Nagpur,Personal Care,Juice,4,286,0.23,880.88,104.34,Card
ORD09322,2023-01-05,1,January,1,DMart-Mumbai-2,Mumbai,Beverages,Chips,3,297,0.29,632.61,187.33,UPI
ORD09323,2023-01-09,1,January,2,DMart-Nashik-3,Nashik,Groceries,Juice,4,84,0.16,282.24,74.33,UPI
ORD09324,2023-08-29,8,August,35,DMart-Nashik-2,Nashik,Groceries,Rice,3,158,0.19,383.94,90.4,Wallet
ORD09325,2023-09-05,9,September,36,DMart-Nashik-1,Nashik,Beverages,Oil,5,289,0.23,1112.65,298.79,Wallet
ORD09326,2023-10-12,10,October,41,DMart-Pune-1,Pune,Dairy,Oil,3,371,0.19,901.53,181.39,Cash
ORD09327,2023-10-30,10,October,44,DMart-Nashik-2,Nashik,Household,Coffee,4,129,0.16,433.44,79.8,Card
ORD09328,2023-03-23,3,March,12,DMart-Thane-3,Thane,Beverages,Oil,1,54,0.29,38.34,9.42,Wallet
ORD09329,2023-02-04,2,February,5,DMart-Thane-3,Thane,Household,Rice,1,394,0.23,303.38,38.53,UPI
ORD09330,2023-09-03,9,September,35,DMart-Nashik-1,Nashik,Beverages,Coffee,3,213,0.06,600.66,132.97,UPI
ORD09331,2023-09-09,9,September,36,DMart-Nashik-2,Nashik,Personal Care,Juice,2,136,0.13,236.64,59.37,Card
ORD09332,2023-03-24,3,March,12,DMart-Mumbai-2,Mumbai,Personal Care,Juice,4,414,0.14,1424.16,202.72,Card
ORD09333,2023-03-10,3,March,10,DMart-Thane-2,Thane,Beverages,Eggs,2,357,0.15,606.9,142.63,Card
ORD09334,2023-05-03,5,May,18,DMart-Nashik-3,Nashik,Groceries,Toothpaste,4,493,0.02,1932.56,463.83,Wallet
ORD09335,2023-03-14,3,March,11,DMart-Nashik-2,Nashik,Personal Care,Coffee,3,243,0.15,619.65,127.46,Card
ORD09336,2023-09-25,9,September,39,DMart-Mumbai-2,Mumbai,Groceries,Juice,3,348,0.12,918.72,137.98,UPI
ORD09337,2023-02-10,2,February,6,DMart-Thane-3,Thane,Personal Care,Rice,4,225,0.29,639.0,163.39,UPI
ORD09338,2023-11-10,11,November,45,DMart-Thane-3,Thane,Dairy,Coffee,3,335,0.1,904.5,111.74,Card
ORD09339,2023-07-30,7,July,30,DMart-Nashik-1,Nashik,Household,Rice,1,323,0.02,316.54,73.26,Cash
ORD09340,2023-07-25,7,July,30,DMart-Thane-1,Thane,Groceries,Tissue,4,49,0.2,156.8,26.3,Card
ORD09341,2023-12-18,12,December,51,DMart-Nashik-1,Nashik,Dairy,Rice,4,348,0.26,1030.08,147.8,UPI
ORD09342,2023-08-09,8,August,32,DMart-Thane-3,Thane,Dairy,Bread,3,263,0.0,789.0,131.81,Card
ORD09343,2023-04-18,4,April,16,DMart-Nagpur-2,Nagpur,Dairy,Milk,4,388,0.0,1552.0,457.25,Card
ORD09344,2023-07-19,7,July,29,DMart-Nagpur-3,Nagpur,Beverages,Bread,1,459,0.12,403.92,113.18,UPI
ORD09345,2023-08-20,8,August,33,DMart-Nagpur-2,Nagpur,Household,Chips,3,403,0.22,943.02,161.54,Cash
ORD09346,2023-03-15,3,March,11,DMart-Nagpur-1,Nagpur,Groceries,Eggs,1,261,0.01,258.39,64.58,Card
ORD09347,2023-01-22,1,January,3,DMart-Nagpur-1,Nagpur,Personal Care,Rice,3,250,0.03,727.5,126.98,Wallet
ORD09348,2023-11-09,11,November,45,DMart-Thane-3,Thane,Dairy,Chips,1,166,0.2,132.8,27.54,Card
ORD09349,2023-02-20,2,February,8,DMart-Nagpur-1,Nagpur,Beverages,Chips,1,478,0.14,411.08,68.4,Card
ORD09350,2023-06-06,6,June,23,DMart-Nagpur-3,Nagpur,Dairy,Water,5,463,0.05,2199.25,262.09,Cash
ORD09351,2023-10-19,10,October,42,DMart-Nashik-2,Nashik,Beverages,Water,3,105,0.22,245.7,68.35,Card
ORD09352,2023-04-11,4,April,15,DMart-Mumbai-2,Mumbai,Beverages,Water,3,168,0.02,493.92,107.75,Wallet
ORD09353,2023-01-26,1,January,4,DMart-Pune-3,Pune,Dairy,Wheat,2,382,0.04,733.44,135.98,Wallet
ORD09354,2023-09-10,9,September,36,DMart-Pune-2,Pune,Personal Care,Bread,2,212,0.09,385.84,56.28,Cash
ORD09355,2023-08-26,8,August,34,DMart-Mumbai-1,Mumbai,Groceries,Tissue,3,454,0.16,1144.08,269.39,Wallet
ORD09356,2023-07-04,7,July,27,DMart-Thane-2,Thane,Personal Care,Tissue,3,72,0.13,187.92,41.83,Cash
ORD09357,2023-12-21,12,December,51,DMart-Pune-3,Pune,Household,Sugar,4,133,0.17,441.56,85.16,Wallet
ORD09358,2023-05-21,5,May,20,DMart-Nagpur-1,Nagpur,Dairy,Sugar,2,484,0.22,755.04,152.26,Wallet
ORD09359,2023-01-07,1,January,1,DMart-Nagpur-1,Nagpur,Beverages,Shampoo,4,177,0.25,531.0,60.64,Card
ORD09360,2023-12-04,12,December,49,DMart-Nagpur-3,Nagpur,Dairy,Sugar,5,478,0.01,2366.1,356.78,Cash
ORD09361,2023-09-17,9,September,37,DMart-Pune-1,Pune,Dairy,Juice,5,385,0.24,1463.0,381.2,Card
ORD09362,2023-12-25,12,December,52,DMart-Thane-1,Thane,Personal Care,Chips,3,71,0.05,202.35,39.13,UPI
ORD09363,2023-02-12,2,February,6,DMart-Thane-2,Thane,Dairy,Sugar,1,495,0.04,475.2,79.4,Card
ORD09364,2023-04-28,4,April,17,DMart-Mumbai-2,Mumbai,Dairy,Chips,2,341,0.23,525.14,155.64,UPI
ORD09365,2023-08-06,8,August,31,DMart-Nagpur-1,Nagpur,Personal Care,Juice,2,376,0.3,526.4,121.81,Card
ORD09366,2023-07-20,7,July,29,DMart-Nagpur-3,Nagpur,Groceries,Juice,5,451,0.0,2255.0,544.82,Card
ORD09367,2023-06-05,6,June,23,DMart-Mumbai-3,Mumbai,Groceries,Sugar,1,446,0.22,347.88,43.07,Cash
ORD09368,2023-02-16,2,February,7,DMart-Nashik-2,Nashik,Groceries,Biscuits,4,99,0.28,285.12,33.64,Card
ORD09369,2023-07-09,7,July,27,DMart-Thane-2,Thane,Dairy,Shampoo,4,257,0.21,812.12,225.41,Card
ORD09370,2023-02-03,2,February,5,DMart-Nagpur-3,Nagpur,Beverages,Wheat,3,489,0.04,1408.32,386.82,Wallet
ORD09371,2023-07-28,7,July,30,DMart-Nashik-2,Nashik,Personal Care,Toothpaste,5,279,0.0,1395.0,364.43,Cash
ORD09372,2023-12-29,12,December,52,DMart-Pune-3,Pune,Household,Shampoo,3,375,0.04,1080.0,190.22,Cash
ORD09373,2023-09-14,9,September,37,DMart-Nashik-2,Nashik,Beverages,Biscuits,4,395,0.08,1453.6,434.06,UPI
ORD09374,2023-09-06,9,September,36,DMart-Mumbai-2,Mumbai,Household,Milk,1,74,0.04,71.04,9.48,Card
ORD09375,2023-05-15,5,May,20,DMart-Mumbai-1,Mumbai,Household,Tissue,2,227,0.13,394.98,72.93,UPI
ORD09376,2023-11-08,11,November,45,DMart-Thane-1,Thane,Beverages,Chips,5,157,0.1,706.5,177.38,Wallet
ORD09377,2023-06-18,6,June,24,DMart-Pune-3,Pune,Personal Care,Bread,4,197,0.01,780.12,206.46,Wallet
ORD09378,2023-03-13,3,March,11,DMart-Mumbai-3,Mumbai,Beverages,Detergent,2,165,0.28,237.6,60.9,Cash
ORD09379,2023-12-30,12,December,52,DMart-Nashik-2,Nashik,Groceries,Tissue,1,381,0.13,331.47,36.02,Wallet
ORD09380,2023-04-02,4,April,13,DMart-Thane-3,Thane,Household,Soap,3,390,0.23,900.9,231.23,Wallet
ORD09381,2023-02-16,2,February,7,DMart-Nashik-3,Nashik,Personal Care,Eggs,3,67,0.25,150.75,18.16,Cash
ORD09382,2023-04-15,4,April,15,DMart-Nashik-1,Nashik,Beverages,Coffee,5,341,0.21,1346.95,174.65,UPI
ORD09383,2023-01-05,1,January,1,DMart-Mumbai-1,Mumbai,Household,Juice,5,493,0.24,1873.4,332.09,Wallet
ORD09384,2023-08-27,8,August,34,DMart-Nashik-3,Nashik,Personal Care,Chips,1,493,0.11,438.77,75.65,Card
ORD09385,2023-07-17,7,July,29,DMart-Nashik-3,Nashik,Dairy,Milk,3,314,0.15,800.7,146.7,Wallet
ORD09386,2023-12-27,12,December,52,DMart-Pune-3,Pune,Beverages,Sugar,3,447,0.14,1153.26,233.01,Cash
ORD09387,2023-10-24,10,October,43,DMart-Thane-1,Thane,Groceries,Chips,5,328,0.29,1164.4,312.7,Card
ORD09388,2023-11-02,11,November,44,DMart-Mumbai-3,Mumbai,Beverages,Wheat,1,212,0.27,154.76,22.14,Wallet
ORD09389,2023-07-27,7,July,30,DMart-Pune-3,Pune,Beverages,Milk,1,395,0.01,391.05,57.32,UPI
ORD09390,2023-01-13,1,January,2,DMart-Nashik-2,Nashik,Personal Care,Detergent,1,435,0.07,404.55,58.81,UPI
ORD09391,2023-05-22,5,May,21,DMart-Thane-3,Thane,Personal Care,Juice,4,493,0.13,1715.64,399.58,Wallet
ORD09392,2023-10-11,10,October,41,DMart-Mumbai-2,Mumbai,Personal Care,Tissue,1,394,0.13,342.78,98.68,Cash
ORD09393,2023-09-18,9,September,38,DMart-Mumbai-3,Mumbai,Household,Wheat,1,358,0.0,358.0,69.44,Wallet
ORD09394,2023-09-11,9,September,37,DMart-Pune-3,Pune,Dairy,Bread,5,165,0.1,742.5,126.42,Wallet
ORD09395,2023-01-19,1,January,3,DMart-Nagpur-2,Nagpur,Beverages,Eggs,3,123,0.25,276.75,59.41,Cash
ORD09396,2023-12-06,12,December,49,DMart-Thane-2,Thane,Groceries,Wheat,3,139,0.26,308.58,61.24,Cash
ORD09397,2023-06-21,6,June,25,DMart-Nashik-1,Nashik,Dairy,Tissue,2,354,0.3,495.6,142.03,Card
ORD09398,2023-10-31,10,October,44,DMart-Mumbai-1,Mumbai,Dairy,Shampoo,4,340,0.09,1237.6,245.21,Wallet
ORD09399,2023-04-17,4,April,16,DMart-Nashik-3,Nashik,Household,Water,2,192,0.18,314.88,70.76,UPI
ORD09400,2023-09-17,9,September,37,DMart-Nashik-3,Nashik,Dairy,Water,5,212,0.2,848.0,200.95,UPI
ORD09401,2023-05-09,5,May,19,DMart-Pune-2,Pune,Groceries,Sugar,3,433,0.04,1247.04,213.51,Cash
ORD09402,2023-11-29,11,November,48,DMart-Pune-2,Pune,Beverages,Water,1,500,0.13,435.0,126.09,UPI
ORD09403,2023-12-28,12,December,52,DMart-Nagpur-1,Nagpur,Groceries,Soap,3,196,0.01,582.12,145.67,Wallet
ORD09404,2023-07-09,7,July,27,DMart-Nagpur-3,Nagpur,Beverages,Oil,2,281,0.12,494.56,134.02,UPI
ORD09405,2023-08-22,8,August,34,DMart-Mumbai-1,Mumbai,Beverages,Milk,2,228,0.29,323.76,72.82,Cash
ORD09406,2023-10-25,10,October,43,DMart-Mumbai-2,Mumbai,Dairy,Milk,1,162,0.02,158.76,30.93,Card
ORD09407,2023-06-30,6,June,26,DMart-Nagpur-2,Nagpur,Personal Care,Eggs,4,500,0.07,1860.0,227.9,Card
ORD09408,2023-03-22,3,March,12,DMart-Nashik-1,Nashik,Groceries,Sugar,2,195,0.03,378.3,95.79,UPI
ORD09409,2023-08-10,8,August,32,DMart-Nagpur-2,Nagpur,Personal Care,Soap,5,23,0.18,94.3,18.77,UPI
ORD09410,2023-11-12,11,November,45,DMart-Pune-1,Pune,Beverages,Biscuits,2,71,0.02,139.16,14.57,Wallet
ORD09411,2023-10-05,10,October,40,DMart-Mumbai-3,Mumbai,Personal Care,Detergent,3,119,0.19,289.17,45.97,UPI
ORD09412,2023-01-05,1,January,1,DMart-Nagpur-2,Nagpur,Beverages,Coffee,4,213,0.09,775.32,126.02,Wallet
ORD09413,2023-01-19,1,January,3,DMart-Nagpur-3,Nagpur,Beverages,Water,2,99,0.11,176.22,32.2,Card
ORD09414,2023-02-04,2,February,5,DMart-Thane-1,Thane,Groceries,Juice,1,121,0.04,116.16,13.09,Cash
ORD09415,2023-06-03,6,June,22,DMart-Pune-2,Pune,Dairy,Shampoo,2,397,0.17,659.02,187.59,Card
ORD09416,2023-05-22,5,May,21,DMart-Pune-3,Pune,Dairy,Wheat,4,90,0.22,280.8,43.35,Card
ORD09417,2023-08-10,8,August,32,DMart-Nashik-2,Nashik,Dairy,Shampoo,3,99,0.11,264.33,56.47,UPI
ORD09418,2023-09-13,9,September,37,DMart-Mumbai-2,Mumbai,Household,Sugar,1,113,0.15,96.05,15.42,Cash
ORD09419,2023-05-31,5,May,22,DMart-Nagpur-2,Nagpur,Personal Care,Detergent,5,103,0.26,381.1,89.15,UPI
ORD09420,2023-03-09,3,March,10,DMart-Mumbai-3,Mumbai,Beverages,Detergent,2,185,0.16,310.8,38.25,Cash
ORD09421,2023-11-18,11,November,46,DMart-Mumbai-1,Mumbai,Personal Care,Juice,1,433,0.27,316.09,48.65,Cash
ORD09422,2023-10-24,10,October,43,DMart-Thane-3,Thane,Household,Tissue,2,485,0.23,746.9,137.87,Wallet
ORD09423,2023-01-22,1,January,3,DMart-Mumbai-2,Mumbai,Personal Care,Sugar,1,94,0.3,65.8,11.42,Card
ORD09424,2023-11-27,11,November,48,DMart-Pune-2,Pune,Beverages,Tea,1,152,0.01,150.48,16.87,UPI
ORD09425,2023-11-25,11,November,47,DMart-Pune-2,Pune,Dairy,Sugar,2,85,0.22,132.6,35.17,UPI
ORD09426,2023-04-24,4,April,17,DMart-Thane-2,Thane,Personal Care,Milk,3,104,0.2,249.6,40.34,Card
ORD09427,2023-01-18,1,January,3,DMart-Thane-2,Thane,Household,Soap,2,315,0.09,573.3,112.52,Card
ORD09428,2023-11-15,11,November,46,DMart-Pune-1,Pune,Dairy,Chips,2,383,0.04,735.36,198.32,Wallet
ORD09429,2023-09-01,9,September,35,DMart-Nagpur-1,Nagpur,Dairy,Toothpaste,4,100,0.24,304.0,57.28,Card
ORD09430,2023-10-08,10,October,40,DMart-Nashik-3,Nashik,Dairy,Shampoo,3,409,0.03,1190.19,187.26,Card
ORD09431,2023-12-11,12,December,50,DMart-Nagpur-3,Nagpur,Dairy,Water,1,219,0.1,197.1,33.22,Card
ORD09432,2023-07-01,7,July,26,DMart-Thane-3,Thane,Household,Biscuits,3,276,0.18,678.96,147.95,Cash
ORD09433,2023-04-23,4,April,16,DMart-Thane-1,Thane,Personal Care,Shampoo,3,255,0.08,703.8,175.24,Card
ORD09434,2023-10-12,10,October,41,DMart-Mumbai-2,Mumbai,Dairy,Chips,5,380,0.24,1444.0,367.66,Cash
ORD09435,2023-02-05,2,February,5,DMart-Thane-3,Thane,Groceries,Soap,5,432,0.26,1598.4,226.23,Cash
ORD09436,2023-04-06,4,April,14,DMart-Mumbai-2,Mumbai,Personal Care,Oil,4,71,0.13,247.08,31.6,Wallet
ORD09437,2023-04-16,4,April,15,DMart-Pune-1,Pune,Groceries,Oil,5,95,0.16,399.0,90.65,UPI
ORD09438,2023-02-18,2,February,7,DMart-Mumbai-1,Mumbai,Personal Care,Milk,2,186,0.2,297.6,59.56,Cash
ORD09439,2023-08-16,8,August,33,DMart-Nagpur-2,Nagpur,Household,Toothpaste,5,299,0.21,1181.05,272.46,Cash
ORD09440,2023-01-05,1,January,1,DMart-Pune-1,Pune,Beverages,Biscuits,3,287,0.01,852.39,131.95,Cash
ORD09441,2023-01-30,1,January,5,DMart-Thane-2,Thane,Personal Care,Tissue,4,229,0.1,824.4,168.02,Cash
ORD09442,2023-06-11,6,June,23,DMart-Nashik-3,Nashik,Household,Eggs,4,147,0.04,564.48,72.93,UPI
ORD09443,2023-05-04,5,May,18,DMart-Thane-1,Thane,Personal Care,Eggs,4,161,0.18,528.08,89.72,Card
ORD09444,2023-08-09,8,August,32,DMart-Nagpur-3,Nagpur,Household,Biscuits,2,483,0.0,966.0,166.68,Card
ORD09445,2023-01-27,1,January,4,DMart-Nagpur-1,Nagpur,Dairy,Tea,3,96,0.14,247.68,54.55,UPI
ORD09446,2023-12-05,12,December,49,DMart-Mumbai-3,Mumbai,Personal Care,Wheat,4,480,0.05,1824.0,333.89,Card
ORD09447,2023-04-06,4,April,14,DMart-Nagpur-1,Nagpur,Dairy,Eggs,5,40,0.19,162.0,37.29,UPI
ORD09448,2023-08-20,8,August,33,DMart-Mumbai-3,Mumbai,Beverages,Milk,1,424,0.15,360.4,36.85,Cash
ORD09449,2023-01-07,1,January,1,DMart-Nagpur-3,Nagpur,Beverages,Tissue,4,43,0.11,153.08,43.99,UPI
ORD09450,2023-03-08,3,March,10,DMart-Thane-1,Thane,Personal Care,Milk,3,85,0.16,214.2,35.16,UPI
ORD09451,2023-02-02,2,February,5,DMart-Nashik-2,Nashik,Household,Coffee,3,469,0.16,1181.88,229.45,Wallet
ORD09452,2023-04-16,4,April,15,DMart-Nagpur-2,Nagpur,Groceries,Shampoo,2,199,0.17,330.34,59.19,Wallet
ORD09453,2023-08-13,8,August,32,DMart-Thane-2,Thane,Groceries,Tea,2,366,0.27,534.36,104.82,UPI
ORD09454,2023-08-15,8,August,33,DMart-Pune-1,Pune,Personal Care,Water,2,441,0.17,732.06,194.78,Wallet
ORD09455,2023-08-15,8,August,33,DMart-Nagpur-1,Nagpur,Household,Oil,5,493,0.18,2021.3,303.54,Card
ORD09456,2023-01-17,1,January,3,DMart-Mumbai-3,Mumbai,Dairy,Sugar,3,118,0.15,300.9,61.76,UPI
ORD09457,2023-11-24,11,November,47,DMart-Nagpur-3,Nagpur,Household,Shampoo,4,398,0.29,1130.32,121.3,UPI
ORD09458,2023-06-06,6,June,23,DMart-Thane-2,Thane,Personal Care,Wheat,4,97,0.04,372.48,83.77,UPI
ORD09459,2023-07-22,7,July,29,DMart-Nashik-1,Nashik,Beverages,Toothpaste,3,57,0.17,141.93,38.43,Wallet
ORD09460,2023-08-14,8,August,33,DMart-Nagpur-3,Nagpur,Beverages,Toothpaste,5,311,0.08,1430.6,177.8,UPI
ORD09461,2023-07-14,7,July,28,DMart-Nagpur-3,Nagpur,Groceries,Detergent,5,297,0.26,1098.9,225.46,Cash
ORD09462,2023-10-28,10,October,43,DMart-Pune-2,Pune,Dairy,Eggs,4,30,0.19,97.2,17.3,Cash
ORD09463,2023-09-01,9,September,35,DMart-Thane-1,Thane,Beverages,Biscuits,3,86,0.26,190.92,46.19,Cash
ORD09464,2023-11-17,11,November,46,DMart-Nashik-3,Nashik,Beverages,Bread,2,184,0.29,261.28,42.9,Cash
ORD09465,2023-04-09,4,April,14,DMart-Thane-3,Thane,Household,Wheat,4,314,0.29,891.76,124.92,Wallet
ORD09466,2023-07-29,7,July,30,DMart-Pune-1,Pune,Dairy,Wheat,5,260,0.15,1105.0,122.9,UPI
ORD09467,2023-03-10,3,March,10,DMart-Nagpur-1,Nagpur,Beverages,Oil,5,467,0.24,1774.6,251.78,UPI
ORD09468,2023-01-21,1,January,3,DMart-Thane-3,Thane,Household,Eggs,5,84,0.26,310.8,52.52,Wallet
ORD09469,2023-08-27,8,August,34,DMart-Thane-2,Thane,Dairy,Shampoo,4,342,0.0,1368.0,216.69,UPI
ORD09470,2023-05-04,5,May,18,DMart-Nashik-3,Nashik,Dairy,Water,5,396,0.21,1564.2,359.4,Wallet
ORD09471,2023-06-12,6,June,24,DMart-Thane-3,Thane,Personal Care,Rice,1,499,0.22,389.22,84.88,Wallet
ORD09472,2023-02-03,2,February,5,DMart-Thane-2,Thane,Household,Tissue,1,284,0.21,224.36,52.44,Card
ORD09473,2023-02-06,2,February,6,DMart-Mumbai-3,Mumbai,Groceries,Soap,1,319,0.28,229.68,58.3,Wallet
ORD09474,2023-08-18,8,August,33,DMart-Nagpur-3,Nagpur,Groceries,Eggs,3,248,0.12,654.72,170.26,Wallet
ORD09475,2023-04-15,4,April,15,DMart-Nashik-3,Nashik,Personal Care,Tissue,4,171,0.26,506.16,58.37,Wallet
ORD09476,2023-10-08,10,October,40,DMart-Thane-1,Thane,Dairy,Oil,4,251,0.27,732.92,161.44,Cash
ORD09477,2023-08-30,8,August,35,DMart-Thane-1,Thane,Beverages,Juice,3,455,0.3,955.5,193.46,UPI
ORD09478,2023-04-23,4,April,16,DMart-Thane-1,Thane,Personal Care,Sugar,2,387,0.15,657.9,70.31,Cash
ORD09479,2023-05-26,5,May,21,DMart-Pune-1,Pune,Household,Oil,3,498,0.13,1299.78,350.1,UPI
ORD09480,2023-04-16,4,April,15,DMart-Mumbai-1,Mumbai,Dairy,Tissue,4,76,0.15,258.4,35.12,Cash
ORD09481,2023-05-01,5,May,18,DMart-Mumbai-1,Mumbai,Dairy,Tea,3,491,0.2,1178.4,233.64,Card
ORD09482,2023-03-02,3,March,9,DMart-Pune-3,Pune,Groceries,Biscuits,1,120,0.15,102.0,16.27,UPI
ORD09483,2023-11-03,11,November,44,DMart-Thane-2,Thane,Groceries,Wheat,3,121,0.19,294.03,80.44,Cash
ORD09484,2023-07-07,7,July,27,DMart-Mumbai-3,Mumbai,Groceries,Coffee,5,456,0.06,2143.2,463.54,UPI
ORD09485,2023-08-01,8,August,31,DMart-Nashik-1,Nashik,Groceries,Soap,1,125,0.15,106.25,21.35,UPI
ORD09486,2023-11-17,11,November,46,DMart-Thane-3,Thane,Groceries,Coffee,4,450,0.25,1350.0,205.24,Card
ORD09487,2023-07-26,7,July,30,DMart-Thane-1,Thane,Dairy,Oil,3,342,0.2,820.8,214.31,Cash
ORD09488,2023-12-22,12,December,51,DMart-Mumbai-1,Mumbai,Dairy,Bread,1,117,0.21,92.43,17.04,UPI
ORD09489,2023-01-27,1,January,4,DMart-Pune-3,Pune,Household,Tissue,2,327,0.21,516.66,129.61,Wallet
ORD09490,2023-05-04,5,May,18,DMart-Mumbai-2,Mumbai,Groceries,Sugar,1,169,0.27,123.37,16.53,Card
ORD09491,2023-04-18,4,April,16,DMart-Mumbai-3,Mumbai,Household,Wheat,1,432,0.25,324.0,50.72,Wallet
ORD09492,2023-07-31,7,July,31,DMart-Mumbai-3,Mumbai,Personal Care,Sugar,4,476,0.17,1580.32,456.01,UPI
ORD09493,2023-05-06,5,May,18,DMart-Mumbai-3,Mumbai,Dairy,Milk,3,161,0.08,444.36,56.66,UPI
ORD09494,2023-12-09,12,December,49,DMart-Nagpur-1,Nagpur,Personal Care,Sugar,4,368,0.16,1236.48,150.8,UPI
ORD09495,2023-02-27,2,February,9,DMart-Pune-3,Pune,Dairy,Shampoo,4,263,0.11,936.28,215.61,Wallet
ORD09496,2023-01-12,1,January,2,DMart-Mumbai-2,Mumbai,Personal Care,Coffee,1,97,0.22,75.66,11.42,Wallet
ORD09497,2023-04-22,4,April,16,DMart-Mumbai-2,Mumbai,Groceries,Chips,2,367,0.02,719.32,112.76,Cash
ORD09498,2023-07-13,7,July,28,DMart-Mumbai-1,Mumbai,Groceries,Oil,3,456,0.28,984.96,112.14,Wallet
ORD09499,2023-05-25,5,May,21,DMart-Thane-1,Thane,Beverages,Chips,2,277,0.0,554.0,58.15,Card
ORD09500,2023-02-02,2,February,5,DMart-Thane-1,Thane,Beverages,Milk,3,149,0.03,433.59,75.91,Card
ORD09501,2023-07-28,7,July,30,DMart-Pune-1,Pune,Dairy,Chips,4,420,0.0,1680.0,377.87,Wallet
ORD09502,2023-11-08,11,November,45,DMart-Nashik-1,Nashik,Dairy,Detergent,2,431,0.2,689.6,99.72,UPI
ORD09503,2023-12-31,12,December,52,DMart-Nashik-2,Nashik,Personal Care,Water,1,245,0.19,198.45,41.72,Card
ORD09504,2023-04-15,4,April,15,DMart-Pune-1,Pune,Dairy,Toothpaste,1,201,0.15,170.85,19.14,Card
ORD09505,2023-09-14,9,September,37,DMart-Nashik-3,Nashik,Groceries,Tissue,2,367,0.03,711.98,124.37,Card
ORD09506,2023-03-10,3,March,10,DMart-Nashik-3,Nashik,Household,Shampoo,5,315,0.07,1464.75,398.71,Wallet
ORD09507,2023-03-05,3,March,9,DMart-Nagpur-3,Nagpur,Groceries,Eggs,1,408,0.12,359.04,42.49,Cash
ORD09508,2023-06-08,6,June,23,DMart-Thane-2,Thane,Groceries,Sugar,2,379,0.28,545.76,149.05,UPI
ORD09509,2023-07-17,7,July,29,DMart-Mumbai-1,Mumbai,Groceries,Oil,1,322,0.13,280.14,66.66,UPI
ORD09510,2023-10-20,10,October,42,DMart-Nagpur-2,Nagpur,Personal Care,Water,4,156,0.27,455.52,109.73,Wallet
ORD09511,2023-09-19,9,September,38,DMart-Nagpur-1,Nagpur,Dairy,Rice,5,165,0.25,618.75,85.93,UPI
ORD09512,2023-11-01,11,November,44,DMart-Pune-2,Pune,Beverages,Eggs,2,298,0.11,530.44,91.58,Cash
ORD09513,2023-10-05,10,October,40,DMart-Mumbai-2,Mumbai,Personal Care,Chips,4,173,0.02,678.16,134.42,Card
ORD09514,2023-06-21,6,June,25,DMart-Pune-1,Pune,Beverages,Juice,5,287,0.22,1119.3,196.17,UPI
ORD09515,2023-03-19,3,March,11,DMart-Nagpur-3,Nagpur,Personal Care,Shampoo,4,320,0.07,1190.4,144.47,Cash
ORD09516,2023-06-16,6,June,24,DMart-Pune-1,Pune,Household,Tissue,4,333,0.0,1332.0,289.43,UPI
ORD09517,2023-07-18,7,July,29,DMart-Mumbai-3,Mumbai,Beverages,Eggs,1,120,0.19,97.2,12.63,Cash
ORD09518,2023-05-25,5,May,21,DMart-Pune-3,Pune,Dairy,Detergent,1,148,0.03,143.56,37.49,UPI
ORD09519,2023-02-05,2,February,5,DMart-Nagpur-3,Nagpur,Dairy,Tea,1,296,0.01,293.04,33.26,Wallet
ORD09520,2023-05-03,5,May,18,DMart-Mumbai-3,Mumbai,Dairy,Eggs,4,165,0.03,640.2,107.85,Card
ORD09521,2023-10-13,10,October,41,DMart-Mumbai-2,Mumbai,Personal Care,Water,2,470,0.19,761.4,85.34,Wallet
ORD09522,2023-10-19,10,October,42,DMart-Nashik-1,Nashik,Dairy,Tea,5,449,0.03,2177.65,629.38,Card
ORD09523,2023-11-26,11,November,47,DMart-Pune-2,Pune,Beverages,Tissue,4,39,0.07,145.08,37.52,UPI
ORD09524,2023-02-12,2,February,6,DMart-Nagpur-1,Nagpur,Household,Rice,4,201,0.22,627.12,89.32,Wallet
ORD09525,2023-12-29,12,December,52,DMart-Mumbai-1,Mumbai,Beverages,Tea,5,370,0.26,1369.0,299.72,Cash
ORD09526,2023-06-18,6,June,24,DMart-Nagpur-2,Nagpur,Dairy,Toothpaste,2,475,0.3,665.0,154.47,Cash
ORD09527,2023-11-14,11,November,46,DMart-Nashik-1,Nashik,Beverages,Biscuits,4,263,0.28,757.44,174.44,UPI
ORD09528,2023-01-18,1,January,3,DMart-Nashik-1,Nashik,Beverages,Wheat,2,375,0.13,652.5,166.79,Cash
ORD09529,2023-10-11,10,October,41,DMart-Pune-1,Pune,Beverages,Juice,3,132,0.29,281.16,68.3,UPI
ORD09530,2023-01-17,1,January,3,DMart-Mumbai-2,Mumbai,Household,Oil,4,260,0.13,904.8,172.24,UPI
ORD09531,2023-10-20,10,October,42,DMart-Pune-1,Pune,Beverages,Shampoo,1,393,0.28,282.96,32.22,Cash
ORD09532,2023-11-12,11,November,45,DMart-Nagpur-2,Nagpur,Dairy,Oil,4,379,0.23,1167.32,129.9,UPI
ORD09533,2023-07-17,7,July,29,DMart-Nashik-3,Nashik,Dairy,Water,4,46,0.2,147.2,38.38,UPI
ORD09534,2023-09-12,9,September,37,DMart-Nashik-2,Nashik,Beverages,Milk,3,475,0.14,1225.5,350.8,Wallet
ORD09535,2023-08-29,8,August,35,DMart-Pune-1,Pune,Beverages,Shampoo,4,26,0.02,101.92,18.99,UPI
ORD09536,2023-07-02,7,July,26,DMart-Pune-3,Pune,Personal Care,Milk,3,366,0.21,867.42,226.82,Wallet
ORD09537,2023-06-23,6,June,25,DMart-Nashik-2,Nashik,Personal Care,Tea,5,475,0.03,2303.75,281.47,Cash
ORD09538,2023-01-19,1,January,3,DMart-Nashik-3,Nashik,Personal Care,Biscuits,3,449,0.21,1064.13,173.78,UPI
ORD09539,2023-01-25,1,January,4,DMart-Thane-1,Thane,Groceries,Shampoo,3,266,0.06,750.12,169.1,UPI
ORD09540,2023-09-29,9,September,39,DMart-Thane-2,Thane,Dairy,Tea,4,473,0.27,1381.16,140.78,Card
ORD09541,2023-11-07,11,November,45,DMart-Pune-2,Pune,Dairy,Eggs,5,200,0.2,800.0,210.12,UPI
ORD09542,2023-04-10,4,April,15,DMart-Pune-1,Pune,Beverages,Tissue,5,148,0.28,532.8,158.49,UPI
ORD09543,2023-10-06,10,October,40,DMart-Pune-1,Pune,Groceries,Rice,4,400,0.02,1568.0,168.3,Wallet
ORD09544,2023-09-26,9,September,39,DMart-Nashik-1,Nashik,Groceries,Sugar,4,299,0.16,1004.64,263.19,UPI
ORD09545,2023-10-06,10,October,40,DMart-Pune-2,Pune,Household,Eggs,3,370,0.24,843.6,128.31,Card
ORD09546,2023-09-13,9,September,37,DMart-Pune-1,Pune,Dairy,Sugar,5,447,0.09,2033.85,225.92,Card
ORD09547,2023-02-01,2,February,5,DMart-Pune-2,Pune,Household,Biscuits,5,469,0.14,2016.7,517.51,Cash
ORD09548,2023-10-18,10,October,42,DMart-Thane-3,Thane,Groceries,Eggs,4,300,0.07,1116.0,140.58,UPI
ORD09549,2023-06-17,6,June,24,DMart-Mumbai-3,Mumbai,Household,Oil,3,489,0.01,1452.33,323.98,UPI
ORD09550,2023-05-07,5,May,18,DMart-Thane-3,Thane,Beverages,Toothpaste,3,33,0.3,69.3,18.84,UPI
ORD09551,2023-10-11,10,October,41,DMart-Nagpur-3,Nagpur,Dairy,Tissue,2,144,0.06,270.72,51.21,Wallet
ORD09552,2023-04-15,4,April,15,DMart-Nashik-3,Nashik,Beverages,Soap,5,401,0.01,1984.95,328.03,UPI
ORD09553,2023-11-10,11,November,45,DMart-Mumbai-2,Mumbai,Household,Detergent,3,373,0.18,917.58,228.99,Card
ORD09554,2023-09-22,9,September,38,DMart-Pune-3,Pune,Groceries,Tissue,5,185,0.1,832.5,94.39,Wallet
ORD09555,2023-09-07,9,September,36,DMart-Mumbai-3,Mumbai,Personal Care,Shampoo,2,174,0.27,254.04,75.88,Wallet
ORD09556,2023-04-12,4,April,15,DMart-Mumbai-1,Mumbai,Groceries,Wheat,2,232,0.12,408.32,64.76,Card
ORD09557,2023-09-26,9,September,39,DMart-Mumbai-1,Mumbai,Groceries,Coffee,2,170,0.16,285.6,80.71,Card
ORD09558,2023-12-09,12,December,49,DMart-Nashik-3,Nashik,Household,Tissue,5,75,0.04,360.0,80.68,Card
ORD09559,2023-08-15,8,August,33,DMart-Thane-1,Thane,Dairy,Juice,4,120,0.15,408.0,103.8,UPI
ORD09560,2023-09-19,9,September,38,DMart-Pune-1,Pune,Beverages,Rice,4,419,0.25,1257.0,135.94,Cash
ORD09561,2023-04-12,4,April,15,DMart-Mumbai-2,Mumbai,Personal Care,Tea,1,460,0.29,326.6,50.32,Cash
ORD09562,2023-09-10,9,September,36,DMart-Nashik-2,Nashik,Groceries,Tea,3,422,0.14,1088.76,235.08,Wallet
ORD09563,2023-04-21,4,April,16,DMart-Thane-3,Thane,Groceries,Oil,1,278,0.23,214.06,28.83,Cash
ORD09564,2023-04-27,4,April,17,DMart-Nagpur-2,Nagpur,Dairy,Juice,2,440,0.29,624.8,102.17,Card
ORD09565,2023-02-06,2,February,6,DMart-Pune-1,Pune,Dairy,Rice,2,96,0.04,184.32,21.16,Wallet
ORD09566,2023-11-12,11,November,45,DMart-Nagpur-2,Nagpur,Household,Sugar,4,227,0.27,662.84,70.29,Cash
ORD09567,2023-11-12,11,November,45,DMart-Nagpur-2,Nagpur,Groceries,Toothpaste,5,373,0.1,1678.5,498.21,UPI
ORD09568,2023-05-10,5,May,19,DMart-Thane-2,Thane,Personal Care,Sugar,3,305,0.23,704.55,141.98,Card
ORD09569,2023-06-29,6,June,26,DMart-Mumbai-1,Mumbai,Personal Care,Eggs,5,310,0.21,1224.5,140.58,Card
ORD09570,2023-04-13,4,April,15,DMart-Pune-2,Pune,Groceries,Toothpaste,2,206,0.09,374.92,74.75,UPI
ORD09571,2023-11-24,11,November,47,DMart-Nagpur-2,Nagpur,Groceries,Eggs,5,371,0.02,1817.9,461.35,UPI
ORD09572,2023-05-19,5,May,20,DMart-Thane-2,Thane,Personal Care,Biscuits,1,203,0.27,148.19,21.47,Cash
ORD09573,2023-08-29,8,August,35,DMart-Pune-3,Pune,Personal Care,Bread,3,252,0.27,551.88,128.48,UPI
ORD09574,2023-04-26,4,April,17,DMart-Nagpur-2,Nagpur,Dairy,Water,5,182,0.18,746.2,158.95,Cash
ORD09575,2023-12-01,12,December,48,DMart-Nagpur-2,Nagpur,Personal Care,Bread,3,70,0.05,199.5,54.75,UPI
ORD09576,2023-09-04,9,September,36,DMart-Nagpur-3,Nagpur,Dairy,Bread,4,486,0.06,1827.36,512.26,Wallet
ORD09577,2023-02-27,2,February,9,DMart-Nagpur-3,Nagpur,Groceries,Tea,5,214,0.02,1048.6,145.3,UPI
ORD09578,2023-06-23,6,June,25,DMart-Nashik-1,Nashik,Groceries,Detergent,4,422,0.16,1417.92,168.66,Card
ORD09579,2023-03-20,3,March,12,DMart-Thane-2,Thane,Beverages,Toothpaste,2,26,0.1,46.8,8.93,UPI
ORD09580,2023-07-07,7,July,27,DMart-Pune-1,Pune,Dairy,Toothpaste,1,56,0.29,39.76,9.58,Card
ORD09581,2023-08-31,8,August,35,DMart-Pune-3,Pune,Groceries,Water,3,178,0.09,485.94,50.84,Wallet
ORD09582,2023-10-27,10,October,43,DMart-Pune-3,Pune,Household,Coffee,3,300,0.07,837.0,97.56,UPI
ORD09583,2023-03-25,3,March,12,DMart-Pune-2,Pune,Household,Coffee,1,63,0.0,63.0,14.85,Wallet
ORD09584,2023-06-29,6,June,26,DMart-Mumbai-1,Mumbai,Groceries,Chips,3,227,0.24,517.56,137.41,UPI
ORD09585,2023-12-01,12,December,48,DMart-Pune-3,Pune,Groceries,Rice,5,236,0.23,908.6,164.48,UPI
ORD09586,2023-04-07,4,April,14,DMart-Pune-2,Pune,Groceries,Bread,2,175,0.26,259.0,27.05,UPI
ORD09587,2023-03-17,3,March,11,DMart-Pune-2,Pune,Personal Care,Shampoo,1,481,0.08,442.52,58.1,Card
ORD09588,2023-01-25,1,January,4,DMart-Mumbai-1,Mumbai,Dairy,Sugar,4,226,0.04,867.84,138.11,UPI
ORD09589,2023-03-14,3,March,11,DMart-Nagpur-3,Nagpur,Groceries,Wheat,3,290,0.28,626.4,155.54,Wallet
ORD09590,2023-06-15,6,June,24,DMart-Thane-1,Thane,Groceries,Milk,5,470,0.07,2185.5,288.5,Card
ORD09591,2023-05-22,5,May,21,DMart-Mumbai-2,Mumbai,Beverages,Water,1,132,0.0,132.0,16.52,UPI
ORD09592,2023-01-14,1,January,2,DMart-Thane-2,Thane,Personal Care,Coffee,3,354,0.29,754.02,153.76,Card
ORD09593,2023-09-10,9,September,36,DMart-Mumbai-1,Mumbai,Personal Care,Oil,5,475,0.24,1805.0,333.35,UPI
ORD09594,2023-08-23,8,August,34,DMart-Thane-1,Thane,Household,Coffee,3,118,0.17,293.82,41.9,Card
ORD09595,2023-09-24,9,September,38,DMart-Mumbai-1,Mumbai,Personal Care,Rice,2,155,0.12,272.8,54.71,Cash
ORD09596,2023-08-18,8,August,33,DMart-Nagpur-2,Nagpur,Groceries,Biscuits,4,68,0.15,231.2,39.22,Card
ORD09597,2023-01-17,1,January,3,DMart-Pune-1,Pune,Groceries,Soap,5,234,0.03,1134.9,194.68,Wallet
ORD09598,2023-08-08,8,August,32,DMart-Mumbai-1,Mumbai,Groceries,Toothpaste,5,362,0.23,1393.7,255.69,Cash
ORD09599,2023-03-31,3,March,13,DMart-Nagpur-3,Nagpur,Groceries,Rice,5,127,0.0,635.0,185.64,Cash
ORD09600,2023-12-26,12,December,52,DMart-Thane-1,Thane,Groceries,Tea,3,363,0.14,936.54,169.69,Card
ORD09601,2023-06-01,6,June,22,DMart-Nashik-3,Nashik,Groceries,Toothpaste,5,306,0.17,1269.9,254.15,Cash
ORD09602,2023-04-11,4,April,15,DMart-Nashik-2,Nashik,Dairy,Coffee,5,54,0.06,253.8,26.75,Cash
ORD09603,2023-10-12,10,October,41,DMart-Nashik-1,Nashik,Household,Rice,3,354,0.17,881.46,111.51,Wallet
ORD09604,2023-01-09,1,January,2,DMart-Nagpur-2,Nagpur,Personal Care,Toothpaste,1,100,0.25,75.0,19.22,UPI
ORD09605,2023-10-09,10,October,41,DMart-Nagpur-1,Nagpur,Dairy,Toothpaste,2,91,0.03,176.54,30.59,UPI
ORD09606,2023-06-01,6,June,22,DMart-Mumbai-3,Mumbai,Household,Eggs,4,471,0.13,1639.08,442.53,Card
ORD09607,2023-03-07,3,March,10,DMart-Pune-2,Pune,Household,Soap,3,68,0.24,155.04,24.24,UPI
ORD09608,2023-12-27,12,December,52,DMart-Nagpur-2,Nagpur,Household,Bread,3,326,0.3,684.6,113.01,Card
ORD09609,2023-06-10,6,June,23,DMart-Pune-3,Pune,Household,Soap,3,137,0.0,411.0,76.9,Card
ORD09610,2023-02-06,2,February,6,DMart-Nashik-2,Nashik,Household,Eggs,1,437,0.28,314.64,61.13,Card
ORD09611,2023-05-09,5,May,19,DMart-Nashik-1,Nashik,Dairy,Soap,4,312,0.18,1023.36,129.39,Cash
ORD09612,2023-04-06,4,April,14,DMart-Nagpur-2,Nagpur,Dairy,Milk,2,83,0.07,154.38,36.38,Cash
ORD09613,2023-12-03,12,December,48,DMart-Nagpur-3,Nagpur,Dairy,Soap,2,344,0.16,577.92,115.76,Wallet
ORD09614,2023-01-31,1,January,5,DMart-Mumbai-1,Mumbai,Personal Care,Bread,1,35,0.2,28.0,4.77,Wallet
ORD09615,2023-02-28,2,February,9,DMart-Nashik-1,Nashik,Household,Rice,1,167,0.28,120.24,12.61,Wallet
ORD09616,2023-10-26,10,October,43,DMart-Mumbai-3,Mumbai,Personal Care,Coffee,4,371,0.1,1335.6,183.81,UPI
ORD09617,2023-10-09,10,October,41,DMart-Nagpur-1,Nagpur,Dairy,Water,4,360,0.15,1224.0,172.72,Card
ORD09618,2023-03-16,3,March,11,DMart-Nashik-2,Nashik,Personal Care,Oil,3,299,0.22,699.66,208.38,Wallet
ORD09619,2023-03-24,3,March,12,DMart-Thane-3,Thane,Household,Bread,1,388,0.26,287.12,70.24,UPI
ORD09620,2023-07-22,7,July,29,DMart-Thane-3,Thane,Personal Care,Sugar,3,399,0.3,837.9,223.36,UPI
ORD09621,2023-10-11,10,October,41,DMart-Mumbai-2,Mumbai,Household,Wheat,5,243,0.28,874.8,103.02,Cash
ORD09622,2023-10-21,10,October,42,DMart-Thane-3,Thane,Groceries,Tissue,4,485,0.09,1765.4,289.21,UPI
ORD09623,2023-08-19,8,August,33,DMart-Nashik-3,Nashik,Dairy,Chips,1,273,0.28,196.56,20.6,Cash
ORD09624,2023-01-18,1,January,3,DMart-Nagpur-1,Nagpur,Dairy,Bread,4,132,0.24,401.28,52.98,Card
ORD09625,2023-02-10,2,February,6,DMart-Thane-2,Thane,Personal Care,Sugar,5,471,0.04,2260.8,447.98,Cash
ORD09626,2023-05-05,5,May,18,DMart-Thane-3,Thane,Household,Tissue,1,139,0.21,109.81,15.9,Wallet
ORD09627,2023-12-02,12,December,48,DMart-Nagpur-2,Nagpur,Household,Shampoo,2,30,0.13,52.2,12.65,Cash
ORD09628,2023-08-05,8,August,31,DMart-Pune-1,Pune,Household,Detergent,4,325,0.04,1248.0,272.03,Cash
ORD09629,2023-11-04,11,November,44,DMart-Pune-3,Pune,Groceries,Rice,1,39,0.17,32.37,5.49,Card
ORD09630,2023-01-06,1,January,1,DMart-Nashik-2,Nashik,Personal Care,Biscuits,3,405,0.09,1105.65,224.67,Cash
ORD09631,2023-04-23,4,April,16,DMart-Pune-2,Pune,Groceries,Tissue,4,375,0.03,1455.0,286.25,Wallet
ORD09632,2023-05-29,5,May,22,DMart-Pune-3,Pune,Personal Care,Rice,2,333,0.07,619.38,79.6,UPI
ORD09633,2023-05-01,5,May,18,DMart-Pune-3,Pune,Dairy,Coffee,2,223,0.06,419.24,44.0,Wallet
ORD09634,2023-07-25,7,July,30,DMart-Nagpur-1,Nagpur,Groceries,Milk,4,379,0.05,1440.2,255.17,UPI
ORD09635,2023-03-04,3,March,9,DMart-Thane-3,Thane,Beverages,Tissue,5,429,0.24,1630.2,273.74,Cash
ORD09636,2023-09-24,9,September,38,DMart-Nagpur-1,Nagpur,Dairy,Juice,2,209,0.19,338.58,58.11,UPI
ORD09637,2023-10-25,10,October,43,DMart-Pune-1,Pune,Household,Shampoo,3,271,0.05,772.35,97.9,Card
ORD09638,2023-10-27,10,October,43,DMart-Nagpur-1,Nagpur,Household,Wheat,2,446,0.25,669.0,100.88,UPI
ORD09639,2023-07-29,7,July,30,DMart-Pune-2,Pune,Beverages,Soap,3,150,0.17,373.5,53.06,Cash
ORD09640,2023-01-10,1,January,2,DMart-Mumbai-2,Mumbai,Beverages,Biscuits,5,192,0.19,777.6,138.39,UPI
ORD09641,2023-11-23,11,November,47,DMart-Nagpur-2,Nagpur,Personal Care,Tea,2,421,0.17,698.86,124.32,Card
ORD09642,2023-11-25,11,November,47,DMart-Pune-1,Pune,Personal Care,Juice,5,398,0.0,1990.0,513.23,Card
ORD09643,2023-06-23,6,June,25,DMart-Mumbai-1,Mumbai,Groceries,Tea,4,31,0.03,120.28,23.05,Wallet
ORD09644,2023-06-30,6,June,26,DMart-Mumbai-3,Mumbai,Groceries,Chips,4,108,0.09,393.12,76.76,UPI
ORD09645,2023-02-09,2,February,6,DMart-Mumbai-3,Mumbai,Personal Care,Shampoo,3,368,0.25,828.0,108.34,Cash
ORD09646,2023-08-17,8,August,33,DMart-Nashik-1,Nashik,Beverages,Water,5,269,0.13,1170.15,341.12,Wallet
ORD09647,2023-06-28,6,June,26,DMart-Pune-2,Pune,Groceries,Detergent,2,373,0.09,678.86,98.85,Card
ORD09648,2023-08-26,8,August,34,DMart-Thane-3,Thane,Personal Care,Tea,2,402,0.07,747.72,134.1,Wallet
ORD09649,2023-07-28,7,July,30,DMart-Mumbai-1,Mumbai,Personal Care,Soap,4,301,0.03,1167.88,159.25,Card
ORD09650,2023-06-30,6,June,26,DMart-Thane-2,Thane,Personal Care,Coffee,4,416,0.15,1414.4,381.39,Card
ORD09651,2023-01-30,1,January,5,DMart-Nashik-3,Nashik,Household,Shampoo,1,198,0.12,174.24,44.9,UPI
ORD09652,2023-06-28,6,June,26,DMart-Pune-3,Pune,Household,Sugar,1,500,0.02,490.0,83.0,Wallet
ORD09653,2023-06-25,6,June,25,DMart-Mumbai-2,Mumbai,Household,Bread,2,460,0.14,791.2,184.9,UPI
ORD09654,2023-07-27,7,July,30,DMart-Pune-2,Pune,Beverages,Milk,5,368,0.0,1840.0,468.12,Wallet
ORD09655,2023-09-04,9,September,36,DMart-Pune-3,Pune,Household,Coffee,2,132,0.17,219.12,32.29,Cash
ORD09656,2023-03-19,3,March,11,DMart-Pune-1,Pune,Household,Tea,2,217,0.21,342.86,96.41,Cash
ORD09657,2023-05-16,5,May,20,DMart-Thane-1,Thane,Dairy,Sugar,1,182,0.06,171.08,40.69,Wallet
ORD09658,2023-09-26,9,September,39,DMart-Nashik-3,Nashik,Groceries,Chips,1,173,0.05,164.35,16.95,Cash
ORD09659,2023-02-07,2,February,6,DMart-Nagpur-3,Nagpur,Personal Care,Rice,4,272,0.07,1011.84,278.25,Card
ORD09660,2023-03-31,3,March,13,DMart-Nagpur-1,Nagpur,Personal Care,Soap,3,497,0.29,1058.61,312.52,Cash
ORD09661,2023-03-01,3,March,9,DMart-Nashik-1,Nashik,Beverages,Chips,3,292,0.18,718.32,209.25,Wallet
ORD09662,2023-04-08,4,April,14,DMart-Nashik-2,Nashik,Beverages,Detergent,1,24,0.16,20.16,2.46,Cash
ORD09663,2023-07-02,7,July,26,DMart-Nagpur-2,Nagpur,Groceries,Milk,3,105,0.0,315.0,73.51,Wallet
ORD09664,2023-07-31,7,July,31,DMart-Nashik-1,Nashik,Household,Coffee,1,213,0.19,172.53,35.6,Wallet
ORD09665,2023-05-29,5,May,22,DMart-Pune-1,Pune,Dairy,Biscuits,5,144,0.06,676.8,129.37,Cash
ORD09666,2023-01-24,1,January,4,DMart-Mumbai-2,Mumbai,Beverages,Tea,4,244,0.0,976.0,289.98,Cash
ORD09667,2023-08-29,8,August,35,DMart-Nagpur-1,Nagpur,Personal Care,Tea,3,117,0.07,326.43,48.04,Card
ORD09668,2023-02-10,2,February,6,DMart-Pune-3,Pune,Beverages,Shampoo,2,66,0.15,112.2,28.97,Wallet
ORD09669,2023-10-19,10,October,42,DMart-Mumbai-1,Mumbai,Household,Tissue,2,27,0.14,46.44,11.64,UPI
ORD09670,2023-06-19,6,June,25,DMart-Nagpur-3,Nagpur,Beverages,Bread,2,56,0.0,112.0,32.58,Wallet
ORD09671,2023-07-03,7,July,27,DMart-Mumbai-1,Mumbai,Beverages,Chips,4,497,0.15,1689.8,463.06,Cash
ORD09672,2023-05-27,5,May,21,DMart-Mumbai-2,Mumbai,Beverages,Coffee,5,369,0.14,1586.7,172.42,UPI
ORD09673,2023-09-23,9,September,38,DMart-Nashik-3,Nashik,Household,Rice,1,254,0.06,238.76,36.97,Cash
ORD09674,2023-07-20,7,July,29,DMart-Nagpur-3,Nagpur,Household,Eggs,1,234,0.01,231.66,27.38,UPI
ORD09675,2023-01-28,1,January,4,DMart-Thane-2,Thane,Beverages,Oil,3,119,0.24,271.32,77.71,UPI
ORD09676,2023-08-18,8,August,33,DMart-Nagpur-3,Nagpur,Groceries,Tissue,3,43,0.13,112.23,31.27,Wallet
ORD09677,2023-04-09,4,April,14,DMart-Nashik-2,Nashik,Beverages,Tissue,5,63,0.3,220.5,39.01,Card
ORD09678,2023-02-24,2,February,8,DMart-Thane-3,Thane,Beverages,Shampoo,3,244,0.12,644.16,144.34,Card
ORD09679,2023-09-11,9,September,37,DMart-Thane-1,Thane,Dairy,Bread,1,106,0.24,80.56,16.79,Card
ORD09680,2023-09-04,9,September,36,DMart-Pune-1,Pune,Household,Juice,3,474,0.06,1336.68,275.05,UPI
ORD09681,2023-06-17,6,June,24,DMart-Mumbai-2,Mumbai,Dairy,Water,3,378,0.03,1099.98,243.82,Wallet
ORD09682,2023-10-12,10,October,41,DMart-Mumbai-3,Mumbai,Dairy,Water,5,70,0.2,280.0,60.62,Wallet
ORD09683,2023-09-23,9,September,38,DMart-Nagpur-3,Nagpur,Household,Water,5,412,0.2,1648.0,285.4,Wallet
ORD09684,2023-10-19,10,October,42,DMart-Thane-3,Thane,Personal Care,Water,2,379,0.14,651.88,154.91,Card
ORD09685,2023-07-16,7,July,28,DMart-Pune-3,Pune,Household,Tissue,1,433,0.23,333.41,96.21,Wallet
ORD09686,2023-08-12,8,August,32,DMart-Thane-3,Thane,Dairy,Biscuits,4,80,0.27,233.6,65.23,Card
ORD09687,2023-09-27,9,September,39,DMart-Nashik-2,Nashik,Household,Coffee,4,438,0.23,1349.04,207.47,Cash
ORD09688,2023-03-05,3,March,9,DMart-Pune-2,Pune,Beverages,Wheat,1,494,0.2,395.2,46.86,UPI
ORD09689,2023-12-05,12,December,49,DMart-Nashik-3,Nashik,Beverages,Water,1,83,0.05,78.85,10.19,Cash
ORD09690,2023-07-07,7,July,27,DMart-Thane-2,Thane,Dairy,Tissue,5,184,0.26,680.8,202.12,Wallet
ORD09691,2023-10-11,10,October,41,DMart-Nagpur-1,Nagpur,Groceries,Detergent,5,376,0.07,1748.4,295.98,UPI
ORD09692,2023-08-18,8,August,33,DMart-Mumbai-1,Mumbai,Household,Soap,4,112,0.12,394.24,116.0,Wallet
ORD09693,2023-12-30,12,December,52,DMart-Nashik-3,Nashik,Groceries,Tea,2,223,0.11,396.94,118.92,Cash
ORD09694,2023-12-10,12,December,49,DMart-Thane-3,Thane,Household,Coffee,4,105,0.03,407.4,48.41,Cash
ORD09695,2023-11-08,11,November,45,DMart-Thane-1,Thane,Personal Care,Chips,1,379,0.25,284.25,49.82,UPI
ORD09696,2023-04-03,4,April,14,DMart-Nashik-3,Nashik,Dairy,Soap,2,396,0.13,689.04,136.47,UPI
ORD09697,2023-07-24,7,July,30,DMart-Thane-3,Thane,Beverages,Chips,1,389,0.02,381.22,95.4,Wallet
ORD09698,2023-04-20,4,April,16,DMart-Mumbai-3,Mumbai,Groceries,Oil,2,65,0.0,130.0,34.96,Wallet
ORD09699,2023-03-28,3,March,13,DMart-Pune-2,Pune,Groceries,Bread,2,221,0.3,309.4,35.1,Cash
ORD09700,2023-11-13,11,November,46,DMart-Pune-1,Pune,Household,Soap,2,311,0.21,491.38,93.38,Card
ORD09701,2023-01-09,1,January,2,DMart-Thane-1,Thane,Household,Chips,2,222,0.1,399.6,63.19,UPI
ORD09702,2023-05-08,5,May,19,DMart-Thane-1,Thane,Personal Care,Milk,4,419,0.04,1608.96,243.85,Wallet
ORD09703,2023-07-12,7,July,28,DMart-Nagpur-1,Nagpur,Household,Soap,4,28,0.08,103.04,13.02,Wallet
ORD09704,2023-04-15,4,April,15,DMart-Nagpur-3,Nagpur,Household,Eggs,5,494,0.02,2420.6,326.49,Cash
ORD09705,2023-01-05,1,January,1,DMart-Nashik-2,Nashik,Dairy,Bread,4,348,0.01,1378.08,312.09,Wallet
ORD09706,2023-01-11,1,January,2,DMart-Thane-3,Thane,Groceries,Eggs,1,166,0.14,142.76,33.39,UPI
ORD09707,2023-07-19,7,July,29,DMart-Mumbai-2,Mumbai,Dairy,Oil,5,139,0.06,653.3,91.7,Card
ORD09708,2023-06-25,6,June,25,DMart-Thane-3,Thane,Household,Shampoo,4,496,0.11,1765.76,466.11,Card
ORD09709,2023-03-22,3,March,12,DMart-Mumbai-3,Mumbai,Household,Soap,3,368,0.17,916.32,197.0,Card
ORD09710,2023-01-11,1,January,2,DMart-Nashik-2,Nashik,Personal Care,Water,1,384,0.07,357.12,45.83,UPI
ORD09711,2023-08-19,8,August,33,DMart-Nashik-3,Nashik,Household,Rice,2,28,0.03,54.32,8.04,Wallet
ORD09712,2023-06-09,6,June,23,DMart-Thane-2,Thane,Dairy,Toothpaste,1,329,0.22,256.62,29.95,UPI
ORD09713,2023-04-24,4,April,17,DMart-Thane-2,Thane,Household,Chips,2,134,0.22,209.04,26.49,Wallet
ORD09714,2023-07-04,7,July,27,DMart-Mumbai-2,Mumbai,Household,Wheat,1,26,0.05,24.7,7.41,Card
ORD09715,2023-11-30,11,November,48,DMart-Nashik-2,Nashik,Household,Tissue,4,133,0.09,484.12,80.7,Cash
ORD09716,2023-05-07,5,May,18,DMart-Nashik-1,Nashik,Groceries,Wheat,4,218,0.29,619.12,175.0,Cash
ORD09717,2023-12-01,12,December,48,DMart-Thane-2,Thane,Beverages,Eggs,5,229,0.23,881.65,95.12,Cash
ORD09718,2023-07-16,7,July,28,DMart-Nagpur-2,Nagpur,Personal Care,Biscuits,2,53,0.03,102.82,24.11,Card
ORD09719,2023-08-30,8,August,35,DMart-Mumbai-1,Mumbai,Personal Care,Milk,2,268,0.06,503.84,80.99,Wallet
ORD09720,2023-10-04,10,October,40,DMart-Pune-3,Pune,Personal Care,Tissue,2,274,0.15,465.8,118.77,UPI
ORD09721,2023-10-08,10,October,40,DMart-Mumbai-1,Mumbai,Personal Care,Juice,5,301,0.22,1173.9,231.54,Wallet
ORD09722,2023-04-17,4,April,16,DMart-Thane-3,Thane,Dairy,Toothpaste,5,72,0.28,259.2,77.51,UPI
ORD09723,2023-02-25,2,February,8,DMart-Nashik-1,Nashik,Household,Water,2,278,0.28,400.32,110.28,UPI
ORD09724,2023-09-13,9,September,37,DMart-Nashik-3,Nashik,Dairy,Biscuits,3,385,0.04,1108.8,261.65,Cash
ORD09725,2023-06-18,6,June,24,DMart-Nashik-3,Nashik,Personal Care,Juice,1,277,0.3,193.9,37.09,Card
ORD09726,2023-03-29,3,March,13,DMart-Thane-1,Thane,Personal Care,Water,4,182,0.11,647.92,178.98,Cash
ORD09727,2023-07-11,7,July,28,DMart-Nashik-2,Nashik,Groceries,Soap,2,429,0.12,755.04,93.39,Cash
ORD09728,2023-05-18,5,May,20,DMart-Mumbai-1,Mumbai,Groceries,Juice,3,442,0.03,1286.22,129.18,Cash
ORD09729,2023-10-16,10,October,42,DMart-Thane-3,Thane,Groceries,Chips,5,43,0.25,161.25,41.81,Wallet
ORD09730,2023-03-28,3,March,13,DMart-Nagpur-1,Nagpur,Beverages,Water,4,466,0.04,1789.44,339.88,Wallet
ORD09731,2023-06-29,6,June,26,DMart-Thane-3,Thane,Groceries,Milk,5,204,0.07,948.6,269.84,Card
ORD09732,2023-05-15,5,May,20,DMart-Thane-1,Thane,Beverages,Sugar,4,451,0.23,1389.08,182.66,Wallet
ORD09733,2023-05-14,5,May,19,DMart-Pune-3,Pune,Beverages,Bread,4,427,0.09,1554.28,201.8,Cash
ORD09734,2023-11-16,11,November,46,DMart-Pune-3,Pune,Household,Chips,4,475,0.24,1444.0,233.74,Cash
ORD09735,2023-10-22,10,October,42,DMart-Thane-3,Thane,Beverages,Tissue,3,236,0.12,623.04,88.63,Cash
ORD09736,2023-07-22,7,July,29,DMart-Thane-1,Thane,Dairy,Rice,5,114,0.21,450.3,94.91,Card
ORD09737,2023-12-10,12,December,49,DMart-Pune-2,Pune,Household,Tissue,5,267,0.26,987.9,287.93,Cash
ORD09738,2023-12-22,12,December,51,DMart-Mumbai-3,Mumbai,Dairy,Coffee,2,240,0.22,374.4,90.27,UPI
ORD09739,2023-09-15,9,September,37,DMart-Thane-2,Thane,Household,Rice,2,102,0.03,197.88,32.14,Cash
ORD09740,2023-12-06,12,December,49,DMart-Nashik-1,Nashik,Beverages,Milk,1,96,0.0,96.0,22.14,Cash
ORD09741,2023-05-29,5,May,22,DMart-Nagpur-3,Nagpur,Personal Care,Bread,5,313,0.01,1549.35,322.97,UPI
ORD09742,2023-06-11,6,June,23,DMart-Thane-1,Thane,Beverages,Soap,4,213,0.21,673.08,67.37,Wallet
ORD09743,2023-12-05,12,December,49,DMart-Nagpur-1,Nagpur,Beverages,Detergent,1,352,0.24,267.52,50.05,Cash
ORD09744,2023-05-08,5,May,19,DMart-Thane-2,Thane,Dairy,Oil,4,82,0.29,232.88,47.86,Cash
ORD09745,2023-08-11,8,August,32,DMart-Pune-2,Pune,Personal Care,Bread,4,236,0.19,764.64,154.15,UPI
ORD09746,2023-03-24,3,March,12,DMart-Pune-2,Pune,Dairy,Soap,5,491,0.29,1743.05,456.68,Card
ORD09747,2023-06-09,6,June,23,DMart-Pune-3,Pune,Groceries,Water,4,66,0.18,216.48,53.24,Card
ORD09748,2023-11-01,11,November,44,DMart-Mumbai-2,Mumbai,Personal Care,Biscuits,1,438,0.21,346.02,101.14,Wallet
ORD09749,2023-01-06,1,January,1,DMart-Pune-3,Pune,Household,Toothpaste,3,151,0.2,362.4,82.23,UPI
ORD09750,2023-07-17,7,July,29,DMart-Nashik-3,Nashik,Beverages,Oil,1,191,0.21,150.89,35.16,UPI
ORD09751,2023-02-07,2,February,6,DMart-Nashik-1,Nashik,Dairy,Soap,5,68,0.03,329.8,79.13,Wallet
ORD09752,2023-01-21,1,January,3,DMart-Mumbai-1,Mumbai,Household,Toothpaste,3,73,0.12,192.72,51.46,Cash
ORD09753,2023-09-07,9,September,36,DMart-Thane-2,Thane,Personal Care,Milk,4,51,0.3,142.8,25.15,Card
ORD09754,2023-02-06,2,February,6,DMart-Pune-2,Pune,Beverages,Juice,1,400,0.2,320.0,85.69,Cash
ORD09755,2023-01-27,1,January,4,DMart-Mumbai-2,Mumbai,Household,Chips,3,411,0.3,863.1,137.12,UPI
ORD09756,2023-09-15,9,September,37,DMart-Mumbai-3,Mumbai,Personal Care,Bread,2,420,0.19,680.4,103.63,Cash
ORD09757,2023-02-26,2,February,8,DMart-Nagpur-2,Nagpur,Personal Care,Juice,3,433,0.25,974.25,267.41,UPI
ORD09758,2023-12-10,12,December,49,DMart-Nashik-1,Nashik,Household,Shampoo,2,402,0.25,603.0,78.98,Card
ORD09759,2023-09-11,9,September,37,DMart-Pune-1,Pune,Household,Toothpaste,5,207,0.03,1003.95,251.63,UPI
ORD09760,2023-09-13,9,September,37,DMart-Nashik-1,Nashik,Household,Biscuits,2,316,0.07,587.76,88.83,UPI
ORD09761,2023-04-17,4,April,16,DMart-Thane-1,Thane,Household,Tissue,5,65,0.15,276.25,33.8,Card
ORD09762,2023-07-16,7,July,28,DMart-Thane-2,Thane,Beverages,Tea,5,241,0.28,867.6,222.15,UPI
ORD09763,2023-11-06,11,November,45,DMart-Nagpur-2,Nagpur,Beverages,Bread,4,351,0.13,1221.48,248.97,UPI
ORD09764,2023-06-18,6,June,24,DMart-Pune-1,Pune,Household,Coffee,3,246,0.26,546.12,123.69,Cash
ORD09765,2023-06-15,6,June,24,DMart-Mumbai-3,Mumbai,Personal Care,Shampoo,4,116,0.15,394.4,91.13,Cash
ORD09766,2023-04-22,4,April,16,DMart-Thane-3,Thane,Groceries,Juice,2,241,0.19,390.42,61.31,Card
ORD09767,2023-05-17,5,May,20,DMart-Pune-3,Pune,Dairy,Tea,4,423,0.04,1624.32,263.58,Wallet
ORD09768,2023-07-19,7,July,29,DMart-Nagpur-3,Nagpur,Personal Care,Tissue,1,180,0.03,174.6,39.26,UPI
ORD09769,2023-12-12,12,December,50,DMart-Nashik-2,Nashik,Dairy,Eggs,2,223,0.19,361.26,77.03,Wallet
ORD09770,2023-01-16,1,January,3,DMart-Thane-2,Thane,Beverages,Sugar,4,159,0.03,616.92,106.66,Wallet
ORD09771,2023-09-11,9,September,37,DMart-Thane-3,Thane,Household,Sugar,3,152,0.1,410.4,92.15,Wallet
ORD09772,2023-02-10,2,February,6,DMart-Nagpur-2,Nagpur,Groceries,Shampoo,5,468,0.28,1684.8,457.44,Card
ORD09773,2023-02-13,2,February,7,DMart-Nashik-2,Nashik,Beverages,Detergent,2,72,0.29,102.24,18.0,Cash
ORD09774,2023-06-16,6,June,24,DMart-Mumbai-3,Mumbai,Beverages,Soap,5,89,0.07,413.85,111.13,Wallet
ORD09775,2023-07-27,7,July,30,DMart-Mumbai-3,Mumbai,Dairy,Coffee,1,376,0.1,338.4,87.0,Cash
ORD09776,2023-09-19,9,September,38,DMart-Mumbai-2,Mumbai,Beverages,Juice,2,192,0.04,368.64,85.33,Wallet
ORD09777,2023-11-13,11,November,46,DMart-Thane-2,Thane,Personal Care,Sugar,3,435,0.18,1070.1,227.91,Card
ORD09778,2023-06-26,6,June,26,DMart-Nashik-1,Nashik,Dairy,Bread,5,248,0.25,930.0,111.61,Cash
ORD09779,2023-07-01,7,July,26,DMart-Nashik-2,Nashik,Beverages,Chips,4,459,0.01,1817.64,201.99,Wallet
ORD09780,2023-10-14,10,October,41,DMart-Thane-1,Thane,Personal Care,Detergent,1,141,0.2,112.8,14.45,Wallet
ORD09781,2023-12-01,12,December,48,DMart-Pune-1,Pune,Groceries,Milk,3,437,0.23,1009.47,183.42,UPI
ORD09782,2023-07-20,7,July,29,DMart-Nashik-1,Nashik,Groceries,Shampoo,5,415,0.14,1784.5,324.12,UPI
ORD09783,2023-08-15,8,August,33,DMart-Nashik-1,Nashik,Dairy,Sugar,5,402,0.17,1668.3,225.64,Wallet
ORD09784,2023-05-06,5,May,18,DMart-Nagpur-2,Nagpur,Groceries,Oil,5,394,0.12,1733.6,434.68,UPI
ORD09785,2023-07-11,7,July,28,DMart-Nagpur-3,Nagpur,Groceries,Toothpaste,4,245,0.24,744.8,183.9,Cash
ORD09786,2023-08-01,8,August,31,DMart-Nashik-2,Nashik,Dairy,Detergent,1,496,0.08,456.32,65.34,Cash
ORD09787,2023-03-11,3,March,10,DMart-Nagpur-2,Nagpur,Personal Care,Tea,1,131,0.24,99.56,19.02,Card
ORD09788,2023-12-14,12,December,50,DMart-Pune-1,Pune,Personal Care,Bread,5,294,0.2,1176.0,297.87,Wallet
ORD09789,2023-10-06,10,October,40,DMart-Nagpur-3,Nagpur,Personal Care,Tissue,3,101,0.04,290.88,55.92,Cash
ORD09790,2023-05-20,5,May,20,DMart-Mumbai-1,Mumbai,Personal Care,Rice,1,187,0.23,143.99,23.95,Card
ORD09791,2023-04-20,4,April,16,DMart-Thane-1,Thane,Personal Care,Oil,3,473,0.14,1220.34,133.62,Card
ORD09792,2023-10-09,10,October,41,DMart-Nagpur-2,Nagpur,Personal Care,Tissue,2,193,0.22,301.08,46.39,UPI
ORD09793,2023-04-03,4,April,14,DMart-Thane-2,Thane,Beverages,Tissue,4,196,0.26,580.16,121.02,UPI
ORD09794,2023-03-15,3,March,11,DMart-Mumbai-1,Mumbai,Household,Milk,4,53,0.02,207.76,55.56,UPI
ORD09795,2023-03-15,3,March,11,DMart-Pune-2,Pune,Groceries,Tissue,3,309,0.01,917.73,131.16,Wallet
ORD09796,2023-08-23,8,August,34,DMart-Nashik-1,Nashik,Household,Biscuits,2,425,0.06,799.0,141.26,UPI
ORD09797,2023-07-02,7,July,26,DMart-Mumbai-1,Mumbai,Household,Detergent,3,455,0.1,1228.5,190.15,Wallet
ORD09798,2023-09-07,9,September,36,DMart-Mumbai-3,Mumbai,Groceries,Detergent,5,127,0.21,501.65,130.7,UPI
ORD09799,2023-12-20,12,December,51,DMart-Nashik-1,Nashik,Groceries,Oil,4,333,0.25,999.0,242.54,Wallet
ORD09800,2023-12-10,12,December,49,DMart-Pune-1,Pune,Personal Care,Shampoo,5,181,0.23,696.85,189.34,UPI
ORD09801,2023-07-02,7,July,26,DMart-Nashik-3,Nashik,Personal Care,Water,5,146,0.16,613.2,143.62,UPI
ORD09802,2023-09-19,9,September,38,DMart-Nashik-3,Nashik,Dairy,Bread,1,248,0.12,218.24,62.51,Wallet
ORD09803,2023-09-13,9,September,37,DMart-Mumbai-3,Mumbai,Personal Care,Tea,1,140,0.17,116.2,30.54,Card
ORD09804,2023-01-31,1,January,5,DMart-Mumbai-2,Mumbai,Personal Care,Tea,2,39,0.06,73.32,13.67,Cash
ORD09805,2023-12-07,12,December,49,DMart-Mumbai-3,Mumbai,Personal Care,Shampoo,2,421,0.12,740.96,173.02,Cash
ORD09806,2023-02-14,2,February,7,DMart-Thane-3,Thane,Beverages,Biscuits,1,212,0.04,203.52,23.31,Cash
ORD09807,2023-03-31,3,March,13,DMart-Mumbai-2,Mumbai,Household,Bread,4,354,0.21,1118.64,211.75,Card
ORD09808,2023-03-03,3,March,9,DMart-Pune-3,Pune,Household,Shampoo,4,96,0.29,272.64,67.12,Cash
ORD09809,2023-03-02,3,March,9,DMart-Mumbai-1,Mumbai,Beverages,Tissue,5,378,0.01,1871.1,501.64,UPI
ORD09810,2023-11-29,11,November,48,DMart-Thane-3,Thane,Groceries,Eggs,2,185,0.03,358.9,83.78,Cash
ORD09811,2023-10-19,10,October,42,DMart-Mumbai-1,Mumbai,Groceries,Juice,3,99,0.29,210.87,46.87,Cash
ORD09812,2023-10-09,10,October,41,DMart-Mumbai-1,Mumbai,Dairy,Toothpaste,5,186,0.15,790.5,202.99,Cash
ORD09813,2023-07-29,7,July,30,DMart-Mumbai-1,Mumbai,Personal Care,Chips,4,94,0.28,270.72,37.28,Cash
ORD09814,2023-08-02,8,August,31,DMart-Thane-2,Thane,Household,Chips,3,177,0.13,461.97,64.15,Card
ORD09815,2023-06-27,6,June,26,DMart-Nagpur-1,Nagpur,Groceries,Toothpaste,3,397,0.07,1107.63,206.49,Card
ORD09816,2023-08-05,8,August,31,DMart-Nashik-2,Nashik,Groceries,Detergent,3,405,0.08,1117.8,251.68,Card
ORD09817,2023-12-17,12,December,50,DMart-Thane-1,Thane,Groceries,Bread,4,250,0.05,950.0,215.24,Wallet
ORD09818,2023-03-08,3,March,10,DMart-Thane-3,Thane,Household,Milk,2,115,0.23,177.1,41.69,Wallet
ORD09819,2023-09-04,9,September,36,DMart-Nagpur-2,Nagpur,Household,Oil,3,174,0.13,454.14,52.16,UPI
ORD09820,2023-03-13,3,March,11,DMart-Thane-3,Thane,Beverages,Tea,1,144,0.21,113.76,21.48,Wallet
ORD09821,2023-08-17,8,August,33,DMart-Nashik-3,Nashik,Groceries,Shampoo,1,26,0.2,20.8,4.24,Card
ORD09822,2023-08-26,8,August,34,DMart-Pune-1,Pune,Personal Care,Juice,5,319,0.26,1180.3,294.08,Card
ORD09823,2023-10-20,10,October,42,DMart-Nashik-3,Nashik,Groceries,Water,1,247,0.04,237.12,36.69,Cash
ORD09824,2023-10-09,10,October,41,DMart-Mumbai-1,Mumbai,Personal Care,Shampoo,3,215,0.22,503.1,65.86,Card
ORD09825,2023-07-15,7,July,28,DMart-Nagpur-3,Nagpur,Dairy,Bread,3,371,0.24,845.88,161.41,Cash
ORD09826,2023-04-07,4,April,14,DMart-Pune-2,Pune,Household,Detergent,1,442,0.25,331.5,74.84,UPI
ORD09827,2023-08-22,8,August,34,DMart-Thane-2,Thane,Groceries,Oil,3,482,0.22,1127.88,312.55,UPI
ORD09828,2023-07-14,7,July,28,DMart-Thane-3,Thane,Household,Wheat,1,225,0.28,162.0,46.86,Wallet
ORD09829,2023-06-11,6,June,23,DMart-Nashik-2,Nashik,Personal Care,Wheat,5,374,0.14,1608.2,268.92,UPI
ORD09830,2023-03-24,3,March,12,DMart-Nagpur-2,Nagpur,Personal Care,Sugar,1,279,0.13,242.73,44.15,Card
ORD09831,2023-09-14,9,September,37,DMart-Mumbai-2,Mumbai,Household,Sugar,2,316,0.0,632.0,152.56,Wallet
ORD09832,2023-04-14,4,April,15,DMart-Nagpur-1,Nagpur,Household,Juice,2,159,0.27,232.14,62.39,UPI
ORD09833,2023-04-19,4,April,16,DMart-Pune-3,Pune,Groceries,Juice,5,300,0.03,1455.0,429.11,Card
ORD09834,2023-11-02,11,November,44,DMart-Nagpur-2,Nagpur,Beverages,Juice,2,254,0.14,436.88,56.33,Cash
ORD09835,2023-12-03,12,December,48,DMart-Nagpur-2,Nagpur,Beverages,Detergent,1,365,0.23,281.05,45.21,Wallet
ORD09836,2023-04-05,4,April,14,DMart-Nagpur-2,Nagpur,Household,Soap,2,38,0.12,66.88,17.57,Cash
ORD09837,2023-11-01,11,November,44,DMart-Nagpur-2,Nagpur,Personal Care,Toothpaste,5,55,0.13,239.25,46.04,Cash
ORD09838,2023-07-28,7,July,30,DMart-Mumbai-1,Mumbai,Groceries,Shampoo,1,285,0.08,262.2,74.46,Card
ORD09839,2023-12-05,12,December,49,DMart-Nashik-1,Nashik,Dairy,Sugar,2,320,0.13,556.8,155.38,UPI
ORD09840,2023-03-17,3,March,11,DMart-Nashik-1,Nashik,Groceries,Detergent,2,479,0.19,775.98,147.11,Cash
ORD09841,2023-02-07,2,February,6,DMart-Thane-1,Thane,Beverages,Eggs,2,268,0.23,412.72,109.52,Wallet
ORD09842,2023-09-08,9,September,36,DMart-Mumbai-2,Mumbai,Household,Soap,4,391,0.12,1376.32,270.53,Wallet
ORD09843,2023-07-11,7,July,28,DMart-Pune-1,Pune,Personal Care,Eggs,4,438,0.14,1506.72,449.82,UPI
ORD09844,2023-09-04,9,September,36,DMart-Nagpur-3,Nagpur,Household,Toothpaste,1,324,0.09,294.84,43.15,UPI
ORD09845,2023-11-12,11,November,45,DMart-Mumbai-1,Mumbai,Beverages,Tea,1,439,0.1,395.1,109.81,UPI
ORD09846,2023-04-19,4,April,16,DMart-Nashik-2,Nashik,Groceries,Water,1,483,0.09,439.53,81.7,Wallet
ORD09847,2023-02-27,2,February,9,DMart-Nagpur-3,Nagpur,Groceries,Biscuits,5,62,0.21,244.9,51.97,UPI
ORD09848,2023-09-07,9,September,36,DMart-Thane-1,Thane,Dairy,Wheat,2,101,0.09,183.82,44.93,Cash
ORD09849,2023-05-02,5,May,18,DMart-Pune-3,Pune,Groceries,Water,2,176,0.14,302.72,46.48,Wallet
ORD09850,2023-11-27,11,November,48,DMart-Mumbai-1,Mumbai,Personal Care,Water,2,417,0.18,683.88,185.95,Cash
ORD09851,2023-10-20,10,October,42,DMart-Thane-3,Thane,Personal Care,Milk,5,189,0.25,708.75,190.83,UPI
ORD09852,2023-09-08,9,September,36,DMart-Thane-1,Thane,Beverages,Tea,3,323,0.28,697.68,185.51,UPI
ORD09853,2023-03-29,3,March,13,DMart-Nagpur-1,Nagpur,Groceries,Tea,5,62,0.04,297.6,44.93,Wallet
ORD09854,2023-07-01,7,July,26,DMart-Pune-1,Pune,Personal Care,Chips,5,447,0.2,1788.0,315.72,Wallet
ORD09855,2023-03-03,3,March,9,DMart-Mumbai-1,Mumbai,Household,Sugar,3,122,0.03,355.02,97.08,Wallet
ORD09856,2023-02-26,2,February,8,DMart-Nagpur-2,Nagpur,Beverages,Juice,5,47,0.25,176.25,51.85,Cash
ORD09857,2023-04-15,4,April,15,DMart-Mumbai-3,Mumbai,Personal Care,Tea,2,54,0.1,97.2,12.89,Cash
ORD09858,2023-08-08,8,August,32,DMart-Pune-2,Pune,Beverages,Shampoo,5,143,0.08,657.8,107.18,UPI
ORD09859,2023-11-22,11,November,47,DMart-Pune-3,Pune,Dairy,Tea,3,162,0.2,388.8,106.2,UPI
ORD09860,2023-11-14,11,November,46,DMart-Thane-2,Thane,Personal Care,Tissue,5,342,0.22,1333.8,331.64,Cash
ORD09861,2023-02-15,2,February,7,DMart-Nagpur-2,Nagpur,Household,Toothpaste,5,95,0.05,451.25,63.07,UPI
ORD09862,2023-07-07,7,July,27,DMart-Mumbai-1,Mumbai,Household,Water,3,230,0.0,690.0,121.37,Cash
ORD09863,2023-02-13,2,February,7,DMart-Pune-3,Pune,Beverages,Water,5,192,0.29,681.6,196.44,Cash
ORD09864,2023-02-11,2,February,6,DMart-Mumbai-2,Mumbai,Groceries,Biscuits,3,141,0.11,376.47,65.5,Cash
ORD09865,2023-12-11,12,December,50,DMart-Thane-2,Thane,Personal Care,Wheat,1,224,0.11,199.36,36.82,Wallet
ORD09866,2023-09-03,9,September,35,DMart-Nashik-1,Nashik,Groceries,Bread,4,116,0.0,464.0,50.13,Card
ORD09867,2023-04-20,4,April,16,DMart-Pune-1,Pune,Groceries,Tissue,1,489,0.28,352.08,86.85,UPI
ORD09868,2023-09-10,9,September,36,DMart-Mumbai-2,Mumbai,Dairy,Detergent,2,418,0.13,727.32,157.84,Cash
ORD09869,2023-11-05,11,November,44,DMart-Thane-1,Thane,Household,Coffee,2,251,0.26,371.48,102.21,Cash
ORD09870,2023-07-16,7,July,28,DMart-Pune-3,Pune,Groceries,Eggs,5,372,0.28,1339.2,163.42,Cash
ORD09871,2023-08-03,8,August,31,DMart-Mumbai-2,Mumbai,Groceries,Tissue,3,35,0.26,77.7,15.25,Card
ORD09872,2023-04-12,4,April,15,DMart-Pune-3,Pune,Personal Care,Chips,1,475,0.0,475.0,105.72,Wallet
ORD09873,2023-02-11,2,February,6,DMart-Thane-3,Thane,Groceries,Coffee,2,480,0.0,960.0,106.1,Card
ORD09874,2023-06-17,6,June,24,DMart-Nagpur-3,Nagpur,Groceries,Biscuits,1,354,0.23,272.58,56.89,Cash
ORD09875,2023-01-30,1,January,5,DMart-Pune-1,Pune,Dairy,Chips,5,321,0.24,1219.8,186.27,UPI
ORD09876,2023-07-01,7,July,26,DMart-Thane-1,Thane,Beverages,Biscuits,2,470,0.2,752.0,104.8,UPI
ORD09877,2023-12-18,12,December,51,DMart-Pune-2,Pune,Dairy,Eggs,1,350,0.29,248.5,33.45,UPI
ORD09878,2023-01-04,1,January,1,DMart-Pune-1,Pune,Beverages,Milk,2,283,0.07,526.38,125.53,Wallet
ORD09879,2023-11-19,11,November,46,DMart-Thane-3,Thane,Dairy,Sugar,2,89,0.15,151.3,42.17,Cash
ORD09880,2023-05-11,5,May,19,DMart-Pune-1,Pune,Beverages,Coffee,4,172,0.28,495.36,114.38,Cash
ORD09881,2023-11-06,11,November,45,DMart-Nashik-3,Nashik,Groceries,Detergent,1,81,0.26,59.94,14.89,Cash
ORD09882,2023-10-13,10,October,41,DMart-Pune-3,Pune,Personal Care,Coffee,4,442,0.15,1502.8,308.87,UPI
ORD09883,2023-04-12,4,April,15,DMart-Nagpur-2,Nagpur,Dairy,Toothpaste,2,393,0.11,699.54,164.84,Card
ORD09884,2023-04-23,4,April,16,DMart-Nashik-1,Nashik,Groceries,Tea,1,419,0.21,331.01,37.97,Cash
ORD09885,2023-04-12,4,April,15,DMart-Nagpur-2,Nagpur,Personal Care,Eggs,1,464,0.06,436.16,77.78,Card
ORD09886,2023-01-13,1,January,2,DMart-Thane-3,Thane,Groceries,Juice,1,180,0.07,167.4,24.89,Card
ORD09887,2023-02-19,2,February,7,DMart-Nashik-2,Nashik,Personal Care,Oil,4,140,0.17,464.8,116.63,Card
ORD09888,2023-07-01,7,July,26,DMart-Pune-1,Pune,Dairy,Tea,2,231,0.11,411.18,114.12,Cash
ORD09889,2023-05-06,5,May,18,DMart-Mumbai-3,Mumbai,Dairy,Shampoo,4,433,0.25,1299.0,355.08,Wallet
ORD09890,2023-05-01,5,May,18,DMart-Nashik-3,Nashik,Dairy,Bread,5,225,0.19,911.25,114.93,Wallet
ORD09891,2023-03-11,3,March,10,DMart-Thane-3,Thane,Personal Care,Detergent,2,33,0.05,62.7,13.85,Cash
ORD09892,2023-01-09,1,January,2,DMart-Thane-1,Thane,Beverages,Coffee,1,61,0.0,61.0,15.6,UPI
ORD09893,2023-11-06,11,November,45,DMart-Nagpur-2,Nagpur,Groceries,Shampoo,5,314,0.13,1365.9,232.74,Card
ORD09894,2023-11-20,11,November,47,DMart-Nagpur-3,Nagpur,Beverages,Water,3,479,0.19,1163.97,342.77,Cash
ORD09895,2023-08-15,8,August,33,DMart-Thane-1,Thane,Dairy,Sugar,1,468,0.07,435.24,57.53,UPI
ORD09896,2023-10-15,10,October,41,DMart-Pune-2,Pune,Beverages,Toothpaste,2,108,0.03,209.52,29.84,UPI
ORD09897,2023-04-22,4,April,16,DMart-Nashik-1,Nashik,Groceries,Milk,2,414,0.28,596.16,158.38,Cash
ORD09898,2023-02-01,2,February,5,DMart-Mumbai-1,Mumbai,Beverages,Wheat,2,394,0.19,638.28,106.06,UPI
ORD09899,2023-01-15,1,January,2,DMart-Nagpur-3,Nagpur,Household,Milk,1,121,0.18,99.22,16.63,Wallet
ORD09900,2023-11-25,11,November,47,DMart-Mumbai-3,Mumbai,Groceries,Bread,1,106,0.24,80.56,15.35,Cash
ORD09901,2023-01-11,1,January,2,DMart-Nagpur-3,Nagpur,Beverages,Bread,4,202,0.19,654.48,93.18,Wallet
ORD09902,2023-01-04,1,January,1,DMart-Nagpur-2,Nagpur,Dairy,Juice,1,134,0.08,123.28,18.29,Card
ORD09903,2023-06-04,6,June,22,DMart-Pune-3,Pune,Personal Care,Soap,2,455,0.0,910.0,154.8,Wallet
ORD09904,2023-03-09,3,March,10,DMart-Nagpur-2,Nagpur,Personal Care,Coffee,1,140,0.01,138.6,34.25,Wallet
ORD09905,2023-04-28,4,April,17,DMart-Nagpur-2,Nagpur,Beverages,Bread,4,90,0.21,284.4,42.33,Wallet
ORD09906,2023-09-06,9,September,36,DMart-Mumbai-2,Mumbai,Household,Shampoo,1,300,0.07,279.0,80.83,Card
ORD09907,2023-03-16,3,March,11,DMart-Pune-2,Pune,Dairy,Rice,3,275,0.24,627.0,111.98,Cash
ORD09908,2023-06-08,6,June,23,DMart-Thane-1,Thane,Groceries,Soap,3,448,0.0,1344.0,161.72,Wallet
ORD09909,2023-12-24,12,December,51,DMart-Nashik-1,Nashik,Beverages,Tissue,5,102,0.11,453.9,67.26,UPI
ORD09910,2023-08-25,8,August,34,DMart-Nashik-1,Nashik,Household,Oil,5,494,0.08,2272.4,630.68,UPI
ORD09911,2023-10-02,10,October,40,DMart-Nashik-1,Nashik,Groceries,Toothpaste,5,425,0.22,1657.5,373.85,Card
ORD09912,2023-07-30,7,July,30,DMart-Pune-3,Pune,Household,Soap,2,24,0.21,37.92,7.93,UPI
ORD09913,2023-02-05,2,February,5,DMart-Pune-2,Pune,Groceries,Milk,3,45,0.2,108.0,12.76,Card
ORD09914,2023-12-30,12,December,52,DMart-Nagpur-3,Nagpur,Beverages,Sugar,5,200,0.27,730.0,132.17,Wallet
ORD09915,2023-01-17,1,January,3,DMart-Pune-1,Pune,Dairy,Eggs,1,496,0.16,416.64,80.26,Card
ORD09916,2023-01-21,1,January,3,DMart-Pune-1,Pune,Household,Tissue,5,300,0.08,1380.0,183.45,Card
ORD09917,2023-11-13,11,November,46,DMart-Thane-3,Thane,Groceries,Shampoo,1,89,0.13,77.43,16.65,Cash
ORD09918,2023-08-06,8,August,31,DMart-Thane-2,Thane,Groceries,Tissue,3,136,0.2,326.4,58.07,Wallet
ORD09919,2023-03-16,3,March,11,DMart-Nagpur-1,Nagpur,Beverages,Milk,3,370,0.13,965.7,245.41,Card
ORD09920,2023-07-06,7,July,27,DMart-Nashik-2,Nashik,Groceries,Juice,4,206,0.21,650.96,123.77,UPI
ORD09921,2023-06-23,6,June,25,DMart-Thane-3,Thane,Groceries,Biscuits,2,265,0.14,455.8,71.16,Card
ORD09922,2023-08-22,8,August,34,DMart-Nashik-3,Nashik,Personal Care,Bread,3,41,0.18,100.86,22.16,Card
ORD09923,2023-07-13,7,July,28,DMart-Nagpur-1,Nagpur,Personal Care,Oil,3,134,0.07,373.86,67.4,Card
ORD09924,2023-05-29,5,May,22,DMart-Thane-3,Thane,Groceries,Coffee,4,236,0.09,859.04,86.72,Cash
ORD09925,2023-12-17,12,December,50,DMart-Nashik-3,Nashik,Personal Care,Bread,2,35,0.2,56.0,11.28,Cash
ORD09926,2023-01-12,1,January,2,DMart-Nagpur-3,Nagpur,Groceries,Tea,1,75,0.13,65.25,18.82,Cash
ORD09927,2023-03-16,3,March,11,DMart-Nashik-1,Nashik,Dairy,Eggs,5,202,0.12,888.8,188.99,Cash
ORD09928,2023-02-01,2,February,5,DMart-Nagpur-3,Nagpur,Household,Tissue,1,498,0.09,453.18,92.91,Card
ORD09929,2023-07-18,7,July,29,DMart-Thane-3,Thane,Beverages,Chips,1,57,0.05,54.15,8.42,UPI
ORD09930,2023-03-15,3,March,11,DMart-Nagpur-3,Nagpur,Groceries,Juice,5,237,0.02,1161.3,174.12,UPI
ORD09931,2023-03-03,3,March,9,DMart-Thane-3,Thane,Dairy,Coffee,5,399,0.1,1795.5,475.16,Cash
ORD09932,2023-10-13,10,October,41,DMart-Nashik-1,Nashik,Personal Care,Juice,5,247,0.27,901.55,116.03,Wallet
ORD09933,2023-09-05,9,September,36,DMart-Thane-1,Thane,Personal Care,Chips,4,388,0.13,1350.24,326.26,Card
ORD09934,2023-12-17,12,December,50,DMart-Thane-2,Thane,Personal Care,Tissue,4,134,0.17,444.88,86.51,Card
ORD09935,2023-06-21,6,June,25,DMart-Nashik-3,Nashik,Groceries,Tea,1,476,0.24,361.76,73.92,Wallet
ORD09936,2023-12-22,12,December,51,DMart-Thane-3,Thane,Beverages,Milk,5,386,0.28,1389.6,170.58,Wallet
ORD09937,2023-01-10,1,January,2,DMart-Nagpur-2,Nagpur,Dairy,Juice,4,131,0.2,419.2,86.96,Card
ORD09938,2023-08-16,8,August,33,DMart-Nashik-2,Nashik,Personal Care,Milk,4,412,0.23,1268.96,180.62,Wallet
ORD09939,2023-09-23,9,September,38,DMart-Thane-3,Thane,Dairy,Oil,1,233,0.1,209.7,61.06,UPI
ORD09940,2023-07-24,7,July,30,DMart-Thane-2,Thane,Groceries,Toothpaste,4,267,0.04,1025.28,111.95,UPI
ORD09941,2023-12-11,12,December,50,DMart-Thane-1,Thane,Dairy,Tissue,1,443,0.15,376.55,60.81,Card
ORD09942,2023-12-30,12,December,52,DMart-Nashik-3,Nashik,Dairy,Juice,3,399,0.02,1173.06,267.64,UPI
ORD09943,2023-05-24,5,May,21,DMart-Thane-2,Thane,Household,Chips,1,491,0.23,378.07,47.56,Cash
ORD09944,2023-05-27,5,May,21,DMart-Mumbai-3,Mumbai,Beverages,Sugar,1,106,0.25,79.5,13.54,Card
ORD09945,2023-05-11,5,May,19,DMart-Nashik-3,Nashik,Groceries,Chips,2,148,0.09,269.36,38.67,UPI
ORD09946,2023-06-26,6,June,26,DMart-Nashik-3,Nashik,Groceries,Wheat,4,289,0.3,809.2,189.76,UPI
ORD09947,2023-01-19,1,January,3,DMart-Mumbai-2,Mumbai,Groceries,Biscuits,2,50,0.08,92.0,21.96,Card
ORD09948,2023-10-31,10,October,44,DMart-Pune-1,Pune,Household,Toothpaste,2,419,0.22,653.64,194.83,Card
ORD09949,2023-10-24,10,October,43,DMart-Nashik-3,Nashik,Dairy,Toothpaste,2,284,0.11,505.52,134.63,UPI
ORD09950,2023-08-15,8,August,33,DMart-Thane-2,Thane,Personal Care,Wheat,4,25,0.15,85.0,19.5,Cash
ORD09951,2023-05-21,5,May,20,DMart-Thane-1,Thane,Personal Care,Coffee,2,169,0.07,314.34,56.31,Cash
ORD09952,2023-09-10,9,September,36,DMart-Pune-1,Pune,Dairy,Wheat,2,419,0.09,762.58,102.68,Card
ORD09953,2023-02-05,2,February,5,DMart-Mumbai-2,Mumbai,Personal Care,Tea,2,320,0.24,486.4,115.72,Cash
ORD09954,2023-08-23,8,August,34,DMart-Thane-1,Thane,Groceries,Wheat,2,206,0.09,374.92,61.05,Wallet
ORD09955,2023-01-07,1,January,1,DMart-Mumbai-3,Mumbai,Groceries,Rice,4,101,0.27,294.92,36.62,Cash
ORD09956,2023-10-16,10,October,42,DMart-Mumbai-1,Mumbai,Beverages,Tissue,1,484,0.05,459.8,86.88,Card
ORD09957,2023-04-11,4,April,15,DMart-Thane-1,Thane,Beverages,Sugar,1,107,0.02,104.86,26.37,Wallet
ORD09958,2023-03-04,3,March,9,DMart-Nashik-3,Nashik,Household,Coffee,4,437,0.23,1345.96,183.87,Wallet
ORD09959,2023-12-22,12,December,51,DMart-Nagpur-1,Nagpur,Beverages,Sugar,2,228,0.13,396.72,83.74,Card
ORD09960,2023-12-09,12,December,49,DMart-Nagpur-1,Nagpur,Beverages,Water,1,351,0.09,319.41,80.45,Wallet
ORD09961,2023-01-03,1,January,1,DMart-Nashik-2,Nashik,Dairy,Juice,3,285,0.07,795.15,140.93,Wallet
ORD09962,2023-06-08,6,June,23,DMart-Nagpur-2,Nagpur,Household,Bread,1,342,0.16,287.28,86.08,Cash
ORD09963,2023-02-07,2,February,6,DMart-Mumbai-2,Mumbai,Personal Care,Eggs,3,139,0.24,316.92,50.0,UPI
ORD09964,2023-05-05,5,May,18,DMart-Thane-3,Thane,Groceries,Oil,2,375,0.21,592.5,169.61,Cash
ORD09965,2023-08-12,8,August,32,DMart-Nashik-1,Nashik,Beverages,Toothpaste,4,178,0.28,512.64,141.47,UPI
ORD09966,2023-10-20,10,October,42,DMart-Mumbai-2,Mumbai,Beverages,Rice,5,454,0.15,1929.5,427.22,Cash
ORD09967,2023-05-03,5,May,18,DMart-Nagpur-1,Nagpur,Dairy,Wheat,4,135,0.18,442.8,98.24,Cash
ORD09968,2023-09-20,9,September,38,DMart-Mumbai-1,Mumbai,Groceries,Chips,5,102,0.14,438.6,78.84,Wallet
ORD09969,2023-05-12,5,May,19,DMart-Nashik-1,Nashik,Groceries,Toothpaste,2,325,0.24,494.0,52.34,Card
ORD09970,2023-09-04,9,September,36,DMart-Nagpur-1,Nagpur,Personal Care,Tea,1,451,0.09,410.41,120.02,UPI
ORD09971,2023-07-20,7,July,29,DMart-Pune-1,Pune,Groceries,Rice,3,196,0.04,564.48,119.44,Card
ORD09972,2023-09-08,9,September,36,DMart-Pune-3,Pune,Groceries,Shampoo,5,438,0.16,1839.6,500.85,Cash
ORD09973,2023-08-15,8,August,33,DMart-Nashik-1,Nashik,Beverages,Toothpaste,3,172,0.3,361.2,41.52,UPI
ORD09974,2023-06-11,6,June,23,DMart-Pune-3,Pune,Dairy,Tissue,2,388,0.24,589.76,136.95,UPI
ORD09975,2023-07-20,7,July,29,DMart-Nashik-2,Nashik,Personal Care,Soap,2,125,0.17,207.5,52.53,Wallet
ORD09976,2023-02-21,2,February,8,DMart-Pune-2,Pune,Personal Care,Coffee,5,336,0.16,1411.2,300.27,UPI
ORD09977,2023-10-01,10,October,39,DMart-Pune-3,Pune,Groceries,Sugar,4,25,0.06,94.0,11.42,Card
ORD09978,2023-01-15,1,January,2,DMart-Nagpur-3,Nagpur,Personal Care,Tea,3,83,0.0,249.0,58.32,Wallet
ORD09979,2023-09-17,9,September,37,DMart-Nashik-1,Nashik,Groceries,Tea,4,461,0.19,1493.64,167.1,UPI
ORD09980,2023-04-26,4,April,17,DMart-Mumbai-1,Mumbai,Dairy,Tissue,1,429,0.01,424.71,93.45,Cash
ORD09981,2023-11-15,11,November,46,DMart-Mumbai-3,Mumbai,Groceries,Oil,5,162,0.23,623.7,127.94,Cash
ORD09982,2023-12-18,12,December,51,DMart-Nagpur-3,Nagpur,Household,Water,1,198,0.18,162.36,47.68,Card
ORD09983,2023-08-25,8,August,34,DMart-Pune-2,Pune,Household,Eggs,2,286,0.21,451.88,79.98,Wallet
ORD09984,2023-11-05,11,November,44,DMart-Mumbai-1,Mumbai,Personal Care,Rice,1,344,0.0,344.0,76.59,UPI
ORD09985,2023-04-30,4,April,17,DMart-Nagpur-3,Nagpur,Dairy,Detergent,2,490,0.21,774.2,208.63,UPI
ORD09986,2023-04-04,4,April,14,DMart-Nagpur-2,Nagpur,Beverages,Soap,4,128,0.1,460.8,76.11,UPI
ORD09987,2023-08-27,8,August,34,DMart-Mumbai-1,Mumbai,Beverages,Wheat,2,333,0.24,506.16,115.18,Cash
ORD09988,2023-10-06,10,October,40,DMart-Pune-3,Pune,Personal Care,Tissue,1,97,0.13,84.39,18.85,Wallet
ORD09989,2023-09-12,9,September,37,DMart-Nagpur-3,Nagpur,Personal Care,Water,4,392,0.17,1301.44,367.91,Wallet
ORD09990,2023-03-04,3,March,9,DMart-Pune-1,Pune,Groceries,Eggs,3,282,0.26,626.04,181.86,Wallet
ORD09991,2023-03-09,3,March,10,DMart-Pune-3,Pune,Groceries,Rice,4,220,0.06,827.2,104.24,Wallet
ORD09992,2023-09-18,9,September,38,DMart-Nashik-1,Nashik,Personal Care,Tissue,4,201,0.09,731.64,146.53,UPI
ORD09993,2023-07-25,7,July,30,DMart-Thane-3,Thane,Groceries,Tea,1,240,0.18,196.8,47.27,Wallet
ORD09994,2023-07-03,7,July,27,DMart-Nashik-3,Nashik,Groceries,Rice,5,131,0.02,641.9,168.41,Card
ORD09995,2023-11-28,11,November,48,DMart-Pune-3,Pune,Beverages,Wheat,5,124,0.17,514.6,51.71,UPI
ORD09996,2023-02-05,2,February,5,DMart-Pune-3,Pune,Groceries,Biscuits,3,25,0.22,58.5,12.08,UPI
ORD09997,2023-06-04,6,June,22,DMart-Pune-3,Pune,Beverages,Tissue,5,354,0.09,1610.7,414.31,Card
ORD09998,2023-07-23,7,July,29,DMart-Nagpur-3,Nagpur,Beverages,Sugar,1,488,0.23,375.76,70.75,Card
ORD09999,2023-04-22,4,April,16,DMart-Pune-1,Pune,Personal Care,Tea,1,34,0.24,25.84,5.28,UPI
